{"118d2bf3-ab8b-425f-b8e2-54baa2676908": {"case_id": "220e63ec-6ed2-4812-9e35-4e29ca5b569e", "opinion_id": "c37f8d36-b1c9-4e44-81d5-3bb8cffb2961", "text": "Having determined that the works were essentially arrangements of the letter “C,” defendant noted that letters, mere variations of letters, and familiar symbols cannot be copyrighted. A.R. 1, Ex. 1 at 3-4 (citing 37 C.F.R. § 202.1(a) and Compendium of Copyright Office Practices, Compendium II, § 503.02(a)).", "position": 22}, "6739f981-896b-4aba-9e5c-c0f8f56e9f47": {"case_id": "7fb5a76f-daec-415b-8079-6350bfa5e32a", "opinion_id": "19c92b46-6b6f-4c5f-bb81-369ce7c94bca", "text": "“It is manifest that the symbol or representation of a star cannot by its own meaning indicate the origin or ownership of such an article as oil. It can only, then, be by association that its origin or ownership can be so indicated. But the representation of a star is a familiar symbol, and can be found in every character of business and associated with all kinds of products and goods. Standing alone, it is not sufficiently distinctive to answer the requirements of a trade-mark, for the reason that it has been adopted by many manufacturers and producers for all kinds of articles. It can be found all through the Patent Office Gazette, but always in connection with some other mark or device to indicate origin or ownership.”", "position": 18}, "f2eae42b-6296-4c44-ae80-a5f14caec0dc": {"case_id": "71e8d6c9-ddb3-4451-b32f-f70d30d19eb1", "opinion_id": "229f59ea-0603-4566-a39f-4f9eafd37c6f", "text": "Not all elements of a work are protecta-ble by copyright. For that reason, the Court must filter out a work’s unprotected elements before addressing the substantial similarity of an allegedly infringing work. See Frye v. YMCA Camp Kitaki, 617 F.3d 1005, 1008-09 (8th Cir. 2010) (assessing substantial similarity only after “filtering out” elements not protected by copyright). The exclusions from copyright protection begin with the Copyright Act itself, in which Congress provided that “[i]n no case does copyright protection ... extend to any idea, procedure, process, system, method of operation, concept, principle, or discovery, regardless of the form in which it is described, explained, illustrated, or embodied” in a work. 17 U.S.C. § 102(b). In addition to this main exclusion, federal regulation provides that “[w]ords and short phrases such as names, titles, and slogans; familiar symbols or designs; [and] mere variations of typographic ornamentation, lettering or coloring” are also not protected. 37 C.F.R. § 202.1.", "position": 31}, "ae31f155-80a6-46c2-b112-63d2e83201c0": {"case_id": "95a52130-5371-4cdd-a9ba-7059cccc70a2", "opinion_id": "bac457d0-8dc5-4ffd-95de-393aaeaa8ee4", "text": "6 . \"The anarchist movement represents a range of groups, from organized and primarily nonviolent groups like the Industrial Workers of the World to loosely knit and more extremist splinter groups....” Ruth Tei-chroeb, Fringe Anarchists in Middle of Violent Demonstrations, Seattle Post-Intelligencer, Dec. 1, 1999, at A15. The \"anarchist” symbol consists of the letter “A” in a circle, and the symbol \"is one of the most familiar symbols of anarchism and represents the slogan 'Anarchy Is Order.' \" Id.", "position": 249}, "ecb3ed33-34c3-40c7-a785-3f6ba6d35df3": {"case_id": "7996ec5f-299b-401f-ad92-1f089bd72425", "opinion_id": "6f9f2c33-89e4-42f9-a8c8-e6e20e344f32", "text": "The Park Service described the traditional symbols depicted in the Pageant as “the National Christmas Tree, the smaller trees representing the various states, District of Columbia and the territories, a burning yule log, a pen of live reindeer and a traditional creche.” November 10 letter. This is consistent with the description in the Policy Statement: “This event provides the park visitor an opportunity to view the lighting of the National Christmas tree, attend musical presentations and visit the yuletide displays.” 46 Fed.Reg. 55,959, 55,962 (1981). The copious judicial history of the Pageant makes repeated references to the Park Service’s longstanding use of traditional and familiar symbols in the Pageant. See, e.g., Women Strike for Peace v. Hickel, 420 F.2d 597, 601-02 (D.C.Cir.1969); Allen v. Hickel, 424 F.2d 944, 948-49 (D.C.Cir.1970); Women Strike for Peace v. Morton, 472 F.2d 1273, 1293-94 (D.C.Cir.1972); Allen v. Morton, 495 F.2d 65, 78-79 (D.C. Cir.1973) (Leventhal, J., concurring). The Park Service determined that CCNV’s sculpture was not a traditional symbol. This determination is supported by a comparison of the scene depicted by the sculpture — a contemporary homeless family huddled over a steam grate — with the commonplace Christmas scenes described above.", "position": 18}, "500d7731-e467-4115-9f13-3ecefb086227": {"case_id": "7996ec5f-299b-401f-ad92-1f089bd72425", "opinion_id": "6f9f2c33-89e4-42f9-a8c8-e6e20e344f32", "text": "Moreover, CCNV’s own descriptions of the sculpture support' this 'conclusion. CCNV’s application letters stated that the sculpture, “a modern manifestation of the original Christmas scene,” Letter from Mitch Snyder to Regional Director, National Park Service (Oct. 14, 1988), “is plainly not a' traditional depiction of the Christ child ... ,” Letter from Mitch Snyder to Sandra Alley (Nov. 1, 1988). The Park Service adhered to the theme and format of traditional depictions of familiar Christmas symbols and determined that CCNV’s sculpture was not such a familiar symbol, but was a novel and unconventional symbol. The Park Service is the sponsor of the Pageant and is the agency responsible for planning the event and for deciding who may participate. The Administrative Procedure Act does not empower either this Court or the District Court to substitute its judgment for that of the agency. Motor Vehicle Mfrs. Ass’n, 463 U.S. at 43, 103 S.Ct. at 2866. The sculpture may poignantly depict the Christmas message of charity and goodwill toward men in a manner that, emphasizes the plight of the neediest in America today. We cannot, however, conclude that the Park Service abused its discretion or acted in an arbitrary and capricious fashion when it determined that, without regard to its message, CCNV’s sculpture was not a customary Christmas symbol that accorded with the theme and format of the Christmas Pageant of Peace.", "position": 19}, "ff50c029-2fe4-469a-a197-0275cc1989ae": {"case_id": "9653d524-0cc7-481c-85f3-93921a0884fd", "opinion_id": "74a87669-159c-4e0d-acd1-7526a6382c56", "text": "Plaintiffs argument for substantial similarity also fails. In general, copyright protection does not extend to “[w]ords and short phrases such as names, titles, and slogans; familiar symbols or designs; [and] mere variation of typographic orientation, lettering, or coloring.” 37 C.F.R. § 202.1; see, e.g., Arvelo v. American Int’l Ins. Co., 875 F.Supp. 95, 100, 101 (D.P.R.), aff'd, 66 F.3d 306, 1995 WL 561530 (1st Cir.1995) (holding that two words in copyrighted advertising campaign did not receive full protection, were not a substantial portion of the advertising campaign, and could not be protected once removed from the advertising campaign’s context). Plaintiff alleges that RCA used the “Chipper” name and label with a similar “concave outer border design” in a caption. Objection, at 18. Plaintiff, however, provides no other allegations or evidence of additional copyright or trademark protection other than the original copyright protecting the “Chipper” comic strip as a whole. I therefore conclude that Plaintiff has failed to state a claim for copyright infringement of the “Chipper” name and label.", "position": 27}, "62c58731-d844-49af-861f-c0f694f54114": {"case_id": "94c89ed0-c935-479e-a0e0-4e0ff8ece74f", "opinion_id": "9db7313c-68aa-40d2-b20c-22f49a2f87f2", "text": "The level of creativity necessary and sufficient for copyrightability has been described as “very slight,” “minimal,” “modest.” See, e.g., West Publishing Co., 799 F.2d at 1223; Thomas Wilson & Co. v. Irving J. Dorfman Co., 433 F.2d 409, 411 (2d Cir.1970), cert. denied, 401 U.S. 977, 91 S.Ct. 1200, 28 L.Ed.2d 326 (1971); 1 M. Nimmer & D. Nimmer, Nimmer On Copyright §§ 1.08[C][1], 2.01[B][1] (1989). In defense of the judgment that BREAKOUT does not pass the “modest” creativity threshold, appellate counsel for the Register pointed to the Copyright Office regulation providing that “familiar symbols or designs” and “mere variations of typographic ornamentation, lettering or coloring” are not subject to copyright. 37 C.F.R. § 202.1. Again, we are concerned that the Register’s attention may have trained dominantly on components, not on the work as a whole — the full “series of related images.” 17 U.S.C. § 101 (defining “audiovisual works”); see supra pp. 879-80, 882-83.", "position": 42}, "305e64d9-b89e-4977-99a3-129a3c84d405": {"case_id": "0fc921f1-2c2b-46ab-b674-9b937e13417a", "opinion_id": "a41cc9eb-a230-4ec3-9b3d-56290d316a32", "text": "(a) Words and short phrases such as names, titles, and slogans; familiar symbols or designs; mere variations of typographic ornamentation, lettering or coloring; mere listing of ingredients or contents;\n(b) Ideas, plans, methods, systems, or devices, as distinguished from the particular manner in which they are expressed or described in a writing;\n(c) Blank forms, such as time cards, graph paper, account books, diaries,. hank checks, scorecards, address books, report forms, order forms and the like, which are designed for recording information and do not in themselves convey information;\n(d) Works consisting entirely of information that is common property containing no original authorship, such as, for example: Standard calendars, height and weight charts, tape measures and rulers, schedules of sporting events, and lists or tables taken from public documents or other common sources.", "position": 119}, "c61d98f5-3abf-4ed6-b9ff-45013da732fc": {"case_id": "4baa12b8-33e1-4785-aea3-243409212c5d", "opinion_id": "f8d12d2a-39a4-4867-b90c-1778c1cb74dc", "text": "15 . USOC’s charter also grants it the exclusive use of the word \"Olympiad,” the motto \"Citius Altius Fortius,” the familiar symbol of the International Olympic Committee — five interlocking rings — and the less familiar symbol of USOC— an escutcheon with a blue chief, red and white vertical bars on the base, and the five interlocking rings on the chief. See 36 U.S.C. § 380(c).", "position": 111}, "3b1be5e9-773e-4176-974b-2a7d0ff952e8": {"case_id": "569ef05f-dd53-482f-9155-e11c99d215cf", "opinion_id": "29cd8cd8-a4b2-48fc-9c02-6ae9a13dd866", "text": "Passing now to the court’s ruling, it correctly determined that the alphabet is in the public domain, a finding plaintiffs do not dispute. Nor could they object, considering the applicable regulations provide no copyright protection for “familiar symbols or designs” or “mere variations of ... lettering.” 37 C.F.R. § 202.1(a) (2000).", "position": 24}, "669b9237-f33f-46c8-b0bf-66322e65ad38": {"case_id": "2ae8a590-8f1b-4e35-8a9a-77995622b3f5", "opinion_id": "dd0b2856-21e3-4919-a629-ac881f1a1987", "text": "14 . Of course, RFMAS may not claim to hold a copyright for the use of geometric forms in a necklace. See William S. Geiger Corp. v. Gigi Accessories, Inc., No. 97 Civ. 5034, 1997 WL 458668, at *2 (S.D.N.Y. Aug. 11, 1997) (\"plaintiff has no right to copyright ... a common geometrical shape'1); 47 C.F.R. § 202.1(a) (\"familiar symbols or designs” are not subject to copyright protection). However, RFMAS may seek protection for the specific way it arranged the components of the Stella designs. See Folio, 937 F.2d at 765 (\"Hence, what is protected in this case is the Folio Rose itself and the way in which that rose is arranged; the copyright umbrella does not cover the idea of arranging roses generally in a straight line pattern.”).", "position": 304}, "01c40d5e-d4b3-41cc-91b1-f0bc4c3bcf8b": {"case_id": "3e65fbac-b358-4d79-b801-fe83da33d258", "opinion_id": "810a1116-8453-4629-8176-810df65a4c3f", "text": "Copyright does not extend to ideas, concepts, systems, or the methods that are embodied in the author’s work. See 17 U.S.C. 102(b). In addition, familiar symbols or designs, typographic ornamentation, lettering, coloring and mere variations thereof are not copyrightable. See 37 C.F.R. Section 202.1.", "position": 11}, "a72583fa-14f2-4ad6-8023-0fa43be1edfd": {"case_id": "3e65fbac-b358-4d79-b801-fe83da33d258", "opinion_id": "810a1116-8453-4629-8176-810df65a4c3f", "text": "The Copyright Office issued a copyright registration for Plaintiffs Spring 2006 catalog which included Regatta sailboat sculptures. The certificate of registration was given number VA 1-427-637 (’637 registration). The catalog described the sculptures as “Regatta tea lights in basic white and with new multi-colored sails.” In a letter dated November 2, 2006, the Copyright Office noted that many of the sculptures in Plaintiffs catalogs were “uncopyrightable useful articles.” In addition, in a letter dated July 2, 2007, the Copyright Office stated that “[c]opyright does not protect familiar symbols or designs; basic geometric shapes; words and short phrases such as names, titles, and slogans; or mere variations of typographical ornamentation, lettering or coloring.” This letter also stated that “the design of a ‘useful article’ is considered a pictorial, graphic, or sculptural work ‘only if, and only to the extent that, such design incorporates pictorial, graphic, or sculptural features that can be identified separately from, and are capable of existing independently of, the utilitarian aspects of the article.’ ” The letter stated that “much of the pictorial and sculptural material in these catalogs is not registrable.”", "position": 15}, "1b68c0aa-9a1a-492d-98fb-7091c943f6ab": {"case_id": "3e65fbac-b358-4d79-b801-fe83da33d258", "opinion_id": "810a1116-8453-4629-8176-810df65a4c3f", "text": "This court has carefully reviewed all of the exhibits provided by the parties, including the actual sherbet-colored Regatta sculptures submitted as a conventional exhibit by Plaintiff. In conducting its review, this court has given deference to the opinions of the Copyright Office which concluded that the sculptures are useful items and, even if separable from their useful function, not sufficiently creative to warrant copyright registration. The Copyright Office has stated that copyright does not protect familiar symbols or designs and that the design of the Regatta sculptures is overly simplistic and merely depicts common sail imagery. The Copyright Office also stated that the “dual-sails designs are not adequately distinguishable from what we would consider to be fairly stock, familiar interpretations of dual-sails.”", "position": 60}, "3613d46b-8c4c-400c-ac37-f837ca390182": {"case_id": "c1102a1c-0f87-4032-9892-37c40c942cf8", "opinion_id": "f3aa643a-4dda-4d8c-a88b-6d24970ad324", "text": "As documented above, there are some minor similarities between the two mailers. Viewed on the whole, however, these similarities are not “substantial,” but rather reflect the types of similarities one would expect to see in any direct mailer received from any television station. Even to the extent that there are objectively discernable similarities between Exhibits O and E, such similarities are of “ideas” or other elements that are not copyrightable. See 17 U.S.C. § 102 (“In no case does copyright protection for an original work of authorship extend to any idea, procedure, process, system, method of operation....”); Country Kids ‘N City Slicks, Inc. v. Sheen, 77 F.3d 1280, 1284 (10th Cir.1996) (“[Liability for copyright infringement will attach only where protected elements of a copyrighted work are copied.”). For example, the fact that both mailers use similar language advertising the respective sweepstakes, such as “Watch & Win,” is not copyrightable. See 37 C.F.R. § 202.1(a) (expressly excluding from copyright protection “[w]ords and short phrases such as names, titles, and slogans, familiar symbols or designs”); Perma Greetings, Inc. v. Russ Berrie & Co., Inc., 598 F.Supp. 445, 448 (E.D.Mo. 1984) (“Cliched language, phrases and expressions conveying an idea that is typically expressed in a limited number of stereotypic fashions, [sic] are not subject to copyright protection.”). Likewise, the use of blank forms, such as the “checks” in the mailers are not copyrightable. See 37 C.F.R. § 202.1 (excluding from copyright protection “[b]lank forms, such as time cards, graph paper, account books, diaries, bank checks, scorecards, address books, report forms, order forms and the like, which are designed for recording information and do not in themselves convey information).” The envelopes with the instruction to “Mail today and win!” are not copyrightable expressions. See Magic Mktg., Inc. v. Mailing Servs. of Pittsburgh, Inc., 634 F.Supp. 769, 772 (W.D.Pa. 1986) (holding that envelopes with instructions or directions for use are not copyrightable). The size of a mailer chosen is not in itself copyrightable. See CMM Cable Rep., Inc. v. Ocean Coast Props., Inc., 879 F.Supp. 132, 137 (D.Me.1994) (finding that the choice of a particular size mailer for direct mailings cannot be copyrighted under the theory that “when a particular topic permits only a limited number of ways to articulate it, copyrighting one of those versions will not protect it”) (citing Morrissey v. Procter & Gamble Co., 379 F.2d 675, 678-79 (1st Cir.1967)).", "position": 276}, "4327e4bf-227d-40cc-abf3-ba671ca8fc75": {"case_id": "33b93f30-24d2-4f69-8327-46a4ac1013d0", "opinion_id": "88df62a1-32de-48b4-99fc-55fdf8784751", "text": "Familiar symbols or designs are not entitled to copyright protection. 37 C.F.R. § 202.1 (1990). Insofar as a shape is in the public domain, (circles, squares, rectangles and ellipses) no copyright may be claimed whether or not it is integrated into a utilitarian article. 1 Nimmer on Copyright, § 2.08[B] at 2-103-04 n. 115.2 (1978). The individual elements of DBC’s designs, such as the marquise stones, the trillions and the knife-edged shank, are each separately well-known in the jewelry trade before DBC’s creation of the rings at bar. Furthermore, DBC’s gestalt theory that the whole is greater than the sum of its parts is rejected by the great weight of evidence indicating that these two rings are, on the whole, not exceptional, original, or unique.", "position": 15}, "44cda124-473a-46a3-8812-710fc74b92fc": {"case_id": "4196e654-6ed9-42dd-8958-a94a3611af73", "opinion_id": "ffe674a5-5724-46bd-a552-2411a4b78851", "text": "The Copyright Office’s own interpretive regulations explicitly embrace this rule of non-copyrightability. See 37 C.F.R. § 202.1(a) (1994) (excluding from copyright protection “[w]ords and short phrases such as names, titles, and slogans” and “familiar symbols and designs”).", "position": 87}, "fad0060d-bc55-49cb-9967-6ee9435c771e": {"case_id": "4196e654-6ed9-42dd-8958-a94a3611af73", "opinion_id": "ffe674a5-5724-46bd-a552-2411a4b78851", "text": "Thus, while the parties are essentially operating the same promotion, and while WPOR may well have decided to “copy” the ideas underlying CMM’s promotion, WPOR’s supporting materials do not constitute actionable copying to the extent that the similarities arise from uncopyrightable elements, such as the unoriginal employment metaphor or de minimis phraseology, or involve standard “how to” features of a direct mail radio promotion. Because the basis of CMM’s infringement claim regarding the supporting materials boils down to alleged copying of uncopyrightable similarities, the district court properly granted summary judgment. This conclusion is not altered by CMM’s claim that WPOR’s access to other CMM brochures remained a genuine disputed fact. In its Reply Brief, CMM compares its KTK brochure with WPOR’s newspaper advertisement, pointing out that its KTK brochure contains a time clock similar to that in WPOR’s advertisement, suggesting copying by WPOR of, among other elements, that image. Even assuming, without deciding, that access remained a disputed fact or that WPOR had access to the KTK brochure, we would nonetheless affirm the district court’s grant of summary judgment on the supporting materials. Not only is the image of the time clock an uncopyrightable familiar symbol used to express the unoriginal employment phraseology to “get on the clock,” the time clocks themselves are not substantially similar. To the ordinary observer, see Concrete Machinery, 843 F.2d at 608-09, CMM’s clock is a small stand-alone clock which has two minute hands suggesting movement. Under the face of the clock, it has a slot in which there is a time card sticking out containing a dollar sign. In contrast, WPOR’s clock is a larger clock’s face with only one stationary minute hand. Also, instead of being a stand-alone image, WPOR’s clock is a large background image over which the brochure’s and advertisement’s text is printed.", "position": 102}, "376c36a2-1029-4d6e-9093-d0266d3af6d9": {"case_id": "4196e654-6ed9-42dd-8958-a94a3611af73", "opinion_id": "ffe674a5-5724-46bd-a552-2411a4b78851", "text": "However, there is no copyrightable interest in the numerals, “1, 2, and 3;” the accumulating jackpot idea; the work or employment metaphor; short ordinary phrases like the radio contest rules or registering by filling out a form, or requiring someone to tune in and listen, or to participate by calling in on the telephone or by facsimile; familiar symbols or designs; or mere variation of typographic ornamentation, lettering or coloring.", "position": 111}, "84441694-deae-4340-8663-bf71eef28a8d": {"case_id": "1413e063-0b19-43ff-81bf-5f39b0bbad40", "opinion_id": "eb9a1ed0-affd-46da-8ace-c6d5623a3795", "text": "The most noticeable difference between the two pieces, in fact, is the inclusion of the heart shape in defendant’s work. In this regard, the Court notes that the Copyright Office’s position that the familiarity of the heart shape renders its addition to plaintiffs piece insufficiently original is highly persuasive evidence that the heart in defendant’s piece does not render it dissimilar to plaintiffs original design. See also 37 C.F.R. § 202.1(a) (stating that “familiar symbols or designs” are not subject to copyright). Although defendant’s heart is rendered slightly asymmetrical in order to evoke the image of an embrace, the shape is still easily recognizable as a heart. Defendant argues that the heart in its piece renders it dissimilar because plaintiffs original piece, by contrast, is meant to suggest the image of a womb. The Court does not wish to delve into the realm of art criticism; however, the Court believes that it is quite apparent that whatever else plaintiffs original piece represents, the circular shape is clearly intended to depict an embrace. The heart in defendant’s work is similarly intended to portray an embrace. Given the substantial similarities between the works, and the fact that the only real difference is defendant’s addition of a heart, which in plaintiffs case the Copyright Office found insufficiently original to warrant a new registration, the Court concludes that plaintiff has established a substantial similarity between its copyrighted work and defendant’s work.", "position": 40}, "d210b52b-afea-4aab-b7ff-68f4a7d085ee": {"case_id": "68e41e53-7166-496b-8abf-614399a30e35", "opinion_id": "2160f512-819d-4f4a-9ca8-9dd86d018643", "text": "Section 102 of title 17 of the United States Code makes clear that copyright protection does not “extend to any idea, procedure, process, system, method of operation, concept, principle, or discovery.” 17 U.S.C. § 102(b). And defendant is correct that 37 C.F.R. § 202.1(a) provides a list of materials that are not considered to be subject to copyright. See Def.’s Cross-Mot. 6. These materials include “[wjords and short phrases such as names, titles, and slogans; familiar symbols or designs.” 37 C.F.R. § 202.1(a) (2011). If the issue were whether defendant had copied only the categorical titles of the six mentor objectives, the court would be inclined to agree with defendant that no infringement would be possible. See id. But where the categorical titles are part of a larger work, i.e., PAMI, in which a substantial portion of the expression appears to be copied, this determination is immaterial. Defendant’s argument is irrelevant to the court’s determination of how many works were infringed for the purpose of statutory damages.", "position": 112}, "c3f070f5-54f5-443c-a3cb-9ab072c2681d": {"case_id": "50a131d2-1992-4c6d-b3f7-2699fd47636a", "opinion_id": "169cf9b6-d58a-4490-9da7-333f6b29c68a", "text": "1 . Since, as described below, we compare the designs of Knitwaves' and Lollytogs’ sweaters as a whole, we need not rule here on Lollytogs’ contention that the background stripes of Knit-waves’ Leaf Sweater, taken alone, would be un-copyrightable. We note only that stripes, if complex enough, have been found to possess the modicum of creativity required for copyright protection. See Stevens Linen Assocs., Inc. v. Mastercraft Corp., 208 U.S.P.Q. 669, 670 (S.D.N.Y.1980) (copyright was valid for woven fabric made of complex stripes); Couleur Int’l Ltd. v. Opulent Fabrics, Inc., 330 F.Supp. 152, 153 (S.D.N.Y.1971) (design based on repetition of six stripes found copyrightable); cf. Ion Woods Fashions Inc. v. Curran, 8 U.S.P.Q.2d 1870, 1871-72, 1988 WL 38585 (S.D.N.Y.1988) (combination of stripes and grid found uncopyrightable as \"familiar symbols or designs” lacking in originality) (quoting 37 C.F.R. § 202.02(a)).", "position": 108}, "31c7e313-9521-4e9d-ab82-90ae82973134": {"case_id": "72d2ecf9-2c24-44e3-8f1d-b66f3b6649eb", "opinion_id": "33b0af6a-6418-4882-9c0d-a8abaefa5c4d", "text": "10 . See 37 C.F.R. § 202.1 (denying registration to \"[w]ords and short phrases such as names, titles, and slogans; familiar symbols and designs; mere variations of typographic ornamentation, lettering or coloring; mere listing of ingredients or contents.”) (emphasis added).", "position": 130}, "de4128ed-d984-4cf2-9b6d-d64f0f3c57ac": {"case_id": "9dfbd1df-25f8-4978-b71c-c37eeca24bf2", "opinion_id": "e2a9b0dc-2e77-4a52-aece-6a3fbbbe0e7d", "text": "This conclusion rested in part on an interpretation of Copyright Office regulations which preclude copyright registration of “[w]ords and short phrases such as names, titles, and slogans; familiar symbols or designs; mere variations of typographic ornamentation, lettering or coloring....” 37 C.F.R. § 202.1(a) (1987). Finally, the Register reviewed and distinguished cases referenced by Atari which upheld the copyrightability of other video games.", "position": 15}, "9c31fc13-8e5e-488e-bc76-4d4b7c990c3d": {"case_id": "249b21d0-5ee2-42ee-b0d3-e1c49f69cc20", "opinion_id": "4aaa18d1-59b1-40f1-9e73-d7c6a8135148", "text": "Defendant contends that because Spy Notes is a parody it constitutes an artistic expression and is therefore afforded protection under the First Amendment. Parodies, as a form of political, social or artistic impression, generally enjoy the protections of the free speech clause of the first amendment. See Hustler Magazine v. Falwell, 485 U.S. 46, 108 S.Ct. 876, 99 L.Ed.2d 41 (1988) (parody of advertisement); L. L. Bean. Inc. v. Drake Publishers, Inc., 811 F.2d 26, 34 (1st Cir.), cert. denied, 483 U.S. 1013, 107 S.Ct. 3254, 97 L.Ed.2d 753 (1987) (parody of L.L. Bean catalog); Berlin v. E. C. Publications, Inc., 329 F.2d 541, 544 (2d Cir.), cert. denied, 379 U.S. 822, 85 S.Ct. 46, 13 L.Ed.2d 33 (1964) (parody of songs). Defendant argues that a trademark, “like any other familiar symbol in our society, is fair game for parody.” Defendant’s Memorandum at 20. While it is true that trademarks may be parodied, see L.L. Bean, supra, 811 F.2d at 33-34, the Court disagrees with defendant’s general theory that the first amendment gives the parodist unbridled freedom to use a registered trademark as part of a parody or satire.", "position": 13}, "23ce14ae-cd1e-4aac-bf15-c001e0c11eea": {"case_id": "16a686f1-c0af-4938-a74a-61b35a3b0769", "opinion_id": "ed2331d8-d88d-41cd-a2b3-576b4723a354", "text": "(a) Words and short phrases such as names, titles, and slogans; familiar symbols or designs; mere variations of typographic ornamentation, lettering or coloring; mere listing of ingredients or contents....", "position": 56}, "434e159e-d6bc-451f-bee9-5012232e7267": {"case_id": "e53cd428-13d9-49ae-a676-9d3c966ee0d0", "opinion_id": "9a068e39-8f35-410c-b793-afebd7fe216b", "text": "The Copyright Office addressed both the visual character and the “tactility” or feel of the KOOSH ball. As to the former, the examiners regarded the KOOSH ball as a familiar symbol or design; the ball’s filaments, the Chief of the Examining Division said, “basically define a sphere, and there is no copyrightable authorship in producing such a familiar shape.” Letter dated September 15, 1988 to counsel for OddzOn from Harriet L. Oler, Chief, Examining Division, Copyright Office. The feel of the object was comprehended by the examiners as a functional part of the work, and therefore not a basis for registration. As stated by the Chief of the Examining Division: “[W]e cannot register a claim in ... the way a work functions, because Congress did not authorize protection for the functional aspects of articles.” Id.", "position": 5}, "95acfb77-d2ee-49ef-8093-28abb4b87511": {"case_id": "381c4c94-594c-47da-abb8-35888a0a9fd4", "opinion_id": "0058d65a-1770-4bc1-b4ec-15c47c9e27eb", "text": "3 . Examples of works that lack a minimal degree of creativity include works consisting of “familiar symbols or designs.” 37 C.F.R. § 202.02(a).", "position": 108}, "abf4cf33-5b3f-4c91-97d6-fc431c36795f": {"case_id": "afb8be9f-081a-4a98-a5af-999c32a96313", "opinion_id": "d41cd642-461a-448a-b147-8758822f8568", "text": "Words and short phrases such as names, titles, and slogans; familiar symbols or designs; mere variations of typographic ornamentation, lettering or coloring; mere listing of ingredients or contents.", "position": 13}, "7aa55d8a-6e3a-4e41-9677-9a566ac6b6ec": {"case_id": "2b9b4c20-750f-40c6-aa7d-4569ecb38716", "opinion_id": "43f5fdb4-5709-47ab-96f4-74edae9b368a", "text": "Defendants argue that plaintiffs hand-drawn design lacks the -requisite originality to qualify for copyright protection. The crux 6f defendant’s argument is that because the design consists of common words and familiar symbols within the public domain, both of which are not copyrightable, plaintiffs design is not original and, therefore the copyright infringement claim must be dismissed. Although it is a close question, the Court finds that plaintiffs selection and arrangement of the non-copyrightable elements of the design possess ;at least some degree .of creativity. Because plaintiff has also- pleaded that she independently created the design, ■ the Court finds that the design is sufficiently original to survive the motion to dismiss.", "position": 62}, "e46e1e5a-42bf-4972-a2d5-45853835982c": {"case_id": "2b9b4c20-750f-40c6-aa7d-4569ecb38716", "opinion_id": "43f5fdb4-5709-47ab-96f4-74edae9b368a", "text": "Plaintiff does not allege that any of the individual elements of her design' are original. The individual elements of her design consist of the words “Hi” and “bye,” as well as familiar smiley and frowning faces that many children have drawn (and tweens have texted). Common phrases and familiar designs are ordinarily not entitled to copyright protection. See 37 C'.F.R. § 202.1(a) (stating that “[w]ords and short phrases such as names, titles, and slogans; familiar symbols or designs; mere variations of typographic ornamentation, lettering or coloring” are not subject to copyright); Edwards v. Raymond, 22 F.Supp.3d 293, 298-99 (S.D.N.Y.2014) (“It is well established that common phrases are not eligible for copyright protection.”), appeal dismissed (July 28, 2014); William S. Geiger Corp. v. Gigi Accessories, Inc., No. 97 Civ. 5034, 1997 WL 458668, at *2 (S.D.N.Y. Aug. 11, 1997) (“plaintiff has no right to copyright ... a common geometrical shape”); cf. Nikon, Inc. v. Ikon, Corp., No. 89 CIV.6044(KMW)(NG), 1992 WL 114509, at *5 (S.D.N.Y. May 1, 1992) (noting that a smiley face graphic design is “ubiquitous in commerce, appearing on items as diverse as wrapping paper and undershorts”).", "position": 67}, "848c5acf-ff82-47b4-8ec4-70d8c0d1b444": {"case_id": "552cd6fc-99f6-49f1-aec8-289e1d593d16", "opinion_id": "3b8c272d-5458-4f25-918c-fa0a8e78b896", "text": "Second, Boisson v. Banian, Ltd., 273 F.3d 262 (2d Cir.2001), affirmed that “the alphabet is in the public domain” because “copyright protection does not apply to ‘familiar symbols or designs’ or ‘mere variations of ... lettering.’ ” Id. at 269 (quoting 37 C.F.R. § 202.1(a) (2000)). AMP would have the Court find that stick figure drawings, made entirely of simple and familiar symbols, are similarly not protectable. Boisson, which addressed the copyrightability of the alphabet in particular, does not bar copyright protection from applying to original compositions composed of a unique combination of basic symbols, designs or letters. To find otherwise would create an exception to copyright protection that would quickly swallow the rule because any creative work could be broken down into its most basic, potentially unprotectable, components. See Knitwaves, 71 F.3d at 1003 (“if we took this argument to its logical conclusion, we might have to decide that there can be no originality in a painting because all colors of paint have been used somewhere in the past.”).", "position": 27}, "d8969f18-8a50-459e-b9ec-fcf46f5f1bef": {"case_id": "7ebbab0c-6e37-4263-baf7-7a95aebf2dd1", "opinion_id": "cf1bbfb8-14e4-476e-b8ed-f9a5854bf074", "text": "If the answer to either question is yes, then the costume is inherently distinctive unless the costume is nothing more than a common depiction of a familiar symbol that preexisted the costume.", "position": 85}, "c440b2de-d1aa-4845-8a74-2fc2c9956b5e": {"case_id": "8a5e17fb-cee4-4446-845c-aecea182dc09", "opinion_id": "fba3f71d-a0a1-463a-af6b-6ce52d4c3303", "text": "The Copyright Office established a regulation providing examples of the types of works that fall into the category of works that lack a minimum level of creativity and do not and do not qualify for copyright protection, including “[w]ords and short phrases such as names, titles, and slogans; familiar symbols or designs; mere variations of typographic ornamentation, lettering or coloring; mere listing of ingredients or contents.” 37 C.F.R. § 202.1(a).", "position": 83}, "341e5334-0f23-42c8-bf55-d2ef3b30b802": {"case_id": "d757944d-9bee-43aa-8dfc-5c46fe9f970d", "opinion_id": "92d84feb-5c55-4d9c-b3ca-02ce239a4d89", "text": "This issue makes it necessary to consider the nature of a trademark. What is it? It has been determined that to acquire the right to the exclusive use of a name, device, or symbol as a trade-mark, it must appear that it was adopted for the purpose of identifying the origin or ownership of the article to which it is attached, or that such trade-mark must point distinctly, either by itself or by association, to the origin, manufacture, or ownership of the article on which it is stamped. It must be designed, as its primary object and purpose, to indicate the owner or producer of the commodity, and to distinguish it from like articles manufactured by others. Columbia Mill Co. v. Alcorn, 150 U. S. 460, 463, 14 Sup. Ct. 151, 37 L. Ed. 1144. It is manifest that the symbol or representation of a star cannot by its own meaning indicate the origin or ownership of such an article as oil. It can only, then, be by association that its origin or ownership can be so indicated. But the representation of a star is a familiar symbol, and can be found in every character of business and associated with all kinds of products and goods. Standing alone, it is not sufficiently distinctive to answer the requirements of a trade-mark, for the reason that it has been adopted by many manufacturers and producers for all kinds of articles. It can be found all through the Patent Office Gazette, but always in connection with some other mark or device to indicate origin or ownership. The symbol or device which one is at liberty to affix to a product of his own manufacture as a trade-mark must be one not previously appropriated, and which will distinguish the article from one of the same general nature manufactured or sold by others. Manufacturing Co. v. Trainer, 101 U. S. 51, 54, 25 L. Ed. 993.", "position": 13}, "af3901ee-650c-4acc-83b5-1f464fdfbd31": {"case_id": "a6f5c2bf-f998-4195-8e03-9adeabd04e4e", "opinion_id": "203cc0e2-b013-4f66-b30a-8e0636c6ccdd", "text": "Even though Lippitt’s diagram does not merge with the underlying idea, we are also asked to determine whether the constituent elements of her diagram are eligible for copyright protection. See Reno, 555 F.3d at 1177-78. Predictably, Warrick says the elements of Lippitt’s diagram—short labels, shapes, symbols, and selection of typeface—are not eligible for copyright protection. See Arica Inst, 970 F.2d at 1072-73 (noting individual words and short phrases are generally not copyrightable); Atari Games Corp. v. Oman, 979 F.2d 242, 247 (D.C.Cir.1992) (noting “simple geometric shapes and coloring alone are per se not copyrightable”) (quotations omitted); 37 C.F.R. § 202.1(a) (“familiar symbols” and “mere variations of typographic ornamentation” are not copyrightable). In essence, Warrick claims the diagram lacks the “minimal degree of creativity” necessary to qualify for copyright protection, even though “the requisite level of creativity is extremely low.” Feist Publ’ns, 499 U.S. at 345, 111 S.Ct. 1282; see CMM Cable Rep., Inc. v. Ocean Coast Props., Inc., 97 F.3d 1504, 1519 (1st Cir.1996) (listing examples of expression lacking the requisite creativity).", "position": 36}, "b5c84899-39ee-4c1d-a7f0-b3e0f34eb356": {"case_id": "0317d29a-1bb6-4896-b5a7-0275b5f029d3", "opinion_id": "eb802334-90bb-41b7-87f7-985a8ff36bf9", "text": "“The action is limited to the charge that the defendant has infringen a technical trade-mark in violation of a right of property wherein the fraudulent intent is presumed. The object of the suit is to restrain a further violation of the alleged right of property. Elgin Nat. Watch Co. v. Illinois Watch Co., 179 U. S. 665, 674, 21 Sup. Ct. 270. 45 L. Ed. 365. This issue makes it necessary to consider the nature of a trade-mark. What is it? It has been- determined that to acquire the right to the exclusive use of a name, device, or symbol as a trade-mark, it must appear that it was adopted for the purpose of identifying the origin or ownership of the article to which it is attached! or that such trade-mark must point distinctly, either by itself or by association, to the origin, manufacture,, or ownership of the article on which it is stamped It must ,be designed, as its primary object and purpose, to indicate the owner or producer of the commodity, and to distinguish it from like articles manufactured by others. Columbia Mill Co. v. Alcorn, 150 U. S. 460, 463, 14 Sup. Ct. 151, 37 L. Ed. 1144. It is manifest that the symbol or representation of a star cannot by its own meaning indicate the origin or ownership of such an article as oil. It can only, then, be by association'that its origin or ownership can be so indicated. But the representation of a star is a familiar symbol, and can be found in every character of business and associated with all kinds of products and goods. Standing alone, it is not sufficiently distinctive to answer the requirements of a trade-mark, for the reason that it has been adopted by many manufacturers and producers for all kinds of articles. It can be found all through the Patent .Office Gazette, but always in connection with some other mark or device to indicate origin or ownership. The symbol or device which one is at liberty to affix to a product of his own manufacture as a trade-mark must be one not previously appropriated, and which will distinguish the article from one of the same general nature manufactured or sold by others. Manufacturing Co. v. Trainer, 101 U. S. 51, 54, 25 L. Ed. 993.”", "position": 29}, "de265928-83fe-4fe0-82de-a26c57e3c28e": {"case_id": "a86c95fb-a334-4ce9-8008-bf7b86b7e785", "opinion_id": "2fd97f55-ac16-41d1-bd7b-a21eef9537c2", "text": "As previously noted in our discussion of purpose, the challenged DOE policy specifically states that no school display may appear to promote any single religion or holiday. The record evidence demonstrates that this directive is carefully observed in the City schools. The photographic exhibits confirm the district court’s finding that defendants’ 2001-2002 holiday displays afforded City schoolchildren a “dizzying array” of seasonal symbols, Skoros v. City of New York, 2004 U.S. Dist. LEXIS 2234, at *42, allowing each student to find some familiar symbol (whether a Christmas tree, a menorah, a kinara, a star and crescent, or simply a cheerful snowman or lacy snowflake) with which to identify, while at the same time exposing the child to less familiar symbols from which he could learn about cultures and traditions different from his own. Of the various holiday symbols depicted in the display photos, the menorah (and perhaps the star and crescent) might appear to a reasonable adult observer to have the most religious significance. But such an objective observer would readily perceive from the instructional cards used in certain classrooms that the defendants treated the religious and secular origins of all winter holidays celebrated in school displays with equal respect. More important, the observer would see that the menorah and the star and crescent, when used in holiday displays, always shared space with a multitude of secular symbols so that even the youngest elementary schoolchild would understand that the message being conveyed was not the endorsement of Judaism or Islam but a recognition of the diversity of winter holiday celebrations among different cultures. See Van Orden v. Perry, 125 S.Ct. at 2869 (Breyer, J., concurring in the judgment) (emphasizing that, whether a religious text or symbol conveys a religious or secular message requires court to “examine how the text [or symbol] is used ” in the context of the display) (emphasis in original); County of Allegheny v. ACLU, 492 U.S. at 635, 109 S.Ct. 3086 (O’Connor, J., concurring in part and concurring in the judgment) (concluding that menorah displayed with Christmas tree and sign saluting liberty “did not endorse Judaism or religion in general, but rather conveyed a message of pluralism and freedom of belief during the holiday season”); Elewski v. City of Syracuse, 123 F.3d at 55 (holding that reasonable observer would perceive creche in context of overall holiday decorations not as an endorsement of Christianity but as a “celebration of the diversity of the holiday season”). In short, an objective observer would conclude that the effect of displaying the menorah and star and crescent, together with Christmas trees, Christmas wreaths, candles, stars, kinaras, snowmen and a host of other holiday symbols in integrated holiday displays was simply to familiarize schoolchildren with the fact that all these symbols are used by certain members of the community to celebrate holidays at the end of the calendar year, that the various traditions reflected in these holidays are entitled to everyone’s respect, and that the diversity of these traditions enriches the community for all members. Nothing in the record would indicate to an objective observer that the effect of displaying the menorah and the star and crescent would be “to induce the schoolchildren ... to venerate” these objects or to accept the religious creeds of Judaism and Islam as officially endorsed by the state. Stone v. Graham, 449 U.S. at 42, 101 S.Ct. 192.", "position": 181}, "2faa56e7-0ea1-4913-b76c-437692844896": {"case_id": "75cdd9b5-c59f-4934-9758-ebe3219d518c", "opinion_id": "44045bc9-9596-44a4-8dbd-b7bb40891f93", "text": "The problem that has confronted the courts in trade-mark and unfair competition cases is whether, under -the facts of the particular case, there is likelihood of the deception of customers, concretely, whether purchasers or prospective purchasers of an article of merchandise having a trade-mark are likely to buy it in the mistaken belief that it is the merchandise of another since it bears -the other’s familiar symbol or trade name. The probability of deception is naturally enhanced where the articles are competitive. Even if non-competitive the use of the mark will be restrained'or its registration denied if there is likelihood of the purchaser’s being misled by it into attributing the article to other than its true source. This, as a study of the underlying facts of the many cases will reveal, has been the preoccupation of the judges. A few of the leading authorities developing the doctrine will be analyzed in a moment, but I desire first to mention the two salient, and I think, insupportable, postulates on which the majority here proceed, namely, (1) the supposedly competitive nature of the products of the parties, and (2) the assumed deception of gratuitous users as being the equivalent of buyer deception.", "position": 4}, "76e4dda0-cbb4-4ea3-8d9d-2959de61e365": {"case_id": "0c5d7301-3294-4db3-9929-84c16ab1b8b7", "opinion_id": "7bed1c76-42b0-4e4c-a439-d84e23a73cf0", "text": "In viewing each pair of coasters, the court bears in mind that the “theme,” the “plot,” the “ideas” always may be freely borrowed. Dellar v. Samuel Goldwyn, Inc., 150 F.2d 612, 612 (2nd Cir.1945). In no case does copyright protection for an original work of authorship extend to any idea, procedure, process, system, method of operation, concept, principle, or discovery, regardless of the form in which it is described, explained, illustrated, or embodied in such work. 17 U.S.C. § 102(b). Examples of works not subject to copyright include the following: words and short phrases such as names, titles, slogans; familiar symbols or designs; mere variations of typographic ornamentation, lettering or coloring; ideas, as distinguished from the particular manner in which they are expressed; blank forms which are designed for recording information and do not in themselves convey information. 37 C.F.R. § 202.1 (1983). Clichéd language, phrases and expressions conveying an idea that is typically expressed in a limited number of stereotypic fashions, are not subject to copyright protection. Alexander v. Haley, 460 F.Supp. 40, 46 (S.D.N.Y.1978).", "position": 14}, "5b3ce88c-b6f7-4494-8b14-09ef2b51b5fd": {"case_id": "819953bd-cd1e-42d3-a273-726e6e5f9eab", "opinion_id": "4c4a072e-2725-467c-a681-858d69c91c5a", "text": "“Not every commercial label is copyrightable; it must contain ‘an appreciable amount of original text or pictorial material.’ ‘Brand names, trade names, slogans, and other short phrases or expressions cannot be copyrighted, even if they are distinctively arranged or printed.’ The Copyright Office does not regard as sufficient to warrant copyright registration ‘familiar symbols or designs, mere variations of typographic ornamentation, lettering or coloring, and mere listings of ingredients or contents.’ ”", "position": 31}, "04c226ea-aa5b-4c8c-92d5-a6850a20857a": {"case_id": "9fb95f70-003c-4ec4-8a3b-b50fd2dc8cd2", "opinion_id": "c34bff20-8c9a-4938-bf84-f4794ad4974a", "text": "Moreover, while both this court and the Copyright Office have generally recognized that short phrases may not be subject to eopyrightability, see 37 C.F.R. § 202.1(a) (listing as “works not subject to copyright” “[wjords and short phrases such as names, titles, and slogans; familiar symbols or designs; mere variations of typographic ornamentation, lettering or coloring; [and] mere listing of ingredients or contents”); see also CMM Cable, 97 F.3d at 1519, applicability of this law very much turns on the specific short phrases at issue, as not all short phrases will automatically be deemed uncopyrightable, see CMM Cable, 97 F.3d at 1520 n. 20 (acknowledging that “not all short, simple, declarative sentences fall within the meaning of [37] C.F.R. § 201.1(a)”); Syrus v. Bennett, 455 Fed.Appx. 806, 809 (10th Cir. 2011) (“[A] short phrase may command copyright protection if it exhibits sufficient creativity.”) (quoting 1 Nimmer § 2.01[B], at 2-17). As so often is the case, context matters.", "position": 106}, "382a9f2b-2661-4055-b5d6-3d8106e7cc06": {"case_id": "37817393-e332-417a-ac67-d25d92501ae8", "opinion_id": "d4e26ddb-3f21-4d9d-a014-4d0b4054f70c", "text": "Second, Coastal Container has not established that it qualifies as an “innocent infringer or innocent violator.” The term “innocent infringer” or “innocent violator” is not defined by statute. Courts have concluded, however, that an infringer is “innocent” under this provision unless it (1) acted with knowledge of the infringement, or (2) acted with reckless disregard as to whether the material infringed the trademark owner’s rights. See, e.g., Gucci America, Inc. v. Hall & Assoc., 135 F.Supp.2d 409, 419-20 (S.D.N.Y.2001). It has further been recognized that an infringer “cannot be naive and be like ostriches and put their heads in the sand and ignore obvious facts” and then later claim entitlement to status as an “innocent infringer.” National Business Forms & Printing, Inc. v. Ford Motor Co., 2009 WL 3570387 at *6 (S.D.Tex., Oct. 30, 2009) (printer not entitled to innocent infringer status where it blindly relied on customers’ representation that they were authorized to use the mark in question). The photographs submitted by Plaintiff reveal that the Timber Products mark in question was accompanied by the familiar ® symbol, which signals that the mark in question is registered with the United States Patent and Trademark Office and, therefore, entitled to certain protections. Despite the presence of this symbol and what it signifies, Bill Baumgartner concedes that Coastal Container made absolutely no effort to determine whether GHSP was authorized to use or employ the Timber Products mark. The Court, therefore, discerns no basis for according “innocent infringer” status to Coastal Container.", "position": 34}, "c66db1e1-d74d-4959-a8a3-cdb6543ad0f9": {"case_id": "37817393-e332-417a-ac67-d25d92501ae8", "opinion_id": "d4e26ddb-3f21-4d9d-a014-4d0b4054f70c", "text": "Attorneys’ fees are recoverable under § 1117(a) in “exceptional” cases, defined as circumstances in which the infringement was “malicious, fraudulent, willful, or deliberate.” Audi AG v. D'Amato, 469 F.3d 534, 550-51 (6th Cir.2006). As discussed above, Defendant intentionally copied the Timber Products mark, which was clearly marked with the familiar ® symbol. As Bill Baumgartner conceded, despite the presence and significance of this symbol, Defendant made, absolutely no effort to determine whether its customer was authorized to use or employ the Timber Products mark, but instead simply copied the mark in question and used it for an extended period of time without regard for Plaintiff’s rights. In the Court’s estimation, such epitomizes willful and deliberate infringement. See, e.g., Audi AG, 469 F.3d at 551 (court upheld award of attorneys’ fees under § 1117(a) where defendant used the marks in question without authorization, despite knowing that authorization was required); Coach Services, Inc. v. YNM, Inc., 2011 WL 1752091 at *5 (C.D.Cal., May 6, 2011) (“willfulness can be established by evidence ... that the defendant willfully blinded himself to facts that would put him on notice that he was infringing another’s trademarks, having cause to suspect it”). Accordingly, the Court finds that Plaintiff is entitled to recover attorneys’ fees in this matter.", "position": 64}, "4f7d8659-3648-4aba-b995-bde8dbee6f09": {"case_id": "b44eb18a-2c79-4c80-bca6-aca962d06c86", "opinion_id": "7316d354-a2f8-445b-bc97-1e98862abd6f", "text": "“The first question presented for our decision is whether the use of an arbitrary combination of figures to designate the styles of goods which a person makes is entitled to protection. The defendants claim that no protection can be given because such figures, by denoting the style or quality simply, and not origin of the goods, deceive nobody, and hence the rights of the complainant are not infringed. There is some diversity in decisions upon this point, arising mainly from different assumptions of fact by the courts. Undoubtedly, if it be assumed that a given mark indicates quality only, and not origin, it will follow that purchasers of goods so marked have not been misled thereby into the supposition that they were buying a complainant’s goods, and hence he would show no cause for relief. All of the cases cited by the defendants, in support of their claim that numbers indicating style or quality cannot be protected, are based upon such an assumption. Where the premises are true, no fault can be found with the conclusion. But it by no means follows, as a rule of law, that marks indicating style or quality may not also indicate origin, and thus be a subject of trade-mark. A person has the right to affix to his goods any device, symbol, or name which he may invent, to distinguish such goods from those made by other people. When the symbol becomes known, in connection with his name, it serves as .a sign and pledge of the origin of the goods. People do not often stop to read all that may be printed on a label; nor do they always know the changes that are made in firms or business names. Hence it is that the sight of the familiar symbol, inducing one to purchase goods to which the symbol does not properly belong, to the injury of him who devised it to mark his own goods, is the gravamen of the law of trade-marks.", "position": 18}, "a3640d47-55db-41cb-8945-57373dc23f0d": {"case_id": "786080e4-2ec0-40a9-a381-0c68f7bfc5f4", "opinion_id": "df20f700-c67c-4276-a057-43f4cef747d4", "text": "Against this factual background, what are the legal rights of the parties ? Under the law of copyrights upon compliance with its requirements any person shall have the exclusive right to print and vend the copyrighted work which may include “Prints and pictorial illustrations including prints or labels used for articles of merchandise” (17 U.S.C.A. §§ 1, 5(k)). The Copyright Office in defining a “Commercial Print or Label” specifically provides for copyright in “prints and labels published in connection with the sale or advertisement of articles of merchandise” (17 U.S.C.A. § 6). Not every commercial label is copyrightable; it must contain “an appreciable amount of original text or pictorial material.” “Brand names, trade names, slogans, and other short phrases or expressions cannot be copyrighted, even if they are distinctively arranged or printed.” The Copyright Office does not regard as sufficient to warrant copyright registration “familiar symbols or designs, mere variations of typographic ornamentation, lettering or coloring, and mere listings of ingredients or contents.” Although the publication of these views (Copyright Office Publication, No. 46, Sept. 1958) does not have the force of statute, it is a fair summary of the law.", "position": 8}, "7a7ddca0-e8b8-474a-872b-b036ead3b923": {"case_id": "0f2ea1f0-9c05-4dd1-ab1f-9b569423f0b7", "opinion_id": "24649f23-765e-463a-af84-ab00e60517db", "text": "To be copyrightable, a work of authorship need only be “original,” which the Supreme Court has defined to mean that it was not copied and evidences “at least minimal” creativity. Feist Publications, Inc. v. Rural Telephone Service Co., 499 U.S. 340, 345, 111 S.Ct. 1282, 1287, 113 L.Ed.2d 358 (1991) (“original,” as the term is used in copyright, means only that the work was independently created by the author, and that it possesses at least some minimal degree of creativity). Defendant argues that the Ring is not copyrightable because it is composed simply of “familiar symbols and designs” which are not subject to copyright protection. See 37 C.F.R. § 202.1. In essence, defendant argues that the Ring contains not even the “minimal creativity” as required by Feist, and therefore is not an “original” work.", "position": 11}, "92933b8e-e23a-4074-a247-e90700c92f7c": {"case_id": "d7070288-49ba-42a5-ae6b-71aeca1bf6e3", "opinion_id": "78828a0d-af26-4eff-9cb0-6638cbd77a10", "text": "2 . Along with a declaratory judgment of non-infringement, as additional \"cause(s) of action and ground(s) for relief,” Specific Software seeks a declaratory judgment that the asserted copyrights are (1) “invalid” generally; (2) are \"invalid for lack of original expression”; and (3) are “unenforceable for lack of original expression.” (Id. at 4-5.) Further, Specific Software also seeks a declaratory judgment that the materials at issue were not “strikingly similar,” that any similarity \"is derived from documents in the public domain that did not originate with either [party],” that any similarly consists of \"titles, names, short phrases, slogans, familiar symbols or designs” or “ideas, procedures, methods, systems, processes, concepts, principles, discoveries, or devices, as distinguished from a description, explanation, or illustration.” (Id.) Also, Specific Software seeks a declaratory judgment that any similarity “consists of information that is common property and containing no original authorship taken from public documents or other common sources.” (Id.) Finally, Specific Software seeks a declaratory judgment that any similarity between the relevant materials is “de minimus.\" (Id.) As the defendant puts it, \"these declarations and the grounds for relief all would be used to establish a defense to a copyright infringement suit.” (Docket No. 6 at 1.)", "position": 49}, "a2a8caa7-34ae-439b-860b-6ee82c6cdc97": {"case_id": "8c02f675-a45f-485d-a799-eb44c6e4bc80", "opinion_id": "a902bf48-9297-4b63-8ed9-9e576d1ed77f", "text": "“Original, as the term is used in copyright, means only that the work was independently created by the author (as opposed to copied from other works) and that it possesses at least some minimal degree of creativity.” Universal Furniture, 618 F.3d at 430 (quoting Feist, 499 U.S. at 345, 111 S.Ct. 1282). Although a low threshold, copyright protection is not available for familiar symbols and designs. As stated by the Copyright Office in its internal manual:", "position": 159}, "82ecbff7-aab9-4327-9a53-bb0fe2b7401d": {"case_id": "814c1e0a-8b1e-425e-a471-9a07cec2efde", "opinion_id": "6e637811-7371-4dbb-b1a9-fd5f86e747f5", "text": "The Park Service described the traditional symbols depicted in the Pageant as “the National Christmas Tree, the smaller trees representing the various states, District of Columbia and the territories, a burning yule log, a pen of live reindeer and a traditional creche.” November 10 letter. This is consistent with the description in the Policy Statement: “This event provides the park visitor an opportunity to view the lighting of the National Christmas tree, attend musical presentations and visit the yuletide displays.” 46 Fed.Reg. 55,959, 55,962 (1981). The copious judicial history of the Pageant makes repeated references to the Park Service’s longstanding use of traditional and familiar symbols in the Pageant. See, e.g., Women Strike for Peace v. Hickel, 420 F.2d 597, 601-02 (D.C.Cir.1969); Allen v. Hickel, 424 F.2d 944, 948-49 (D.C.Cir.1970); Women Strike for Peace v. Morton, 472 F.2d 1273, 1293-94 (D.C.Cir.1972); Allen v. Morton, 495 F.2d 65, 78-79 (D.C.Cir.1973) (Leventhal, J., concurring). The Park Service determined that CCNV’s sculpture was not a traditional symbol. This determination is supported by a comparison of the scene depicted by the sculpture — a contemporary homeless family huddled over a steam grate — with the commonplace Christmas scenes described above.", "position": 18}, "03b9c568-149c-4a85-8e5d-f45e515549bc": {"case_id": "814c1e0a-8b1e-425e-a471-9a07cec2efde", "opinion_id": "6e637811-7371-4dbb-b1a9-fd5f86e747f5", "text": "Moreover, CCNV’s own descriptions of the sculpture support this conclusion. CCNV’s application letters stated that the sculpture, “a modern manifestation of the original Christmas scene,” Letter from Mitch Snyder to Regional Director, National Park Service (Oct. 14, 1988), “is plainly not a traditional depiction of the Christ child .. Letter from Mitch Snyder to Sandra Alley (Nov. 1, 1988). The Park Service adhered to the theme and format of traditional depictions of familiar Christmas symbols and determined that CCNV’s sculpture was not such a familiar symbol, but was a novel and unconventional symbol. The Park Service is the sponsor of the Pageant and is the agency responsible for planning the event and for deciding who may participate. The Administrative Procedure Act does not empower either this Court or the District Court to substitute its judgment for that of the agency. Motor Vehicle Mfrs. Ass'n, 463 U.S. at 43, 103 S.Ct. at 2866. The sculpture may poignantly depict the Christmas message of charity and goodwill toward men in a manner that emphasizes the plight of the neediest in America today. We cannot, however, conclude that the Park Service abused its discretion or acted in an arbitrary and capricious fashion when it determined that, without regard to its message, CCNV’s sculpture was not a customary Christmas symbol that accorded with the theme and format of the Christmas Pageant of Peace.", "position": 19}, "1595e2e6-086f-4eef-aad2-5d4f3a1a0d1e": {"case_id": "ef3e2d7e-60d2-4085-a0e5-db07e8639801", "opinion_id": "87f2f81e-82dd-49fb-8532-33c0e85cd1eb", "text": "The Copyright Act affords copyright protection for “original works of authorship fixed in any tangible medium of expression,” including “pictoral, graphic, and sculptural works.” 17 U.S.C. § 102(a)(5). A work must be original to be copyrightable; indeed, the “sine qua non of copyright is originality.” Feist, 499 U.S. at 345, 111 S.Ct. 1282. To be “original,” the work in question must have been “independently created by the author (as opposed to copied from other works),” and it must “possess[ ] at least some minimal degree of creativity.” Id. The threshold level of creativity required for copyright-ability is low such that the “vast majority of works make the grade quite easily, as they possess some creative spark.” Id. Nevertheless, “[t]here remains a narrow category of works in which the creative spark is utterly lacking or so trivial as to be virtually nonexistent.” Id. at 359, 111 S.Ct. 1282. The Copyright Office established a regulation providing examples of the types of works that fall into the category of works that lack a minimum level of creativity and do not qualify for copyright protection, including “[w]ords and short phrases such as names, titles, and slogans; familiar symbols or designs; mere variations of typographic ornamentation, lettering or coloring; mere listing of ingredients or contents.” 37 C.F.R. § 202.1(a).", "position": 39}, "b171c328-2a5c-4224-8699-b57c9373a2bd": {"case_id": "0ec6a503-e930-4c3c-a917-35de3894ecab", "opinion_id": "148626b2-83dd-41ad-a5d5-2172ac978791", "text": "Pursuant to its congressionally delegated authority, the Copyright Office has promulgated regulations that apply the Supreme Court’s originality requirement. See 37 C.F.R. § 202.1. Items not subject to copyright include “[wjords and short phrases such as names, titles, and slogans; familiar symbols or designs; mere variations of typographic ornamentation, lettering or coloring; mere listing of ingredients or contents.” Id.", "position": 23}, "650e7873-db86-47d8-83f3-ebf334e6416a": {"case_id": "70aeed8b-ac54-47a1-a781-9a6226f1b38d", "opinion_id": "00fa8305-1c9d-4144-a3f9-8ae673db7e9a", "text": "Words and short phrases such as names, titles, and slogans; familiar symbols or designs; mere variations of typographic ornamentation, lettering or coloring; mere listing of the ingredients or contents.", "position": 108}, "72f144bc-f4d2-48f3-ab01-9c934213799a": {"case_id": "2c512c51-5444-4061-b220-1371751e3d16", "opinion_id": "654915e3-e410-48a8-84b0-c11e053ad581", "text": "The Copyright Office addressed both the visual character and the “tactility” or feel of the KOOSH ball. As to the former, the examiners regarded the KOOSH ball as a familiar symbol or design; the ball’s filaments, the Chief of the Examining Division said, “basically define a sphere, and there is no copyrightable authorship in producing such a familiar shape.” Letter dated September 15, 1988 to counsel for OddzOn from Harriet L. Oler, Chief, Examining Division, Copyright Office. The feel of the object was comprehended by the examiners as a functional part of the work, and therefore not a basis for registration. As stated by the Chief of the Examining Division: “[W]e cannot register a claim in ... the way a work functions, because Congress did not authorize protection for the functional aspects of articles.” Id.", "position": 4}, "91c79b29-3d70-4bb4-b16d-fe027232eea0": {"case_id": "382037d7-ae50-48a7-a0dc-b759535b9e1b", "opinion_id": "2e67f343-3500-48d9-b4c0-a388e3eafab0", "text": "15 . USOC’s charter also grants it the exclusive use of the word \"Olympiad,” the motto \"Citius Aldus Fortius,” the familiar symbol of the International Olympic Committee — five interlocking rings — and the less familiar symbol of USOC— an escutcheon with a blue chief, red and white vertical bars on the base, and the five interlocking rings on the chief. See 36 U.S.C. § 380(c).", "position": 111}, "cfc9af24-ef68-4caa-8ecd-6ea0c50ca217": {"case_id": "537564f4-d63c-4fb8-b0bf-e5586aba5201", "opinion_id": "06bff7b3-84a7-4eea-97ec-6bdfb5e365d2", "text": "The level of creativity necessary and sufficient for copyrightability has been described as “very slight,” “minimal,” “modest.” See, e.g., West Publishing Co., 799 F.2d at 1223; Thomas Wilson & Co. v. Irving J. Dorfman Co., 433 F.2d 409, 411 (2d Cir.1970), cert. denied, 401 U.S. 977, 91 S.Ct. 1200, 28 L.Ed.2d 326 (1971); 1 M. Nimmer & D. Nimmer, Nimmer On Copyright §§ 1.08[C][1], 2.01[B][1] (1989). In defense of the judgment that BREAKOUT does not pass the “modest” creativity threshold, appellate counsel for the Register pointed to the Copyright Office regulation providing that “familiar symbols or designs” and “mere variations of typographic ornamentation, lettering or coloring” are not subject to copyright. 37 C.F.R. § 202.1. Again, we are concerned that the Register’s attention may have trained dominantly on components, not on the work as a whole^-the full “series of related images.” 17 U.S.C. § 101 (defining “audiovisual works”); see supra pp. 879-80, 882-83.", "position": 41}, "f707531d-bd47-4380-8f9c-5f3d0acf2c49": {"case_id": "f8b3b085-ed83-4426-b0d0-9891cbf56949", "opinion_id": "a1757602-fd07-4458-b9da-a38305a3ba9d", "text": "Petitioners rely on Matter of Auto Club of N. Y. v. Karnell (19 Misc 2d 857) in which respondent, operator of “ Mindy Auto Towing ’ ’, placed upon his truck the11 AAA ’5 symbol. Respondent was enjoined. A distinction between that case and the-one at bar is readily apparent. The deception arose from the familiar symbol, “ AAA ”, placed on the truck with the respondent’s name, “ Mindy Auto Towing ” which, in and of itself, indicated a connection between the two. In the case at bar, no deception results from the mere use of petitioners ’ names; they are not made a part of respondent’s name. The deceptioxx results from the statement of fact “ cooperating with and supporting ”.", "position": 10}, "cb4f5040-20cb-4ef6-9327-434d389c9fe2": {"case_id": "3b33dd11-f7b2-46b1-bd26-84826ff61e0f", "opinion_id": "6f1abd6c-fc86-408b-8724-1e0ab0f1832b", "text": "December 3, 1976, was a cold wet day in Rockford, with snow and slush on the streets. Around 7 p.m. on that day, the plaintiff, accompanied by her daughter and husband, entered the defendant bank for the purpose of depositing her pay check. She entered by a side door where there was a mat placed to absorb excess water, then went through a second door and down a carpeted corridor before turning left into the main lobby where the teller cages were located. The floor area in the main lobby was covered with vinyl tile and in the center was an inlaid pattern or “logo” designated as “Sir Greenback,” with an advertising symbol which was the bank’s familiar symbol. The evidence indicated there were rubber mats in front of the tellers’ cages around the lobby. There were no mats in the center or middle portion of the lobby since, as was testified to by a bank employee, the bank did not wish to cover up “Sir Greenback.” Customers traversing the lobby from the door to a teller’s cage would therefore be apt to walk on the uncovered part of the lobby, at least part of the way, especially if there were already customers standing on the mats in front of the tellers’ cages. Plaintiff walked on the uncovered vinyl floor near the “Sir Greenback” emblem, slipped and fell, breaking her arm. The evidence adduced at trial established that because of the nature of the weather there was a considerable amount of water being brought into the bank by customers. A maintenance man, 78 years old, was mopping up the lobby from time to time; however, he testified, he was not charged with that duty but was doing it on Ms own. A bank employee testified he was not sure whether Morgan, the maintenance man, had last mopped the floor 1 minute or 10 minutes before the plaintiff fell. Morgan apparently was not in the lobby when the accident occurred. As a result of the fall, the plaintiff suffered a comminuted fracture of her left arm. Her physician testified at trial, 23 months after the injury, that she had suffered some permanent loss of motion of her arm. At the conference on instructions, the defendant tendered an instruction based on section 343 of the Restatement (Second) of Torts, which the court modified and gave as the court’s own instruction No. 20 as to burden of proof. This read as follows:", "position": 2}, "f80b7127-9729-4ccf-84da-1eb5ced569b2": {"case_id": "7dbf2643-a2b3-4d8c-aab0-8bd37503108e", "opinion_id": "0ec55f6e-6c52-4eac-a099-82c658d8a306", "text": "Further, in each of these instruments there was included a detailed description of the many parcels assigned to Share 1 and Share 2, but the North 130 feet of Lot 11 was omitted from both shares. On the plat of survey, which was part and parcel of the Surveyor’s Certificate, and the Report of Commissioners, and the Final Decree, the North 130 feet of Lot 11 of Block 3 was definitely and clearly shown in Share 2 of the partition. In fact, the surveyor, on the plat of survey, not only puts the encircled “2” on both the North 130 feet of Lot 11 and that portion of Lots 12, 13 and 14 on which is situated the warehouse and double garage, but also puts the familiar symbol of joinder, resembling a dogleg, dear to the heart of all surveyors, on the line between Lot 11 and Lots 12, 13 and 14.", "position": 29}, "e991baaa-df9e-40a0-8ba9-ac184e7a3575": {"case_id": "47c00874-16de-40bf-b2f3-74ed26c83bb6", "opinion_id": "ed08bcb4-9a2d-40dd-aadc-cf3f72a1f36e", "text": "The defendants, Anthony, Cowell, & Co. have procured from other parties nails of different styles, similar to those made by the complainant, and have designated them by the same numerals adopted by the complainant to designate the corresponding styles of its manufacture, whereupon the complainant, claiming the several numerals adopted by it as its trade-mark, brings this bill for an injunction and account. The first question presented for our decision is, whether the use of an arbitrary combination of figures to designate the styles of goods which a person makes, is entitled to protection. The defendants cl Sim that no protection can be given, because such figures, by denoting the style or quality simply, and not origin of the goods, deceive nobody, and hence the rights of the complainant are not infringed. There is some diversity in decisions upon this point, arising mainly from different assumptions of fact by the courts. Undoubtedly, if it be assumed that a given mark indicates quality only, and not origin, it will follow that purchasers of goods so marked have not been misled thereby into the supposition that they were buying a complainant’s goods, and hence he would show no cause for relief. All of the cases cited by the defendants, in support of their claim that numbers indicating style or quality cannot be protected, are based upon such an assumption. Where the premises are true no fault can be found with the conclusion. But it by no means follows, as a rule of law, that marks indicating style or quality may not also indicate origin, and thus be a subject of trade-mark. A person has the right to affix to his goods any device, symbol, or name which he may invent, to distinguish such goods from those made by other people. When the symbol becomes known, in connection with his name, it serves as a sign and pledge of the origin of the goods. People do not often stop to read all that may be printed on a label; nor do they always know the changes that are made in firms or business names. Hence it is that the sight of a familiar symbol inducing one to purchase goods to which the symbol-does not properly belong, to the injury of him who devised it to mark his own goods, is the gravamen of the law of trade-marks.", "position": 2}, "f16c37a2-0a89-4204-a8f5-776f6e1d2c66": {"case_id": "e1690d07-00e1-44c9-8891-9161af3d5b8d", "opinion_id": "7835b969-1d97-404e-a1b3-a9059f19d44e", "text": "This case presents what is, to say the least, a bizarre situation. The administrator of plaintiff pension fund drew two certified checks for $100,000 each to the order of defendant Totowa Savings and Loan Association on the fund’s account with defendant Chase Manhattan Bank; the purpose of the checks was purchase by the fund of two certificates of deposit from Totowa, and the familiar symbol \"CD” appeared accordingly on each check. In some unexplained way, the checks were entrusted to a messenger who had been convicted of crime to complete the transaction, and he carried the checks to Totowa’s president, to whom he made the unusual request that one certificate be issued to the fund, and the other to a company called Playmate, represented by him to be connected with the fund. The president sought the advice of a fellow official, who warned him against use of the described check for a purpose other than purchase of a certificate in the fund’s name. The president suggested use of a \"bank check” instead as a means of carrying out the suggested substitution. At this juncture, then, Totowa knew from the face of the checks whose funds were represented by them and. that that money was being paid to the payee for the specific purpose of acquisition by the fund of certificates of deposit. It was then after hours, so the checks were left for safekeeping overnight.", "position": 1}}