{"34a88884-7521-4920-b34e-aefce11ec2d7": {"case_id": "220e63ec-6ed2-4812-9e35-4e29ca5b569e", "opinion_id": "c37f8d36-b1c9-4e44-81d5-3bb8cffb2961", "paragraph_id": "118d2bf3-ab8b-425f-b8e2-54baa2676908", "position": 0, "text": "Having determined that the works were essentially arrangements of the letter “C,” defendant noted that letters, mere variations of letters, and familiar symbols cannot be copyrighted.", "label": "potential value"}, "f59d0d3c-8976-42cb-8289-9901dd49684d": {"case_id": "7fb5a76f-daec-415b-8079-6350bfa5e32a", "opinion_id": "19c92b46-6b6f-4c5f-bb81-369ce7c94bca", "paragraph_id": "6739f981-896b-4aba-9e5c-c0f8f56e9f47", "position": 2, "text": "But the representation of a star is a familiar symbol, and can be found in every character of business and associated with all kinds of products and goods.", "label": "high value"}, "8d8f701c-aec1-41e3-a3bf-8d5ec4e6c7b5": {"case_id": "71e8d6c9-ddb3-4451-b32f-f70d30d19eb1", "opinion_id": "229f59ea-0603-4566-a39f-4f9eafd37c6f", "paragraph_id": "f2eae42b-6296-4c44-ae80-a5f14caec0dc", "position": 5, "text": "In addition to this main exclusion, federal regulation provides that “[w]ords and short phrases such as names, titles, and slogans; familiar symbols or designs; [and] mere variations of typographic ornamentation, lettering or coloring” are also not protected.", "label": "potential value"}, "87a2ce69-0081-446b-a547-e6910b0ffe19": {"case_id": "95a52130-5371-4cdd-a9ba-7059cccc70a2", "opinion_id": "bac457d0-8dc5-4ffd-95de-393aaeaa8ee4", "paragraph_id": "ae31f155-80a6-46c2-b112-63d2e83201c0", "position": 3, "text": "The \"anarchist” symbol consists of the letter “A” in a circle, and the symbol \"is one of the most familiar symbols of anarchism and represents the slogan 'Anarchy Is Order.' \"", "label": "certain value"}, "bf1a4b2c-c410-41dd-a42a-b3d2f064a3ab": {"case_id": "7996ec5f-299b-401f-ad92-1f089bd72425", "opinion_id": "6f9f2c33-89e4-42f9-a8c8-e6e20e344f32", "paragraph_id": "ecb3ed33-34c3-40c7-a785-3f6ba6d35df3", "position": 4, "text": "The copious judicial history of the Pageant makes repeated references to the Park Service’s longstanding use of traditional and familiar symbols in the Pageant.", "label": "potential value"}, "4b2791f9-27a8-4df6-8ab6-81404b04324e": {"case_id": "7996ec5f-299b-401f-ad92-1f089bd72425", "opinion_id": "6f9f2c33-89e4-42f9-a8c8-e6e20e344f32", "paragraph_id": "500d7731-e467-4115-9f13-3ecefb086227", "position": 2, "text": "The Park Service adhered to the theme and format of traditional depictions of familiar Christmas symbols and determined that CCNV’s sculpture was not such a familiar symbol, but was a novel and unconventional symbol.", "label": "high value"}, "2d583834-9133-4d19-914d-3ee75098330d": {"case_id": "9653d524-0cc7-481c-85f3-93921a0884fd", "opinion_id": "74a87669-159c-4e0d-acd1-7526a6382c56", "paragraph_id": "ff50c029-2fe4-469a-a197-0275cc1989ae", "position": 1, "text": "In general, copyright protection does not extend to “[w]ords and short phrases such as names, titles, and slogans; familiar symbols or designs; [and] mere variation of typographic orientation, lettering, or coloring.”", "label": "potential value"}, "8846db4c-75fe-4854-8d07-d38765290c60": {"case_id": "94c89ed0-c935-479e-a0e0-4e0ff8ece74f", "opinion_id": "9db7313c-68aa-40d2-b20c-22f49a2f87f2", "paragraph_id": "62c58731-d844-49af-861f-c0f694f54114", "position": 2, "text": "In defense of the judgment that BREAKOUT does not pass the “modest” creativity threshold, appellate counsel for the Register pointed to the Copyright Office regulation providing that “familiar symbols or designs” and “mere variations of typographic ornamentation, lettering or coloring” are not subject to copyright.", "label": "potential value"}, "735d775b-de42-4804-8386-81eeaf7e5213": {"case_id": "0fc921f1-2c2b-46ab-b674-9b937e13417a", "opinion_id": "a41cc9eb-a230-4ec3-9b3d-56290d316a32", "paragraph_id": "305e64d9-b89e-4977-99a3-129a3c84d405", "position": 1, "text": "Words and short phrases such as names, titles, and slogans; familiar symbols or designs; mere variations of typographic ornamentation, lettering or coloring; mere listing of ingredients or contents;\n(b)", "label": "potential value"}, "b7470cc9-f74d-4f2f-9311-f5ce70049c06": {"case_id": "4baa12b8-33e1-4785-aea3-243409212c5d", "opinion_id": "f8d12d2a-39a4-4867-b90c-1778c1cb74dc", "paragraph_id": "c61d98f5-3abf-4ed6-b9ff-45013da732fc", "position": 1, "text": "USOC’s charter also grants it the exclusive use of the word \"Olympiad,” the motto \"Citius Altius Fortius,” the familiar symbol of the International Olympic Committee — five interlocking rings — and the less familiar symbol of USOC— an escutcheon with a blue chief, red and white vertical bars on the base, and the five interlocking rings on the chief.", "label": "certain value"}, "e8f29f00-7be0-4a18-885a-a318c44f5224": {"case_id": "569ef05f-dd53-482f-9155-e11c99d215cf", "opinion_id": "29cd8cd8-a4b2-48fc-9c02-6ae9a13dd866", "paragraph_id": "3b1be5e9-773e-4176-974b-2a7d0ff952e8", "position": 1, "text": "Nor could they object, considering the applicable regulations provide no copyright protection for “familiar symbols or designs” or “mere variations of ... lettering.”", "label": "potential value"}, "a6d267cb-f453-4e35-a232-6583beac97fe": {"case_id": "2ae8a590-8f1b-4e35-8a9a-77995622b3f5", "opinion_id": "dd0b2856-21e3-4919-a629-ac881f1a1987", "paragraph_id": "669b9237-f33f-46c8-b0bf-66322e65ad38", "position": 2, "text": "See William S. Geiger Corp. v. Gigi Accessories, Inc., No. 97 Civ. 5034, 1997 WL 458668, at *2 (S.D.N.Y. Aug. 11, 1997) (\"plaintiff has no right to copyright ... a common geometrical shape'1); 47 C.F.R. § 202.1(a) (\"familiar symbols or designs” are not subject to copyright protection).", "label": "potential value"}, "bfe66d15-aa62-4d74-98c8-06d37db14617": {"case_id": "3e65fbac-b358-4d79-b801-fe83da33d258", "opinion_id": "810a1116-8453-4629-8176-810df65a4c3f", "paragraph_id": "01c40d5e-d4b3-41cc-91b1-f0bc4c3bcf8b", "position": 2, "text": "In addition, familiar symbols or designs, typographic ornamentation, lettering, coloring and mere variations thereof are not copyrightable.", "label": "potential value"}, "c612b078-ed59-4854-92f4-54ec13503ede": {"case_id": "3e65fbac-b358-4d79-b801-fe83da33d258", "opinion_id": "810a1116-8453-4629-8176-810df65a4c3f", "paragraph_id": "a72583fa-14f2-4ad6-8023-0fa43be1edfd", "position": 4, "text": "In addition, in a letter dated July 2, 2007, the Copyright Office stated that “[c]opyright does not protect familiar symbols or designs; basic geometric shapes; words and short phrases such as names, titles, and slogans; or mere variations of typographical ornamentation, lettering or coloring.”", "label": "potential value"}, "d4b56483-923b-47dc-ba09-3415b10aaa9e": {"case_id": "3e65fbac-b358-4d79-b801-fe83da33d258", "opinion_id": "810a1116-8453-4629-8176-810df65a4c3f", "paragraph_id": "1b68c0aa-9a1a-492d-98fb-7091c943f6ab", "position": 2, "text": "The Copyright Office has stated that copyright does not protect familiar symbols or designs and that the design of the Regatta sculptures is overly simplistic and merely depicts common sail imagery.", "label": "potential value"}, "0aeb8fde-792f-456c-8d80-01983740a997": {"case_id": "c1102a1c-0f87-4032-9892-37c40c942cf8", "opinion_id": "f3aa643a-4dda-4d8c-a88b-6d24970ad324", "paragraph_id": "3613d46b-8c4c-400c-ac37-f837ca390182", "position": 5, "text": "See 37 C.F.R. § 202.1(a) (expressly excluding from copyright protection “[w]ords and short phrases such as names, titles, and slogans, familiar symbols or designs”); Perma Greetings, Inc. v. Russ Berrie & Co., Inc., 598 F.Supp. 445, 448 (E.D.Mo. 1984) (“Cliched language, phrases and expressions conveying an idea that is typically expressed in a limited number of stereotypic fashions, [sic] are not subject to copyright protection.”).", "label": "potential value"}, "3783f8a4-99fb-4450-9015-459c79652cfb": {"case_id": "33b93f30-24d2-4f69-8327-46a4ac1013d0", "opinion_id": "88df62a1-32de-48b4-99fc-55fdf8784751", "paragraph_id": "4327e4bf-227d-40cc-abf3-ba671ca8fc75", "position": 0, "text": "Familiar symbols or designs are not entitled to copyright protection.", "label": "no value"}, "f9a154ef-5ce0-4cc1-8a00-9bf39ba7be96": {"case_id": "4196e654-6ed9-42dd-8958-a94a3611af73", "opinion_id": "ffe674a5-5724-46bd-a552-2411a4b78851", "paragraph_id": "44cda124-473a-46a3-8812-710fc74b92fc", "position": 1, "text": "See 37 C.F.R. § 202.1(a) (1994) (excluding from copyright protection “[w]ords and short phrases such as names, titles, and slogans” and “familiar symbols and designs”).", "label": "potential value"}, "01b64596-80b6-4533-bc18-ce8856c87d99": {"case_id": "4196e654-6ed9-42dd-8958-a94a3611af73", "opinion_id": "ffe674a5-5724-46bd-a552-2411a4b78851", "paragraph_id": "fad0060d-bc55-49cb-9967-6ee9435c771e", "position": 5, "text": "Not only is the image of the time clock an uncopyrightable familiar symbol used to express the unoriginal employment phraseology to “get on the clock,” the time clocks themselves are not substantially similar.", "label": "high value"}, "1cd89a06-1e82-4b38-9b26-3629d9a74ddf": {"case_id": "4196e654-6ed9-42dd-8958-a94a3611af73", "opinion_id": "ffe674a5-5724-46bd-a552-2411a4b78851", "paragraph_id": "376c36a2-1029-4d6e-9093-d0266d3af6d9", "position": 0, "text": "However, there is no copyrightable interest in the numerals, “1, 2, and 3;” the accumulating jackpot idea; the work or employment metaphor; short ordinary phrases like the radio contest rules or registering by filling out a form, or requiring someone to tune in and listen, or to participate by calling in on the telephone or by facsimile; familiar symbols or designs; or mere variation of typographic ornamentation, lettering or coloring.", "label": "potential value"}, "a5658fa7-1124-4e29-922e-43c5db18f0e0": {"case_id": "1413e063-0b19-43ff-81bf-5f39b0bbad40", "opinion_id": "eb9a1ed0-affd-46da-8ace-c6d5623a3795", "paragraph_id": "84441694-deae-4340-8663-bf71eef28a8d", "position": 2, "text": "See also 37 C.F.R. § 202.1(a) (stating that “familiar symbols or designs” are not subject to copyright).", "label": "potential value"}, "59f7b6d2-87b0-402e-a568-580de95fe099": {"case_id": "68e41e53-7166-496b-8abf-614399a30e35", "opinion_id": "2160f512-819d-4f4a-9ca8-9dd86d018643", "paragraph_id": "d210b52b-afea-4aab-b7ff-68f4a7d085ee", "position": 4, "text": "These materials include “[wjords and short phrases such as names, titles, and slogans; familiar symbols or designs.”", "label": "potential value"}, "71629327-ba3b-4d2e-9841-ef65ebcad0f8": {"case_id": "50a131d2-1992-4c6d-b3f7-2699fd47636a", "opinion_id": "169cf9b6-d58a-4490-9da7-333f6b29c68a", "paragraph_id": "c3f070f5-54f5-443c-a3cb-9ab072c2681d", "position": 3, "text": "See Stevens Linen Assocs., Inc. v. Mastercraft Corp., 208 U.S.P.Q. 669, 670 (S.D.N.Y.1980) (copyright was valid for woven fabric made of complex stripes); Couleur Int’l Ltd. v. Opulent Fabrics, Inc., 330 F.Supp. 152, 153 (S.D.N.Y.1971) (design based on repetition of six stripes found copyrightable); cf. Ion Woods Fashions Inc. v. Curran, 8 U.S.P.Q.2d 1870, 1871-72, 1988 WL 38585 (S.D.N.Y.1988) (combination of stripes and grid found uncopyrightable as \"familiar symbols or designs” lacking in originality) (quoting 37 C.F.R. § 202.02(a)).", "label": "high value"}, "8bea981b-6c05-4ca6-af5b-94a904d9bb55": {"case_id": "72d2ecf9-2c24-44e3-8f1d-b66f3b6649eb", "opinion_id": "33b0af6a-6418-4882-9c0d-a8abaefa5c4d", "paragraph_id": "31c7e313-9521-4e9d-ab82-90ae82973134", "position": 1, "text": "See 37 C.F.R. § 202.1 (denying registration to \"[w]ords and short phrases such as names, titles, and slogans; familiar symbols and designs; mere variations of typographic ornamentation, lettering or coloring; mere listing of ingredients or contents.”) (emphasis added).", "label": "potential value"}, "139358b5-e46d-4ee9-a20e-6a9170fba144": {"case_id": "9dfbd1df-25f8-4978-b71c-c37eeca24bf2", "opinion_id": "e2a9b0dc-2e77-4a52-aece-6a3fbbbe0e7d", "paragraph_id": "de4128ed-d984-4cf2-9b6d-d64f0f3c57ac", "position": 0, "text": "This conclusion rested in part on an interpretation of Copyright Office regulations which preclude copyright registration of “[w]ords and short phrases such as names, titles, and slogans; familiar symbols or designs; mere variations of typographic ornamentation, lettering or coloring....”", "label": "potential value"}, "a01e14dc-0ada-4b84-bfc9-7228dd95c8d3": {"case_id": "249b21d0-5ee2-42ee-b0d3-e1c49f69cc20", "opinion_id": "4aaa18d1-59b1-40f1-9e73-d7c6a8135148", "paragraph_id": "9c31fc13-8e5e-488e-bc76-4d4b7c990c3d", "position": 3, "text": "Defendant argues that a trademark, “like any other familiar symbol in our society, is fair game for parody.”", "label": "potential value"}, "0d832f85-8bea-4152-b3a6-45faeed85c06": {"case_id": "16a686f1-c0af-4938-a74a-61b35a3b0769", "opinion_id": "ed2331d8-d88d-41cd-a2b3-576b4723a354", "paragraph_id": "23ce14ae-cd1e-4aac-bf15-c001e0c11eea", "position": 1, "text": "Words and short phrases such as names, titles, and slogans; familiar symbols or designs; mere variations of typographic ornamentation, lettering or coloring; mere listing of ingredients or contents....", "label": "potential value"}, "f7659905-89e7-446a-867c-1ad7f22d5750": {"case_id": "e53cd428-13d9-49ae-a676-9d3c966ee0d0", "opinion_id": "9a068e39-8f35-410c-b793-afebd7fe216b", "paragraph_id": "434e159e-d6bc-451f-bee9-5012232e7267", "position": 1, "text": "As to the former, the examiners regarded the KOOSH ball as a familiar symbol or design; the ball’s filaments, the Chief of the Examining Division said, “basically define a sphere, and there is no copyrightable authorship in producing such a familiar shape.”", "label": "high value"}, "90489c83-881b-42c1-b747-e7874a451ea1": {"case_id": "381c4c94-594c-47da-abb8-35888a0a9fd4", "opinion_id": "0058d65a-1770-4bc1-b4ec-15c47c9e27eb", "paragraph_id": "95acfb77-d2ee-49ef-8093-28abb4b87511", "position": 1, "text": "Examples of works that lack a minimal degree of creativity include works consisting of “familiar symbols or designs.”", "label": "certain value"}, "ecdb66b4-52c3-473b-afad-dc5bf548c27a": {"case_id": "afb8be9f-081a-4a98-a5af-999c32a96313", "opinion_id": "d41cd642-461a-448a-b147-8758822f8568", "paragraph_id": "abf4cf33-5b3f-4c91-97d6-fc431c36795f", "position": 0, "text": "Words and short phrases such as names, titles, and slogans; familiar symbols or designs; mere variations of typographic ornamentation, lettering or coloring; mere listing of ingredients or contents.", "label": "potential value"}, "9301f6f3-4eb0-47ba-819d-614611d9d001": {"case_id": "2b9b4c20-750f-40c6-aa7d-4569ecb38716", "opinion_id": "43f5fdb4-5709-47ab-96f4-74edae9b368a", "paragraph_id": "7aa55d8a-6e3a-4e41-9677-9a566ac6b6ec", "position": 1, "text": "The crux 6f defendant’s argument is that because the design consists of common words and familiar symbols within the public domain, both of which are not copyrightable, plaintiffs design is not original and, therefore the copyright infringement claim must be dismissed.", "label": "potential value"}, "ba90eeac-4e02-4227-b17d-3288f0e2ee8c": {"case_id": "2b9b4c20-750f-40c6-aa7d-4569ecb38716", "opinion_id": "43f5fdb4-5709-47ab-96f4-74edae9b368a", "paragraph_id": "e46e1e5a-42bf-4972-a2d5-45853835982c", "position": 3, "text": "See 37 C'.F.R. § 202.1(a) (stating that “[w]ords and short phrases such as names, titles, and slogans; familiar symbols or designs; mere variations of typographic ornamentation, lettering or coloring” are not subject to copyright); Edwards v. Raymond, 22 F.Supp.3d 293, 298-99 (S.D.N.Y.2014) (“It is well established that common phrases are not eligible for copyright protection.”), appeal dismissed (July 28, 2014); William S. Geiger Corp. v. Gigi Accessories, Inc., No. 97 Civ. 5034, 1997 WL 458668, at *2 (S.D.N.Y. Aug. 11, 1997) (“plaintiff has no right to copyright ... a common geometrical shape”); cf. Nikon, Inc. v. Ikon, Corp., No. 89 CIV.6044(KMW)(NG), 1992 WL 114509, at *5 (S.D.N.Y. May 1, 1992) (noting that a smiley face graphic design is “ubiquitous in commerce, appearing on items as diverse as wrapping paper and undershorts”).", "label": "potential value"}, "89d8092a-7ceb-4a0a-90f4-ddf03ab974d3": {"case_id": "552cd6fc-99f6-49f1-aec8-289e1d593d16", "opinion_id": "3b8c272d-5458-4f25-918c-fa0a8e78b896", "paragraph_id": "848c5acf-ff82-47b4-8ec4-70d8c0d1b444", "position": 0, "text": "Second, Boisson v. Banian, Ltd., 273 F.3d 262 (2d Cir.2001), affirmed that “the alphabet is in the public domain” because “copyright protection does not apply to ‘familiar symbols or designs’ or ‘mere variations of ... lettering.’ ”", "label": "certain value"}, "072c61cd-8cfd-47b7-9c3d-af3724811201": {"case_id": "552cd6fc-99f6-49f1-aec8-289e1d593d16", "opinion_id": "3b8c272d-5458-4f25-918c-fa0a8e78b896", "paragraph_id": "848c5acf-ff82-47b4-8ec4-70d8c0d1b444", "position": 2, "text": "AMP would have the Court find that stick figure drawings, made entirely of simple and familiar symbols, are similarly not protectable.", "label": "certain value"}, "a08f0a19-10dc-4f1c-b9b3-160d1bc04eac": {"case_id": "7ebbab0c-6e37-4263-baf7-7a95aebf2dd1", "opinion_id": "cf1bbfb8-14e4-476e-b8ed-f9a5854bf074", "paragraph_id": "d8969f18-8a50-459e-b9ec-fcf46f5f1bef", "position": 0, "text": "If the answer to either question is yes, then the costume is inherently distinctive unless the costume is nothing more than a common depiction of a familiar symbol that preexisted the costume.", "label": "certain value"}, "bfa39c04-6b98-47fb-8196-02ec59cce57e": {"case_id": "8a5e17fb-cee4-4446-845c-aecea182dc09", "opinion_id": "fba3f71d-a0a1-463a-af6b-6ce52d4c3303", "paragraph_id": "c440b2de-d1aa-4845-8a74-2fc2c9956b5e", "position": 0, "text": "The Copyright Office established a regulation providing examples of the types of works that fall into the category of works that lack a minimum level of creativity and do not and do not qualify for copyright protection, including “[w]ords and short phrases such as names, titles, and slogans; familiar symbols or designs; mere variations of typographic ornamentation, lettering or coloring; mere listing of ingredients or contents.”", "label": "potential value"}, "f5fdf2f7-8a92-42f1-8e96-e54eaf4e86af": {"case_id": "d757944d-9bee-43aa-8dfc-5c46fe9f970d", "opinion_id": "92d84feb-5c55-4d9c-b3ca-02ce239a4d89", "paragraph_id": "341e5334-0f23-42c8-bf55-d2ef3b30b802", "position": 7, "text": "But the representation of a star is a familiar symbol, and can be found in every character of business and associated with all kinds of products and goods.", "label": "high value"}, "6a609fd0-6df6-4896-a112-00c6a85fad24": {"case_id": "a6f5c2bf-f998-4195-8e03-9adeabd04e4e", "opinion_id": "203cc0e2-b013-4f66-b30a-8e0636c6ccdd", "paragraph_id": "af3901ee-650c-4acc-83b5-1f464fdfbd31", "position": 3, "text": "See Arica Inst, 970 F.2d at 1072-73 (noting individual words and short phrases are generally not copyrightable); Atari Games Corp. v. Oman, 979 F.2d 242, 247 (D.C.Cir.1992) (noting “simple geometric shapes and coloring alone are per se not copyrightable”) (quotations omitted); 37 C.F.R. § 202.1(a) (“familiar symbols” and “mere variations of typographic ornamentation” are not copyrightable).", "label": "potential value"}, "d8ed078d-ffa0-48df-8d66-56bba88db9ca": {"case_id": "0317d29a-1bb6-4896-b5a7-0275b5f029d3", "opinion_id": "eb802334-90bb-41b7-87f7-985a8ff36bf9", "paragraph_id": "b5c84899-39ee-4c1d-a7f0-b3e0f34eb356", "position": 9, "text": "But the representation of a star is a familiar symbol, and can be found in every character of business and associated with all kinds of products and goods.", "label": "high value"}, "a7764ee8-d33f-459e-aa80-003b3f9c2813": {"case_id": "a86c95fb-a334-4ce9-8008-bf7b86b7e785", "opinion_id": "2fd97f55-ac16-41d1-bd7b-a21eef9537c2", "paragraph_id": "de265928-83fe-4fe0-82de-a26c57e3c28e", "position": 2, "text": "The photographic exhibits confirm the district court’s finding that defendants’ 2001-2002 holiday displays afforded City schoolchildren a “dizzying array” of seasonal symbols, Skoros v. City of New York, 2004 U.S. Dist. LEXIS 2234, at *42, allowing each student to find some familiar symbol (whether a Christmas tree, a menorah, a kinara, a star and crescent, or simply a cheerful snowman or lacy snowflake) with which to identify, while at the same time exposing the child to less familiar symbols from which he could learn about cultures and traditions different from his own.", "label": "potential value"}, "aa8aae7d-ad4c-41bf-9d8d-4a096137a8b6": {"case_id": "75cdd9b5-c59f-4934-9758-ebe3219d518c", "opinion_id": "44045bc9-9596-44a4-8dbd-b7bb40891f93", "paragraph_id": "2faa56e7-0ea1-4913-b76c-437692844896", "position": 0, "text": "The problem that has confronted the courts in trade-mark and unfair competition cases is whether, under -the facts of the particular case, there is likelihood of the deception of customers, concretely, whether purchasers or prospective purchasers of an article of merchandise having a trade-mark are likely to buy it in the mistaken belief that it is the merchandise of another since it bears -the other’s familiar symbol or trade name.", "label": "potential value"}, "00f76d44-5e89-4509-8793-b6245c49098d": {"case_id": "0c5d7301-3294-4db3-9929-84c16ab1b8b7", "opinion_id": "7bed1c76-42b0-4e4c-a439-d84e23a73cf0", "paragraph_id": "76e4dda0-cbb4-4ea3-8d9d-2959de61e365", "position": 4, "text": "Examples of works not subject to copyright include the following: words and short phrases such as names, titles, slogans; familiar symbols or designs; mere variations of typographic ornamentation, lettering or coloring; ideas, as distinguished from the particular manner in which they are expressed; blank forms which are designed for recording information and do not in themselves convey information.", "label": "potential value"}, "30c69e48-9643-49b5-9a40-5be06068dcc2": {"case_id": "819953bd-cd1e-42d3-a273-726e6e5f9eab", "opinion_id": "4c4a072e-2725-467c-a681-858d69c91c5a", "paragraph_id": "5b3ce88c-b6f7-4494-8b14-09ef2b51b5fd", "position": 1, "text": "The Copyright Office does not regard as sufficient to warrant copyright registration ‘familiar symbols or designs, mere variations of typographic ornamentation, lettering or coloring, and mere listings of ingredients or contents.’ ”", "label": "potential value"}, "09035252-435d-4a6d-9a2a-346ad57dfe09": {"case_id": "9fb95f70-003c-4ec4-8a3b-b50fd2dc8cd2", "opinion_id": "c34bff20-8c9a-4938-bf84-f4794ad4974a", "paragraph_id": "04c226ea-aa5b-4c8c-92d5-a6850a20857a", "position": 0, "text": "Moreover, while both this court and the Copyright Office have generally recognized that short phrases may not be subject to eopyrightability, see 37 C.F.R. § 202.1(a) (listing as “works not subject to copyright” “[wjords and short phrases such as names, titles, and slogans; familiar symbols or designs; mere variations of typographic ornamentation, lettering or coloring; [and] mere listing of ingredients or contents”); see also CMM Cable, 97 F.3d at 1519, applicability of this law very much turns on the specific short phrases at issue, as not all short phrases will automatically be deemed uncopyrightable, see CMM Cable, 97 F.3d at 1520 n. 20 (acknowledging that “not all short, simple, declarative sentences fall within the meaning of [37]", "label": "potential value"}, "ebdbbb79-73dd-4320-99ea-0d005ebbe6aa": {"case_id": "37817393-e332-417a-ac67-d25d92501ae8", "opinion_id": "d4e26ddb-3f21-4d9d-a014-4d0b4054f70c", "paragraph_id": "382a9f2b-2661-4055-b5d6-3d8106e7cc06", "position": 6, "text": "The photographs submitted by Plaintiff reveal that the Timber Products mark in question was accompanied by the familiar ® symbol, which signals that the mark in question is registered with the United States Patent and Trademark Office and, therefore, entitled to certain protections.", "label": "certain value"}, "8f200000-886e-4549-9770-a0fb05f39227": {"case_id": "37817393-e332-417a-ac67-d25d92501ae8", "opinion_id": "d4e26ddb-3f21-4d9d-a014-4d0b4054f70c", "paragraph_id": "c66db1e1-d74d-4959-a8a3-cdb6543ad0f9", "position": 2, "text": "As discussed above, Defendant intentionally copied the Timber Products mark, which was clearly marked with the familiar ® symbol.", "label": "potential value"}, "6b820508-49e3-41f1-8083-6717c5764249": {"case_id": "b44eb18a-2c79-4c80-bca6-aca962d06c86", "opinion_id": "7316d354-a2f8-445b-bc97-1e98862abd6f", "paragraph_id": "4f7d8659-3648-4aba-b995-bde8dbee6f09", "position": 10, "text": "Hence it is that the sight of the familiar symbol, inducing one to purchase goods to which the symbol does not properly belong, to the injury of him who devised it to mark his own goods, is the gravamen of the law of trade-marks.", "label": "potential value"}, "259a307e-ec0f-46a0-b84e-cffd1109442c": {"case_id": "786080e4-2ec0-40a9-a381-0c68f7bfc5f4", "opinion_id": "df20f700-c67c-4276-a057-43f4cef747d4", "paragraph_id": "a3640d47-55db-41cb-8945-57373dc23f0d", "position": 5, "text": "The Copyright Office does not regard as sufficient to warrant copyright registration “familiar symbols or designs, mere variations of typographic ornamentation, lettering or coloring, and mere listings of ingredients or contents.”", "label": "potential value"}, "3118d64f-af61-4457-9f8d-d3829c33779f": {"case_id": "0f2ea1f0-9c05-4dd1-ab1f-9b569423f0b7", "opinion_id": "24649f23-765e-463a-af84-ab00e60517db", "paragraph_id": "7a7ddca0-e8b8-474a-872b-b036ead3b923", "position": 2, "text": "Defendant argues that the Ring is not copyrightable because it is composed simply of “familiar symbols and designs” which are not subject to copyright protection.", "label": "potential value"}, "5f180c8b-de63-4ac9-b83c-81332d8d4125": {"case_id": "d7070288-49ba-42a5-ae6b-71aeca1bf6e3", "opinion_id": "78828a0d-af26-4eff-9cb0-6638cbd77a10", "paragraph_id": "92933b8e-e23a-4074-a247-e90700c92f7c", "position": 3, "text": "Further, Specific Software also seeks a declaratory judgment that the materials at issue were not “strikingly similar,” that any similarity \"is derived from documents in the public domain that did not originate with either [party],” that any similarly consists of \"titles, names, short phrases, slogans, familiar symbols or designs” or “ideas, procedures, methods, systems, processes, concepts, principles, discoveries, or devices, as distinguished from a description, explanation, or illustration.”", "label": "potential value"}, "5a131dc8-eaca-4867-af1a-d589cb9afe7f": {"case_id": "8c02f675-a45f-485d-a799-eb44c6e4bc80", "opinion_id": "a902bf48-9297-4b63-8ed9-9e576d1ed77f", "paragraph_id": "a2a8caa7-34ae-439b-860b-6ee82c6cdc97", "position": 2, "text": "Although a low threshold, copyright protection is not available for familiar symbols and designs.", "label": "potential value"}, "3c38e997-c5e4-4785-9fe8-ddce55407d20": {"case_id": "814c1e0a-8b1e-425e-a471-9a07cec2efde", "opinion_id": "6e637811-7371-4dbb-b1a9-fd5f86e747f5", "paragraph_id": "82ecbff7-aab9-4327-9a53-bb0fe2b7401d", "position": 4, "text": "The copious judicial history of the Pageant makes repeated references to the Park Service’s longstanding use of traditional and familiar symbols in the Pageant.", "label": "potential value"}, "f22f5d2c-19b2-4020-86c9-55067e5cdc6a": {"case_id": "814c1e0a-8b1e-425e-a471-9a07cec2efde", "opinion_id": "6e637811-7371-4dbb-b1a9-fd5f86e747f5", "paragraph_id": "03b9c568-149c-4a85-8e5d-f45e515549bc", "position": 3, "text": "The Park Service adhered to the theme and format of traditional depictions of familiar Christmas symbols and determined that CCNV’s sculpture was not such a familiar symbol, but was a novel and unconventional symbol.", "label": "high value"}, "e2d2255c-8e1c-4743-bcbf-8adfaf551424": {"case_id": "ef3e2d7e-60d2-4085-a0e5-db07e8639801", "opinion_id": "87f2f81e-82dd-49fb-8532-33c0e85cd1eb", "paragraph_id": "1595e2e6-086f-4eef-aad2-5d4f3a1a0d1e", "position": 10, "text": "The Copyright Office established a regulation providing examples of the types of works that fall into the category of works that lack a minimum level of creativity and do not qualify for copyright protection, including “[w]ords and short phrases such as names, titles, and slogans; familiar symbols or designs; mere variations of typographic ornamentation, lettering or coloring; mere listing of ingredients or contents.”", "label": "potential value"}, "54fc4573-891e-44cd-b887-690883a4293b": {"case_id": "0ec6a503-e930-4c3c-a917-35de3894ecab", "opinion_id": "148626b2-83dd-41ad-a5d5-2172ac978791", "paragraph_id": "b171c328-2a5c-4224-8699-b57c9373a2bd", "position": 2, "text": "Items not subject to copyright include “[wjords and short phrases such as names, titles, and slogans; familiar symbols or designs; mere variations of typographic ornamentation, lettering or coloring; mere listing of ingredients or contents.”", "label": "potential value"}, "b00e6f58-e7be-4aca-b651-9101348c01d7": {"case_id": "70aeed8b-ac54-47a1-a781-9a6226f1b38d", "opinion_id": "00fa8305-1c9d-4144-a3f9-8ae673db7e9a", "paragraph_id": "650e7873-db86-47d8-83f3-ebf334e6416a", "position": 0, "text": "Words and short phrases such as names, titles, and slogans; familiar symbols or designs; mere variations of typographic ornamentation, lettering or coloring; mere listing of the ingredients or contents.", "label": "potential value"}, "e7074d44-8b9e-406e-8702-a371e526a092": {"case_id": "2c512c51-5444-4061-b220-1371751e3d16", "opinion_id": "654915e3-e410-48a8-84b0-c11e053ad581", "paragraph_id": "72f144bc-f4d2-48f3-ab01-9c934213799a", "position": 1, "text": "As to the former, the examiners regarded the KOOSH ball as a familiar symbol or design; the ball’s filaments, the Chief of the Examining Division said, “basically define a sphere, and there is no copyrightable authorship in producing such a familiar shape.”", "label": "high value"}, "acffb5de-7ec8-4338-98a8-2aa5e9590fdb": {"case_id": "382037d7-ae50-48a7-a0dc-b759535b9e1b", "opinion_id": "2e67f343-3500-48d9-b4c0-a388e3eafab0", "paragraph_id": "91c79b29-3d70-4bb4-b16d-fe027232eea0", "position": 1, "text": "USOC’s charter also grants it the exclusive use of the word \"Olympiad,” the motto \"Citius Aldus Fortius,” the familiar symbol of the International Olympic Committee — five interlocking rings — and the less familiar symbol of USOC— an escutcheon with a blue chief, red and white vertical bars on the base, and the five interlocking rings on the chief.", "label": "certain value"}, "f49daf8b-5d39-49fd-a310-97f1057b1ecd": {"case_id": "537564f4-d63c-4fb8-b0bf-e5586aba5201", "opinion_id": "06bff7b3-84a7-4eea-97ec-6bdfb5e365d2", "paragraph_id": "cfc9af24-ef68-4caa-8ecd-6ea0c50ca217", "position": 2, "text": "In defense of the judgment that BREAKOUT does not pass the “modest” creativity threshold, appellate counsel for the Register pointed to the Copyright Office regulation providing that “familiar symbols or designs” and “mere variations of typographic ornamentation, lettering or coloring” are not subject to copyright.", "label": "potential value"}, "883cb89f-5a9b-4443-8ab5-8c405617fea2": {"case_id": "f8b3b085-ed83-4426-b0d0-9891cbf56949", "opinion_id": "a1757602-fd07-4458-b9da-a38305a3ba9d", "paragraph_id": "f707531d-bd47-4380-8f9c-5f3d0acf2c49", "position": 3, "text": "The deception arose from the familiar symbol, “ AAA ”, placed on the truck with the respondent’s name, “ Mindy Auto Towing ” which, in and of itself, indicated a connection between the two.", "label": "potential value"}, "ff6071cc-f8c8-4d21-b74f-a3307eab997c": {"case_id": "3b33dd11-f7b2-46b1-bd26-84826ff61e0f", "opinion_id": "6f1abd6c-fc86-408b-8724-1e0ab0f1832b", "paragraph_id": "cb4f5040-20cb-4ef6-9327-434d389c9fe2", "position": 3, "text": "The floor area in the main lobby was covered with vinyl tile and in the center was an inlaid pattern or “logo” designated as “Sir Greenback,” with an advertising symbol which was the bank’s familiar symbol.", "label": "potential value"}, "1e168e52-ea8e-429c-a589-47b021e461c2": {"case_id": "7dbf2643-a2b3-4d8c-aab0-8bd37503108e", "opinion_id": "0ec55f6e-6c52-4eac-a099-82c658d8a306", "paragraph_id": "f80b7127-9729-4ccf-84da-1eb5ced569b2", "position": 2, "text": "In fact, the surveyor, on the plat of survey, not only puts the encircled “2” on both the North 130 feet of Lot 11 and that portion of Lots 12, 13 and 14 on which is situated the warehouse and double garage, but also puts the familiar symbol of joinder, resembling a dogleg, dear to the heart of all surveyors, on the line between Lot 11 and Lots 12, 13 and 14.", "label": "potential value"}, "e94d22d5-937d-4940-9f79-1240786947f0": {"case_id": "47c00874-16de-40bf-b2f3-74ed26c83bb6", "opinion_id": "ed08bcb4-9a2d-40dd-aadc-cf3f72a1f36e", "paragraph_id": "e991baaa-df9e-40a0-8ba9-ac184e7a3575", "position": 11, "text": "Hence it is that the sight of a familiar symbol inducing one to purchase goods to which the symbol-does not properly belong, to the injury of him who devised it to mark his own goods, is the gravamen of the law of trade-marks.", "label": "potential value"}, "bdabe747-dad9-45e9-8c66-767ad4c13a0a": {"case_id": "e1690d07-00e1-44c9-8891-9161af3d5b8d", "opinion_id": "7835b969-1d97-404e-a1b3-a9059f19d44e", "paragraph_id": "f16c37a2-0a89-4204-a8f5-776f6e1d2c66", "position": 1, "text": "The administrator of plaintiff pension fund drew two certified checks for $100,000 each to the order of defendant Totowa Savings and Loan Association on the fund’s account with defendant Chase Manhattan Bank; the purpose of the checks was purchase by the fund of two certificates of deposit from Totowa, and the familiar symbol \"CD” appeared accordingly on each check.", "label": "potential value"}}