{"c21f5d81-c1dd-4791-b951-910194bd5859": {"case_id": "df44f843-bd82-42e6-9c21-c88f0c3c8c21", "opinion_id": "1e4b9fe7-4758-44f3-8719-8e698916ee61", "paragraph_id": "aea299e9-5b16-4df3-a1dd-c725df829c48", "position": 0, "text": "After extensive debates, Congress passed the Semiconductor Chip Protection Act in 1985, creating sui generis protection for mask works embodied in semiconductor chip products.", "label": "certain value"}, "9c9e450e-1d4a-41f4-a5c7-21875976909f": {"case_id": "df44f843-bd82-42e6-9c21-c88f0c3c8c21", "opinion_id": "1e4b9fe7-4758-44f3-8719-8e698916ee61", "paragraph_id": "05ef100f-25f5-45f8-9015-79c56c2c8e67", "position": 0, "text": "(A) having or representing the predetermined, three-dimensional pattern of metallic, insulating, or semiconductor material present or removed from the layers of a semiconductor chip product; and\n(B) in which series the relation of the images to one another is that each image has the pattern of the surface of one form of the semiconductor chip product.", "label": "certain value"}, "2c06d4ef-63a9-415d-92a4-0c5c5177e55d": {"case_id": "df44f843-bd82-42e6-9c21-c88f0c3c8c21", "opinion_id": "1e4b9fe7-4758-44f3-8719-8e698916ee61", "paragraph_id": "8faa5d97-0c24-4cae-a0fd-371bdaf910d2", "position": 1, "text": "A semiconductor chip product, in turn, is\nthe final or intermediate form of any product—", "label": "no value"}, "b506489d-c6f9-4193-a1be-a7777e893985": {"case_id": "df44f843-bd82-42e6-9c21-c88f0c3c8c21", "opinion_id": "1e4b9fe7-4758-44f3-8719-8e698916ee61", "paragraph_id": "bd2412f2-6718-48c6-be27-427430e06c27", "position": 0, "text": "The SCPA grants the owner of a mask work the exclusive rights to reproduce the mask work and to “import or distribute a semiconductor chip product in which the mask work is embodied.”", "label": "certain value"}, "c41ddf90-37ba-4fff-8cae-ca6d9aa8a1f8": {"case_id": "f0a77f1b-8a48-4dac-b409-b7bc7ab01d6e", "opinion_id": "6ef0c2c4-07a2-44ea-9051-9fd5afbdbc55", "paragraph_id": "526903de-ff59-46bb-a4e3-d810cdf09a75", "position": 0, "text": "The legislative history of the SCPA reveals, however, • that Congress passed a separate statute to protect semiconductor chip products because it believed that semiconductor chips were intrinsically utilitarian articles that were not protected under the Copyright Act.", "label": "certain value"}, "e69d5e3b-4713-47db-a9b9-0e0b3459fa13": {"case_id": "f0a77f1b-8a48-4dac-b409-b7bc7ab01d6e", "opinion_id": "6ef0c2c4-07a2-44ea-9051-9fd5afbdbc55", "paragraph_id": "526903de-ff59-46bb-a4e3-d810cdf09a75", "position": 7, "text": "Moreover, Congress expressly stated that it did not intend to “limit, enlarge or otherwise affect the scope, duration, ownership or subsistence of copyright protection ... in computer programs, data bases, or any other copyrightable works embodied in semiconductor chip products.”", "label": "certain value"}, "a61cc6a6-c211-4650-b4d7-2b3086724485": {"case_id": "a8aa590e-3075-44e3-bbdb-7a931c1992cf", "opinion_id": "66f80d1b-fd8b-4f4b-b900-d683d5cb176c", "paragraph_id": "577823d0-4d5a-498e-87a8-dabef9145f43", "position": 1, "text": "Subsection (c)(vii) requires that “[i]n eases where a computer program, database compilation ... or the like ... if published is published only in the form of machine-readable copies (such as magnetic tape or disks, punched cards, semiconductor chip products, or the like) other than a CD-ROM format,” a deposit must be made if “the work cannot ordinarily be perceived except with the aid of a machine or device.”", "label": "high value"}, "5b095af7-35f4-4e35-8af1-c80220e7b54d": {"case_id": "0f774c60-2b56-482b-8948-e02f75071b62", "opinion_id": "ac27a25c-7a2a-4cf4-b2ea-e4f86f572efc", "paragraph_id": "288c643d-85c5-48a3-a0b9-76853f7c980b", "position": 2, "text": "This set of masks is called a “mask work”, and is part of the semiconductor chip product.", "label": "high value"}, "265cbab8-6a36-4f26-9619-ad149d9e51a2": {"case_id": "0f774c60-2b56-482b-8948-e02f75071b62", "opinion_id": "ac27a25c-7a2a-4cf4-b2ea-e4f86f572efc", "paragraph_id": "288c643d-85c5-48a3-a0b9-76853f7c980b", "position": 3, "text": "The statute defines a mask work as:\na series of related images, however fixed or encoded\n(A) having or representing the predetermined, three dimensional pattern of metallic, insulating, or semiconductor material present or removed from the layers of a semiconductor chip product; and\n(B) in which series the relation of the images to one another is that each image has the pattern of the surface of one form of a semiconductor chip product.", "label": "certain value"}, "609a606b-20e1-457b-a22e-98d2bcad5799": {"case_id": "0f774c60-2b56-482b-8948-e02f75071b62", "opinion_id": "ac27a25c-7a2a-4cf4-b2ea-e4f86f572efc", "paragraph_id": "07c1420a-7fdc-4a06-9223-5e6a824f3a86", "position": 1, "text": "The semiconductor chip product in turn is defined as: the final or intermediate form of any product—", "label": "no value"}, "f1f183e4-6275-4644-a6ae-f2d3c3dac453": {"case_id": "0f774c60-2b56-482b-8948-e02f75071b62", "opinion_id": "ac27a25c-7a2a-4cf4-b2ea-e4f86f572efc", "paragraph_id": "f0e5c4e5-9e87-43b6-a21f-a032b646ad23", "position": 0, "text": "The Semiconductor Chip Protection Act of 1984, ... would prohibit “chip piracy” — the unauthorized copying and distribution of semiconductor chip products copied from the original creators of such works.", "label": "potential value"}, "e4661618-1a11-40b7-af92-089590a43160": {"case_id": "0f774c60-2b56-482b-8948-e02f75071b62", "opinion_id": "ac27a25c-7a2a-4cf4-b2ea-e4f86f572efc", "paragraph_id": "da40b188-f88b-43f0-91ee-09bc52f04871", "position": 0, "text": "In the evolution of the Semiconductor Chip Protection Act it was first proposed simply to amend the Copyright Act, 17 U.S.C. § 101 et seq., to include semiconductor chip products and mask works as subject of copyright.", "label": "potential value"}, "158bb041-1525-4c7a-9338-8fbf8c7ff6e6": {"case_id": "0f774c60-2b56-482b-8948-e02f75071b62", "opinion_id": "ac27a25c-7a2a-4cf4-b2ea-e4f86f572efc", "paragraph_id": "13037ac8-20c8-4663-8360-9d52d494029b", "position": 0, "text": "The Semiconductor Chip Protection Act provides for the grant of certain exclusive rights to owners of registered mask works, including the exclusive right “to reproduce the mask work by optical, electronic, or any other means”, and the exclusive right “to import or distribute a semiconductor chip product in which the mask work is embodied”.", "label": "certain value"}, "7d8b2a38-0516-48d0-ac35-6f6b1d596f66": {"case_id": "0f774c60-2b56-482b-8948-e02f75071b62", "opinion_id": "ac27a25c-7a2a-4cf4-b2ea-e4f86f572efc", "paragraph_id": "7da2918c-4053-43f5-8fda-980ce1befcf5", "position": 0, "text": "The Semiconductor Chip Protection Act defines an “infringing semiconductor chip product” as one which is “made, imported, or distributed in violation of the exclusive rights” of the mask work owner.", "label": "potential value"}, "96cc63ff-a989-4bda-8f24-da0441f8f2f2": {"case_id": "0f774c60-2b56-482b-8948-e02f75071b62", "opinion_id": "ac27a25c-7a2a-4cf4-b2ea-e4f86f572efc", "paragraph_id": "d838dcbd-3865-4007-92a4-c2d97585e20b", "position": 0, "text": "Senators Mathias and Leahy explained that § 906(a) includes a provision\nto clarify the intent of both chambers that competitors are permitted not only to study the protected mask works, but also to use the results of that study to design, distribute and import semiconductor chip products embodying their own original mask works.", "label": "certain value"}, "249a1d23-3a5b-4b0a-89e0-9e631b9fd234": {"case_id": "0f774c60-2b56-482b-8948-e02f75071b62", "opinion_id": "ac27a25c-7a2a-4cf4-b2ea-e4f86f572efc", "paragraph_id": "786467d8-3cf1-4a94-bd4d-c9278cb6d283", "position": 1, "text": "If the resulting semiconductor chip product is not substantially identical to the original, and its design involved significant toil and investment, so that it is not mere plagiarism, it does not infringe the original chip, even if the layout of the two chips is, in substantial part, similar.", "label": "potential value"}, "a080847c-b21e-42a6-8f1a-620282f6f88c": {"case_id": "0f774c60-2b56-482b-8948-e02f75071b62", "opinion_id": "ac27a25c-7a2a-4cf4-b2ea-e4f86f572efc", "paragraph_id": "3d2397c7-2673-4a8a-a833-4fc39028292c", "position": 0, "text": "The end product of the reverse-engineering process may be an original mask work, and therefore not an infringing mask work, if the resulting semiconductor chip product is not substantially identical to the protected mask work and its design involved significant toil and investment so that it is not mere plagiarism.", "label": "certain value"}, "b18be3e4-e9da-4ad4-9404-294182b71e82": {"case_id": "715e4526-589f-47f0-a5bb-b60c215fc2a1", "opinion_id": "4a76915e-373e-46f4-9ded-c7d4e6cfdf16", "paragraph_id": "f63f7ebb-925b-46eb-b644-936e018b3735", "position": 0, "text": "Brooktree is a California corporation in the business of designing, manufacturing, and selling semiconductor chip products used in computer graphic displays.", "label": "potential value"}, "7351b013-83ff-4045-85f5-44582c5ac596": {"case_id": "715e4526-589f-47f0-a5bb-b60c215fc2a1", "opinion_id": "4a76915e-373e-46f4-9ded-c7d4e6cfdf16", "paragraph_id": "af56d06e-46cd-471a-98ea-09b9d1baecfd", "position": 0, "text": "(A) having or representing the predetermined, three-dimensional pattern of metallic, insulating, or semiconductor material present or removed from the layers of a semiconductor chip product; and\n(B) in which series the relation of the images to one another is that each image has the pattern of the surface of one form of the semiconductor chip product;", "label": "certain value"}, "e4b4e4e6-e425-44d5-b3c9-8d00daa8d716": {"case_id": "28358ed8-8f64-454a-891a-214171c2b8d6", "opinion_id": "8b94e4b7-fe00-4c67-b7a6-4a7b8451bd9c", "paragraph_id": "8699ebac-d757-4f91-8bf8-d9e55dc28748", "position": 0, "text": "Brooktree is a California corporation in the business of designing, manufacturing, and selling semiconductor chip products used in computer graphic displays.", "label": "potential value"}, "fee7988e-3463-431c-be77-2a9d910f1851": {"case_id": "ec679b6f-cfd2-4fd9-98b7-6db5bf3ec01f", "opinion_id": "1c28aa9f-5b09-4bb4-8a6c-3d81a93d6dbe", "paragraph_id": "f8ee6959-d753-4d9f-a120-fa57a7ff2013", "position": 0, "text": "Brooktree is a California corporation in the business of designing, manufacturing, and selling semiconductor chip products used in computer graphic displays.", "label": "potential value"}, "45c67744-8039-446e-9cc4-ffb916d2ea28": {"case_id": "ec679b6f-cfd2-4fd9-98b7-6db5bf3ec01f", "opinion_id": "1c28aa9f-5b09-4bb4-8a6c-3d81a93d6dbe", "paragraph_id": "66ec278c-7a25-498f-b5ca-74509451c3a9", "position": 3, "text": "The language of AMD’s proposed order covers only color palette chips containing the identical circuitry as that found to infringe Brooktree’s patents; or the importing, distributing, inducing or knowingly causing another to import or distribute, any semiconductor chip products containing the mask work layout of the static RAM cells found to have infringed Brooktree’s mask work rights.", "label": "certain value"}, "73f3811c-e96b-44c5-9f68-e88a8d8d5947": {"case_id": "f0788067-87fc-4185-bbc5-72520ee8e144", "opinion_id": "fdb590ac-bd70-48f3-b28a-a57b72e15329", "paragraph_id": "01e51fd0-dd32-4f6a-8048-c0dd13fcd4cf", "position": 1, "text": "See 17 U.S.C. § 901(a)(4) (stating, in context of copyright protection of semiconductor chip products, that “to ‘distribute’ means to sell, or to lease, bail, or otherwise transfer, or to offer to sell, lease, bail, or otherwise transfer”); 17 U.S.C. § 506(a)(1)(C) (imposing criminal penalties for “the distribution of a work being prepared for commercial distribution, by making it available on a computer network accessible to members of the public”).", "label": "potential value"}, "7d75a9a9-15d9-4fbf-a563-57b675818ae2": {"case_id": "3782529b-81fa-4608-82b4-df6fa2f13238", "opinion_id": "eecfae42-d9d7-4a49-9e2a-68ac3f42a2c1", "paragraph_id": "f92afa5d-294d-40df-b14a-8ce538706fec", "position": 8, "text": "SanDisk’s engineer then made a presentation, describing several of SanDisk’s patents and analyzing how a semiconductor chip product sold by ST infringes.", "label": "potential value"}, "8172327d-19a8-47a1-a5e8-cb251c71e4b6": {"case_id": "d65dbba9-4da0-4518-aa06-bd5483885353", "opinion_id": "38a34d79-6d64-4672-ae98-91ce89e81785", "paragraph_id": "d0823518-69bb-4e88-a3c9-dab7da869036", "position": 0, "text": "We are also aware of the Semiconductor Chip Protection Act of 1984 (17 U.S.C. § 901 et seq.), which was designed to protect mask works of semiconductor chip products against unauthorized duplication.", "label": "certain value"}}