{"aea299e9-5b16-4df3-a1dd-c725df829c48": {"case_id": "df44f843-bd82-42e6-9c21-c88f0c3c8c21", "opinion_id": "1e4b9fe7-4758-44f3-8719-8e698916ee61", "text": "After extensive debates, Congress passed the Semiconductor Chip Protection Act in 1985, creating sui generis protection for mask works embodied in semiconductor chip products. The Act borrows heavily from copyright law, and was initially proposed as an extension of existing copyright protection. S. Rep. 98-425 at 9; S.Rep. No. 98-425 at 12-13 (1984) (analogizing mask works to technical drawings or audiovisual works subject to copyright protection). In analogizing semiconductor chips to traditional areas of copyright law, the legislative history notes that, just as a plagiarist who copies only one chapter of a book may be held liable for infringement, a person may be liable for copying a part of a mask work if it is a qualitatively important portion that results in substantial similarity. S.Rep. No. 98^425 at 16-18. The realities of the business world,, however, would purportedly make it impractical for a copyist to copy a part of a chip but create the rest of the chip independently. Id. Where chips appeared to be similar, Congress assumed that admitting expert testimony to assist in determining whether subtle changes in a mask work layout were significant would resolve the problem of distinguishing a copy from a legitimate reverse engineering attempt in most cases. Id.", "position": 25}, "05ef100f-25f5-45f8-9015-79c56c2c8e67": {"case_id": "df44f843-bd82-42e6-9c21-c88f0c3c8c21", "opinion_id": "1e4b9fe7-4758-44f3-8719-8e698916ee61", "text": "(A) having or representing the predetermined, three-dimensional pattern of metallic, insulating, or semiconductor material present or removed from the layers of a semiconductor chip product; and\n(B) in which series the relation of the images to one another is that each image has the pattern of the surface of one form of the semiconductor chip product.", "position": 27}, "8faa5d97-0c24-4cae-a0fd-371bdaf910d2": {"case_id": "df44f843-bd82-42e6-9c21-c88f0c3c8c21", "opinion_id": "1e4b9fe7-4758-44f3-8719-8e698916ee61", "text": "17 U.S.C. § 901(a)(2). A semiconductor chip product, in turn, is\nthe final or intermediate form of any product—", "position": 28}, "bd2412f2-6718-48c6-be27-427430e06c27": {"case_id": "df44f843-bd82-42e6-9c21-c88f0c3c8c21", "opinion_id": "1e4b9fe7-4758-44f3-8719-8e698916ee61", "text": "The SCPA grants the owner of a mask work the exclusive rights to reproduce the mask work and to “import or distribute a semiconductor chip product in which the mask work is embodied.” 17 U.S.C. § 905. The Act does not, however, extend protection “to any idea, procedure, process, system, method of operation, concept, principle, or discovery, regardless of the form in which it is described, explained, illustrated, or embodied in such work.” 17 U.S.C. § 902(c).", "position": 31}, "526903de-ff59-46bb-a4e3-d810cdf09a75": {"case_id": "f0a77f1b-8a48-4dac-b409-b7bc7ab01d6e", "opinion_id": "6ef0c2c4-07a2-44ea-9051-9fd5afbdbc55", "text": "The legislative history of the SCPA reveals, however, • that Congress passed a separate statute to protect semiconductor chip products because it believed that semiconductor chips were intrinsically utilitarian articles that were not protected under the Copyright Act. H.R.Rep. No. 781, 98th Cong., 2d Sess. 8-10, reprinted in 1984 U.S.C.C.A.N. 6750, 5757-59. Accordingly, rather- than amend the Copyright Act to extend traditional copyright protection to chips, it enacted “a sui generis form of protection, apart from and independent of the copyright laws.” Id. at 10, 1984 U.S.C.C.A.N. at 5759. Because Congress did not believe that semiconductor chips were eligible for copyright protection in the first instance, the fact that it included an exception for reverse engineering of mask work in the SCPA says nothing about its intent with respect to the lawfulness of disassembly of computer programs under the Copyright Act. Nor is the fact that Congress did not contemporaneously amend the Copyright Act to permit disas-sembly significant, since it was focusing on the protection to be afforded to semiconductor chips. Here we are dealing not with an alleged violation of the SCPA, but with the copying of a computer program, which is governed by the Copyright Act. Moreover, Congress expressly stated that it did not intend to “limit, enlarge or otherwise affect the scope, duration, ownership or subsistence of copyright protection ... in computer programs, data bases, or any other copyrightable works embodied in semiconductor chip products.” Id. at 28, 1984 U.S.C.C.A.N. at 5777. Accordingly, Sega’s second statutory argument also fails. We proceed to consider Accolade’s fair use defense.", "position": 54}, "577823d0-4d5a-498e-87a8-dabef9145f43": {"case_id": "a8aa590e-3075-44e3-bbdb-7a931c1992cf", "opinion_id": "66f80d1b-fd8b-4f4b-b900-d683d5cb176c", "text": "37 C.F.R. § 202.20 regulates deposits of copies and phonorecords for copyright registration. Subsection (c)(vii) requires that “[i]n eases where a computer program, database compilation ... or the like ... if published is published only in the form of machine-readable copies (such as magnetic tape or disks, punched cards, semiconductor chip products, or the like) other than a CD-ROM format,” a deposit must be made if “the work cannot ordinarily be perceived except with the aid of a machine or device.” Imageline posits that its clip art images are of such a nature that they can be visually perceived when printed out as a two-dimensional drawing. Thus, consistent with its reading of the Compendium, Imageline posits that its deposit of the complete printout of all of the individual clip art images which it sought to register, in addition to its deposit of the magnetic tapes and CD-ROM media, clearly complied with the requirements for works that are both machine-readable computer software and visually perceptible works.", "position": 89}, "288c643d-85c5-48a3-a0b9-76853f7c980b": {"case_id": "0f774c60-2b56-482b-8948-e02f75071b62", "opinion_id": "ac27a25c-7a2a-4cf4-b2ea-e4f86f572efc", "text": "Chip design layouts embody the selection and configuration of electrical components and connections in order to achieve the desired electronic functions. The electrical elements are configured in three dimensions, and are built up in layers by means of a series of “masks” whereby, using photographic depositing and etching techniques, layers of metallic, insulating, and semiconductor material are deposited in the desired pattern on a wafer of silicon. This set of masks is called a “mask work”, and is part of the semiconductor chip product. The statute defines a mask work as:\na series of related images, however fixed or encoded\n(A) having or representing the predetermined, three dimensional pattern of metallic, insulating, or semiconductor material present or removed from the layers of a semiconductor chip product; and\n(B) in which series the relation of the images to one another is that each image has the pattern of the surface of one form of a semiconductor chip product.", "position": 8}, "07c1420a-7fdc-4a06-9223-5e6a824f3a86": {"case_id": "0f774c60-2b56-482b-8948-e02f75071b62", "opinion_id": "ac27a25c-7a2a-4cf4-b2ea-e4f86f572efc", "text": "17 U.S.C. § 901(a)(2). The semiconductor chip product in turn is defined as: the final or intermediate form of any product—", "position": 9}, "f0e5c4e5-9e87-43b6-a21f-a032b646ad23": {"case_id": "0f774c60-2b56-482b-8948-e02f75071b62", "opinion_id": "ac27a25c-7a2a-4cf4-b2ea-e4f86f572efc", "text": "The Semiconductor Chip Protection Act of 1984, ... would prohibit “chip piracy” — the unauthorized copying and distribution of semiconductor chip products copied from the original creators of such works.", "position": 15}, "da40b188-f88b-43f0-91ee-09bc52f04871": {"case_id": "0f774c60-2b56-482b-8948-e02f75071b62", "opinion_id": "ac27a25c-7a2a-4cf4-b2ea-e4f86f572efc", "text": "In the evolution of the Semiconductor Chip Protection Act it was first proposed simply to amend the Copyright Act, 17 U.S.C. § 101 et seq., to include semiconductor chip products and mask works as subject of copyright. See H.R. 1028, 98th Cong., 1st Sess. (1983). However, although some courts had interpreted copyright law as applicable to computer software imbedded in a semiconductor chip, see Apple Computer, Inc. v. Franklin Computer Corp., 714 F.2d 1240, 1249, 219 USPQ 113, 121 (3d Cir.1983), cert. dismissed, 464 U.S. 1033, 104 S.Ct. 690, 79 L.Ed.2d 158 (1984), it was uncertain whether the copyright law could protect against copying of the pattern on the chip itself, if the pattern was deemed inseparable from the utilitarian function of the chip. Indeed, the Copyright Office had refused to register patterns on printed circuit boards and semiconductor chips because no separate artistic aspects had been demonstrated. Copyright Protection for Semiconductor Chips: Hearings on H.R. 1028 Before the Subcomm. on Courts, Civil Liberties, and the Administration of Justice of the House Comm, on the Judiciary, 98th Cong., 1st Sess., 77 (1983) (hereinafter 1983 House Hearings) (statement of Dorothy Schrader, Associate Register of Copyrights for Legal Affairs). Concern was also expressed that extension of the copyright law to accommodate the problems of mask works would distort certain settled copyright doctrines, such as fair use. 1983 House Hearings at 16-17 (statement of Jon A. Baumgarten, Copyright Counsel, Association of American Publishers, Inc.)", "position": 17}, "13037ac8-20c8-4663-8360-9d52d494029b": {"case_id": "0f774c60-2b56-482b-8948-e02f75071b62", "opinion_id": "ac27a25c-7a2a-4cf4-b2ea-e4f86f572efc", "text": "The Semiconductor Chip Protection Act provides for the grant of certain exclusive rights to owners of registered mask works, including the exclusive right “to reproduce the mask work by optical, electronic, or any other means”, and the exclusive right “to import or distribute a semiconductor chip product in which the mask work is embodied”. 17 U.S.C. § 905. Mask works that are not “original”, or that consist of “designs that are staple, commonplace, or familiar in the semiconductor industry, or variations of such designs, combined in a way that, considered as a whole, is not original”, are excluded from protection. 17 U.S.C. § 902(b). Protection is also not extended to any “idea, procedure, process, system, method of operation, concept, principle, or discovery, regardless of the form in which it is described, explained, illustrated or embodied” in the mask work. 17 U.S.C. § 902(c).", "position": 20}, "7da2918c-4053-43f5-8fda-980ce1befcf5": {"case_id": "0f774c60-2b56-482b-8948-e02f75071b62", "opinion_id": "ac27a25c-7a2a-4cf4-b2ea-e4f86f572efc", "text": "The Semiconductor Chip Protection Act defines an “infringing semiconductor chip product” as one which is “made, imported, or distributed in violation of the exclusive rights” of the mask work owner. 17 U.S.C. § 901(a)(9). The text of the Semiconductor Chip Protection Act sets forth the subject matter of protection in terms of certain exclusive rights, including, inter alia, the exclusive right to “reproduce the mask work”, 17 U.S.C. § 905. This usage mirrors the words of the Copyright Act, which states the exclusive rights of copyright owners “to reproduce the copyrighted work”. 17 U.S.C. § 106. Although the Semiconductor Chip Protection Act does not use the word “copy” to describe infringement, the parallel language reflects the incorporation of the well-explicated copyright principle of substantial similarity into the Semiconductor Chip Protection Act, as discussed infra.", "position": 27}, "d838dcbd-3865-4007-92a4-c2d97585e20b": {"case_id": "0f774c60-2b56-482b-8948-e02f75071b62", "opinion_id": "ac27a25c-7a2a-4cf4-b2ea-e4f86f572efc", "text": "Senators Mathias and Leahy explained that § 906(a) includes a provision\nto clarify the intent of both chambers that competitors are permitted not only to study the protected mask works, but also to use the results of that study to design, distribute and import semiconductor chip products embodying their own original mask works.", "position": 49}, "786467d8-3cf1-4a94-bd4d-c9278cb6d283": {"case_id": "0f774c60-2b56-482b-8948-e02f75071b62", "opinion_id": "ac27a25c-7a2a-4cf4-b2ea-e4f86f572efc", "text": "The end product of the reverse engineering process is not an infringement, and itself qualifies for protection under the Act, if it is an original mask work as contrasted with a substantial copy. If the resulting semiconductor chip product is not substantially identical to the original, and its design involved significant toil and investment, so that it is not mere plagiarism, it does not infringe the original chip, even if the layout of the two chips is, in substantial part, similar.", "position": 51}, "3d2397c7-2673-4a8a-a833-4fc39028292c": {"case_id": "0f774c60-2b56-482b-8948-e02f75071b62", "opinion_id": "ac27a25c-7a2a-4cf4-b2ea-e4f86f572efc", "text": "The end product of the reverse-engineering process may be an original mask work, and therefore not an infringing mask work, if the resulting semiconductor chip product is not substantially identical to the protected mask work and its design involved significant toil and investment so that it is not mere plagiarism.", "position": 56}, "f63f7ebb-925b-46eb-b644-936e018b3735": {"case_id": "715e4526-589f-47f0-a5bb-b60c215fc2a1", "opinion_id": "4a76915e-373e-46f4-9ded-c7d4e6cfdf16", "text": "Brooktree is a California corporation in the business of designing, manufacturing, and selling semiconductor chip products used in computer graphic displays.", "position": 5}, "af56d06e-46cd-471a-98ea-09b9d1baecfd": {"case_id": "715e4526-589f-47f0-a5bb-b60c215fc2a1", "opinion_id": "4a76915e-373e-46f4-9ded-c7d4e6cfdf16", "text": "(A) having or representing the predetermined, three-dimensional pattern of metallic, insulating, or semiconductor material present or removed from the layers of a semiconductor chip product; and\n(B) in which series the relation of the images to one another is that each image has the pattern of the surface of one form of the semiconductor chip product;", "position": 21}, "8699ebac-d757-4f91-8bf8-d9e55dc28748": {"case_id": "28358ed8-8f64-454a-891a-214171c2b8d6", "opinion_id": "8b94e4b7-fe00-4c67-b7a6-4a7b8451bd9c", "text": "Brooktree is a California corporation in the business of designing, manufacturing, and selling semiconductor chip products used in computer graphic displays. AMD is a competitor and is one of the five largest manufacturers of chip products in the United States, with sales almost 30 times that of Brooktree.", "position": 3}, "f8ee6959-d753-4d9f-a120-fa57a7ff2013": {"case_id": "ec679b6f-cfd2-4fd9-98b7-6db5bf3ec01f", "opinion_id": "1c28aa9f-5b09-4bb4-8a6c-3d81a93d6dbe", "text": "Brooktree is a California corporation in the business of designing, manufacturing, and selling semiconductor chip products used in computer graphic displays. AMD is a competitor and is one of the five largest manufacturers of chip products in the United States, with sales almost 30 times that of Brooktree.", "position": 3}, "66ec278c-7a25-498f-b5ca-74509451c3a9": {"case_id": "ec679b6f-cfd2-4fd9-98b7-6db5bf3ec01f", "opinion_id": "1c28aa9f-5b09-4bb4-8a6c-3d81a93d6dbe", "text": "Both sides agree that the language of the injunction should be changed to prohibit AMD from making, using, selling, actively inducing the manufacture or sale of, or contributing to the manufacture or sale of, the circuitry that was found to infringe Brooktree’s patents, rather than the particular chips that contained that circuitry. The major difference between the two proposed orders is the narrowness with which the infringing products are defined. Brooktree’s proposed order would prohibit the making, using, selling, etc., of any chips containing circuitry found to infringe Brooktree’s patent claims; or the making, selling, etc., of any chips containing the mask work layout found to infringe Brooktree’s mask work rights. The language of AMD’s proposed order covers only color palette chips containing the identical circuitry as that found to infringe Brooktree’s patents; or the importing, distributing, inducing or knowingly causing another to import or distribute, any semiconductor chip products containing the mask work layout of the static RAM cells found to have infringed Brooktree’s mask work rights.", "position": 27}, "01e51fd0-dd32-4f6a-8048-c0dd13fcd4cf": {"case_id": "f0788067-87fc-4185-bbc5-72520ee8e144", "opinion_id": "fdb590ac-bd70-48f3-b28a-a57b72e15329", "text": "As Plaintiffs note, in other provisions of federal copyright law, Congress has explicitly defined “distribute” to include offers to distribute. See 17 U.S.C. § 901(a)(4) (stating, in context of copyright protection of semiconductor chip products, that “to ‘distribute’ means to sell, or to lease, bail, or otherwise transfer, or to offer to sell, lease, bail, or otherwise transfer”); 17 U.S.C. § 506(a)(1)(C) (imposing criminal penalties for “the distribution of a work being prepared for commercial distribution, by making it available on a computer network accessible to members of the public”). In other portions of the Copyright Act, Congress has explicitly confined the term “distribution” to a physical transfer of copyrighted material. For example, in the section of the Act providing compulsory licenses for nondramatic musical works, Congress provides: “For this purpose, and other than as provided [in Section 115(c)(3)], a phonorecord is considered ‘distributed’ if the person exercising the compulsory license has voluntarily and permanently parted with its possession.” 17 U.S.C. § 115(c)(2).", "position": 48}, "f92afa5d-294d-40df-b14a-8ce538706fec": {"case_id": "3782529b-81fa-4608-82b4-df6fa2f13238", "opinion_id": "eecfae42-d9d7-4a49-9e2a-68ac3f42a2c1", "text": "SanDisk, slip op. at 5. ST then presented a slide show which compared statistics regarding SanDisk’s and ST’s patent portfolios, revenue, and research and development expenses, and listed SanDisk’s various “unlicensed activities.” Id. This slide show was followed by a four— to five-hour presentation by ST’s technical experts, during which they identified and discussed the specific claims of each patent and alleged that they were infringed by SanDisk. According to Thompson, the presentation by ST’s technical experts included “mapping] the elements of each of the allegedly infringed claims to the aspects of the accused San-Disk products alleged to practice the elements.” Id. Thompson declares that “the experts liberally referred to SanDisk’s (alleged) infringement of [ST’s] products.” Id., slip op. at 5-6. SanDisk’s engineer then made a presentation, describing several of SanDisk’s patents and analyzing how a semiconductor chip product sold by ST infringes. Id., slip op. at 6.", "position": 8}, "d0823518-69bb-4e88-a3c9-dab7da869036": {"case_id": "d65dbba9-4da0-4518-aa06-bd5483885353", "opinion_id": "38a34d79-6d64-4672-ae98-91ce89e81785", "text": "We are also aware of the Semiconductor Chip Protection Act of 1984 (17 U.S.C. § 901 et seq.), which was designed to protect mask works of semiconductor chip products against unauthorized duplication. Both the language and the legislative history of that act indicate that it, too, has no effect on these proceedings. Nothing in the act may “detract from any rights of a mask work owner” under the common law or statutes of a state “with respect to any mask work first commercially exploited before July 1, 1983.” (17 U.S.C. § 912(e).) These crimes occurred between 1975 and 1978. Further, as trade secret laws provide a different form of protection than that found in the new Federal act, it was apparently the intent of Congress “that state laws protecting trade secrets shall not be preempted.” (1984 U.S. Code Cong. & Admin. News, at p. 5777.) Appellant’s reliance on trade secret theories applicable in civil proceedings thus becomes self-defeating.", "position": 151}}