{"4db80de6-d87b-425c-b3a0-bdf7276a36d1": {"case_id": "497ce2c3-74d1-419d-810b-8c30752d9570", "opinion_id": "80acdbb5-6c60-43cc-b812-2e7d7cefba5c", "paragraph_id": "329b09ca-da1e-4a73-a9ed-f62d438321a3", "position": 1, "text": "Prior to getting underway, the Third Mate onboard the Saudi Makkah conducted a test of all navigation equipment.", "label": "potential value"}, "535c5685-f3d8-4330-8239-b1d85cbb6940": {"case_id": "497ce2c3-74d1-419d-810b-8c30752d9570", "opinion_id": "80acdbb5-6c60-43cc-b812-2e7d7cefba5c", "paragraph_id": "066b9413-b22a-490a-8cb5-39114e4a9e32", "position": 1, "text": "The Control Room watch team consists of a: (1) quartermaster of the watch, who is responsible to keep the navigation plot of the vessel on a navigation chart; (2) a helmsman; (3) a navigational electronics technician, who is responsible to maintain the ship’s inertial navigation equipment; (4) two radar operators; (5) two sonar operators; (6) two fire control technicians, who receive contact positions information from sonar, radar and visual and then develop a contact solution, a bearing, range, course and speed of every contact; and (7) a Contact Coordinator, who is responsible to evaluate all the information from the control room, including radar, sonar, fire control and the quartermaster and make recommendations to the Officer of the Deck (OOD) concerning courses to avoid contacts.", "label": "certain value"}, "e8114d4e-9674-4b0a-b96c-ae6a04993271": {"case_id": "2a963aba-7400-4239-a261-c4e22442d113", "opinion_id": "a5c72b47-32dd-458f-acc1-9c37263c8c9e", "paragraph_id": "7a32d76b-1610-42b1-8969-7e85aafa8387", "position": 1, "text": "Plaintiff, on board as both passenger and crew, suffered abrasions, a concussion, injuries to her teeth, jaw, and toe, enduring pain, and the loss of wages and property including navigation equipment.", "label": "potential value"}, "3b19ae90-2292-4e7a-92de-5dc07c9baec1": {"case_id": "3bef4eab-92d7-4190-a5cb-160fb9328596", "opinion_id": "f51371f5-d16f-41bc-9f61-28542dc89042", "paragraph_id": "67c0e617-28ce-4ebf-9138-d113c8ce8545", "position": 1, "text": "Plaintiff, in addition to the goods named in its trademark registrations, has used the mark “ECI” in connection with control-element actuators, navigation equipment, computers, aircraft instruments, ammunition boosters, fuel pumps, and simulators.", "label": "potential value"}, "0262089d-163c-4e66-8d04-7db9dabe4584": {"case_id": "c09165cc-28e5-4b29-919b-96520fee1326", "opinion_id": "6113848a-fadd-4d2c-91ae-89c1a5362c1f", "paragraph_id": "b1b3b096-3d64-4f8b-8deb-3969d07835c2", "position": 1, "text": "His new vessel, the Captain JR, was outfitted with state-of-the-art navigation equipment and large fuel tanks.", "label": "potential value"}, "178d1042-2863-40ec-af3f-2df72afa950b": {"case_id": "daeb7694-907e-46b9-80fe-37d57c90fa79", "opinion_id": "fa07628d-f515-4233-8a00-c5c3aaf31374", "paragraph_id": "44e70f8a-dba3-4473-acb9-be5956376679", "position": 1, "text": "Witnesses testified that the southern resupply missions could have been flown at night if the planes contained the proper navigation equipment, and that such night flights would have been “safer” than flying during the day.", "label": "potential value"}, "037be537-6c89-48b3-8b10-10d0c182092d": {"case_id": "daeb7694-907e-46b9-80fe-37d57c90fa79", "opinion_id": "fa07628d-f515-4233-8a00-c5c3aaf31374", "paragraph_id": "bccb22ee-242e-41e4-938f-4b0323122905", "position": 3, "text": "Thus, the absence of night navigation equipment had no impact on the relevant risk.", "label": "potential value"}, "634715a6-aaef-45af-b565-4cf32704110f": {"case_id": "1a8a7445-ee2a-4fa1-a05f-5f9e9587e5a4", "opinion_id": "f9a0ca26-25a0-4f38-b0e1-5152e571e15d", "paragraph_id": "e182d537-82f3-4acc-a23a-e5c1e7c78b27", "position": 3, "text": "Security at FAMCO was “pretty good,” R.6-314, but, because breaking into airplanes is “not that hard,” R.6-214, thefts of radios and navigation equipment as well as vandalism were often reported.", "label": "potential value"}, "441bd615-b26c-4632-a4e0-d64159239343": {"case_id": "29caa686-299a-4865-8a27-ca0afce2a8bd", "opinion_id": "d5c3a9c6-8ac1-4b5d-9c82-35236f0add68", "paragraph_id": "8827affe-9038-4e7b-b66a-e12ebe6471b9", "position": 10, "text": "On remand, the failure of both vessels to use radar or other available navigation equipment needs to be developed more fully.", "label": "certain value"}, "2d9396fe-c338-4035-a685-6e869be9a8d2": {"case_id": "27e15f0b-2e38-4629-b7f8-bfbb929955b9", "opinion_id": "a35f6bfa-2726-4c09-9d6b-10111fc98b50", "paragraph_id": "2655f373-f392-447e-a6fd-588ead751e84", "position": 2, "text": "Second, although the ship’s log book contained meticulous readings of the Blue Crown’s location coordinates, as inscribed by Eltayib and Pena, there was a 48-hour lacuna in the entries with an annotation indicating that the readings coming in from the ship’s satellite navigation equipment during that time were inaccurate.", "label": "certain value"}, "1af9eae8-7aed-410e-9eb6-c60ab07d0db3": {"case_id": "4282ce58-ca91-40e8-bfa6-968ca119d7cb", "opinion_id": "5146e57b-bcf1-4fcc-b1b8-516b0b2d468f", "paragraph_id": "80a8c11c-19fe-4e74-a180-f6ddeea29173", "position": 1, "text": "At all times relevant to the case, and until its merger with Northrop Grumman Corporation in 2001, Litton was a worldwide provider of goods and services ranging from military and commercial electronic systems to navigation equipment.", "label": "potential value"}, "93ac06cf-e743-4320-9fbb-9d49460dc9d5": {"case_id": "1ea5305f-6550-4899-9a95-68cd00bef337", "opinion_id": "fcc96d3b-98c9-4300-85c6-58cc2eb58b53", "paragraph_id": "30bec260-cb41-4be0-8755-5d8a2f1d17c6", "position": 1, "text": "Pursuant to the Captain’s Manual, Tecomar maintains duplicate files in its offices and on its vessels with respect to the following items: (a) the technical file; (b) inspection reports; (c) daily position reports; (d) monthly reports; (e) spare parts requests; (f) the status report of navigation equipment; and (g) various other operational matters.", "label": "potential value"}, "575e28b5-ff61-428d-92a6-7021eea4c498": {"case_id": "d5681480-9d1c-48e0-9a32-5062e20f9dce", "opinion_id": "55d7a9d1-376e-4bb9-81af-ddb975cbc7a4", "paragraph_id": "58db5976-1cc4-4983-b484-04ee36b8b9e1", "position": 0, "text": "In In re Complaint of Chesapeake Shipping, Inc. (Chesapeake Shipping II), 803 F.Supp. 872 (S.D.N.Y.1992), the district court found that a ship management company (Gleneagle Ship Management Co.) was the owner pro hac vice of the subject vessel because the company’s responsibilities included: “manning the vessels; victu-ating the vessels; providing for navigation, which involved procuring and providing deck, engine, and cabin stores; maintenance and repairs for hull and machinery; providing spare parts, maintenance and repairs for communication and navigation equipment ... and communicating with Chesapeake and the vessel’s time charterers.”", "label": "potential value"}, "021673e4-2bba-4b59-b32d-6735b374b295": {"case_id": "5c42e2e9-db96-4965-a25b-7c992752dd5d", "opinion_id": "f4fc2197-adc8-42ad-8c09-1d6075c0c75d", "paragraph_id": "b33cdfc3-575d-4c92-a001-13837440fc72", "position": 0, "text": "Manning the vessels; victualing the vessels, providing for navigation, which involved procuring and providing deck, engine and cabin stores; maintenance and repairs for hull and machinery; providing spare parts, maintenance and repairs for communication and navigation equipment ..., and communicating with [the owner] and the vessels’ time charterers.", "label": "potential value"}, "070d056e-f26d-4261-be1c-fc56b6d8f176": {"case_id": "92ad1617-e3b9-4974-8d47-b98385e28ea7", "opinion_id": "de7ac6de-e346-4569-910d-1211e1321f2d", "paragraph_id": "dc094a5e-57ce-4aa9-bdb2-811de4ad7397", "position": 4, "text": "Again in a footnote, we expounded that [f]or example, a land-based worker who installs navigation equipment on vessels would be a seaman, as would a worker at a refueling dock.", "label": "potential value"}, "071cbf1d-3e56-4c80-8e1b-aedcdbc5699a": {"case_id": "49549f4c-e377-4962-8408-1a5e48600a0d", "opinion_id": "2a5523da-6d34-466e-af3a-6cd265881c2f", "paragraph_id": "55be41d2-f8ae-4141-a92d-34821b85e526", "position": 0, "text": "Continental contends that defects in the vessel’s navigation equipment were concurring contributing causes of the casualty— specifically, that the vessel’s gyrocompass and radio direction finder were malfunctioning, and that certain charts used prior to the grounding were outdated.", "label": "certain value"}, "bf5f1646-7b67-4470-a755-7bc212db5039": {"case_id": "411a3e83-6e4a-41c9-9d14-0e236078610d", "opinion_id": "85d3a99c-01ce-439b-bf1e-2aacd6fcecc0", "paragraph_id": "842a1bae-0b3c-4ea2-927e-2b7ac24ce42c", "position": 0, "text": "This case involves the Coffees’ alleged fraud regarding the purchase, repair, and resale of aircraft antennas that are used with communications and navigation equipment in both commercial and military applications.", "label": "potential value"}, "d50661cd-83f7-4857-8f85-7dea3f2aa287": {"case_id": "1f0a6552-4818-46ba-a62f-79245c293d06", "opinion_id": "4f32b84e-4b5f-4cff-b4c9-7a3c5a30da90", "paragraph_id": "598c5057-6732-4860-b628-9289d635baa1", "position": 1, "text": "At 8:16 a.m. clocks were synchronized, steering gear and navigation equipment were examined and tested on the Fort Fetterman and all such equipment was found to be in good order; at 8:20 a.m. the tug Fort E disto came along-side but did not tie up to the vessel ; the tug proceeded on its passage up the Ashley river for the purpose of notifying the bridge to open in time for the vessel’s passage and to assist the vessel in docking.", "label": "potential value"}, "6b35c3f6-ec19-4b53-9ef1-2937239c8e82": {"case_id": "e0535253-2999-42da-9d5e-e30d11a1b1a7", "opinion_id": "2ce8e815-f1a8-4a93-8575-3fdf4898fad0", "paragraph_id": "b87fc7d1-25eb-498e-9008-3ec517033642", "position": 3, "text": "Such requirements are more aptly included as regulations under Title X of the PWSA/PTSA, 33 U.S.C. § 1223, which provides that the Coast Guard may establish vessel traffic services in navigable waters of the United States, and in doing so \"may require vessels to install and use specified navigation equipment, communications equipment, electronic relative motion analyzer equipment, or any electronic or other device ...”", "label": "potential value"}, "36bcd118-bfe1-428f-9c44-98fb4a73b8fe": {"case_id": "f4f7659d-4435-474b-8a29-1999f724ed9f", "opinion_id": "f1063efd-c568-4269-8fd7-eb6b4d374beb", "paragraph_id": "03eaa7e1-24b9-497b-bdc5-c40dfbbfa6ac", "position": 2, "text": "These conclusions are based largely upon one section of the Capital Economics report, in which it explains that air traffic controllers are paid the same amount no matter whether they service overflights or non-overflights; all controllers receive the same training; radar and navigation equipment are common and fixed costs; and telecommunications capabilities are common and fixed costs.", "label": "potential value"}, "a1d9e673-1f45-476d-bb3d-fd52bd9059ce": {"case_id": "f361c5ff-7515-4260-8ffb-adf3975db6a7", "opinion_id": "b4122c0b-64ff-4017-95d9-5b9efb17a990", "paragraph_id": "e33d2406-2fd7-48ec-b405-93bf54694af5", "position": 1, "text": "Then he flew to Jamaica with the navigation equipment and $5,500 in cash for the marijuana.", "label": "potential value"}, "3ebe55eb-0a0e-4111-b73f-bef4686e4c6f": {"case_id": "f75dab2a-7c89-47f3-8a8e-b2180aeafcdf", "opinion_id": "e80c99bc-228b-4cdc-a93e-e45efa14664a", "paragraph_id": "a29a9603-2710-4de9-8619-f1bd1354b133", "position": 0, "text": "On May 19, 1977, the M/V FLYING TIGER, also owned by the plaintiff, returned to Shell Key with precision RAY DIST navigation equipment in an effort to locate precisely the object involved in the GOLDEN TIGER’s accident.", "label": "certain value"}, "7ab0ec13-80e1-486d-968f-617951204ca9": {"case_id": "c4203189-327a-4d51-906d-a40816f3b5a2", "opinion_id": "2b563430-eab4-436e-8c86-9636e2c271ce", "paragraph_id": "7b272014-b08d-429a-9c67-feaa4ffc572c", "position": 1, "text": "Although the depositions are completed, certain navigation equipment which the court ordered to be preserved is in the custody of counsel in Maryland, and this action remains pending.", "label": "potential value"}, "78e8e2cd-b9c5-4328-8bd2-74725d4bfaf0": {"case_id": "1806a47f-b825-40a7-bd0a-2681da6cd751", "opinion_id": "c5f78823-c8b8-4c8c-a9a8-3925c36a0232", "paragraph_id": "9e0ed838-8b12-418e-8aff-e2eabcaed8f7", "position": 3, "text": "Of the $557,444 in capital additions remaining,\n5\n$117,089 is attributable to electronic equipment (the Hewlett-Packard positioning equipment, the Delnorte positioning equipment, and the Communication and Navigation equipment).", "label": "potential value"}, "593f7a5c-30d3-4d08-b78f-b5dd9141ee3a": {"case_id": "1806a47f-b825-40a7-bd0a-2681da6cd751", "opinion_id": "c5f78823-c8b8-4c8c-a9a8-3925c36a0232", "paragraph_id": "6a9e8e4f-fea5-4b8b-950f-1a34652ce860", "position": 1, "text": "Communication & Navigation equipment", "label": "no value"}, "c0682e99-3ffa-4736-8735-93074f854e90": {"case_id": "7c69abaf-fb13-407b-ba2a-40121a9e6ad0", "opinion_id": "026cec0b-343d-4a64-834b-e8ed53faa48f", "paragraph_id": "54428927-0ff5-41fc-ac4f-0e079dcec472", "position": 0, "text": "Moreover, as discussed in the findings of fact above, Khan and Chapman conspired to provide, and actually provided, model airplane video and navigation equipment to LET through Singh.", "label": "potential value"}, "6d27ba64-429c-4441-a1a6-385d462a93b3": {"case_id": "c8012c56-c5a1-4925-b239-a45565093701", "opinion_id": "2038d977-1d36-4ab0-b8f9-58590a49ad3b", "paragraph_id": "30805198-06a3-478b-b887-c46b10803e66", "position": 3, "text": "Initially, Vickery, who is white, worked in Medtronic’s Navigation division as a Computer Assisted Surgical Specialist where he provided technical support to surgeons using Medtronic navigation equipment to perform spine or cranial surgeries.", "label": "no value"}, "890d3478-fc29-4c93-af75-aaa4042c9096": {"case_id": "c8012c56-c5a1-4925-b239-a45565093701", "opinion_id": "2038d977-1d36-4ab0-b8f9-58590a49ad3b", "paragraph_id": "7314cb57-f944-421b-a8bc-f234412d8507", "position": 2, "text": "In the Neuromodulation division, Vickery’s job duties in his first position as Procedure Solutions Specialist involved working closely with surgeons to help them understand the DBS Nexframe equipment, which was similar to Navigation equipment.", "label": "no value"}, "761a32d0-d8dc-428f-aef7-3681e00526b1": {"case_id": "c8012c56-c5a1-4925-b239-a45565093701", "opinion_id": "2038d977-1d36-4ab0-b8f9-58590a49ad3b", "paragraph_id": "1bb34c85-59af-456b-884c-c7e10aa68ad5", "position": 0, "text": "Use of Navigation Equipment During Surgery at Sacred Heart Hospital", "label": "no value"}, "8701cc78-2c33-4542-bb95-6d83bd354bb5": {"case_id": "c8012c56-c5a1-4925-b239-a45565093701", "opinion_id": "2038d977-1d36-4ab0-b8f9-58590a49ad3b", "paragraph_id": "2651ff3c-95db-484b-a576-f3cf6991b035", "position": 4, "text": "Tapley learned that Vickery was “ ‘[r]unning the Stealth [Navigation equipment] in a spine case for the surgeon.’ ” (Id.)", "label": "no value"}, "230114c1-4aa6-4f2d-8fcb-c4bc31e5d37c": {"case_id": "c8012c56-c5a1-4925-b239-a45565093701", "opinion_id": "2038d977-1d36-4ab0-b8f9-58590a49ad3b", "paragraph_id": "cf0ff4e7-ee5f-4d76-9359-9186fcf8fe26", "position": 8, "text": "Although Vickery had been trained on the equipment used, in the spine surgery when he was in the Navigation division, his did not possess current training or credentials to operate Navigation equipment when he took part in the spine surgery at Sacred Heart. (Neuenschwander Dep. 41-43.)", "label": "no value"}, "9853f81e-2f55-4b82-b7a8-fe8b7bfc1653": {"case_id": "c8012c56-c5a1-4925-b239-a45565093701", "opinion_id": "2038d977-1d36-4ab0-b8f9-58590a49ad3b", "paragraph_id": "03bfb91b-b2f5-4e62-89b0-20b13490fcf1", "position": 4, "text": "She had clinical experience working with hospital staffs that involved supporting other types of surgical equipment, experience with a radiology device that had some similarities to Navigation equipment, and a degree in computer information systems, which would obviously be of value working with computers and software.", "label": "no value"}, "9e427201-b4a3-416a-afbe-af463a00cd26": {"case_id": "c8012c56-c5a1-4925-b239-a45565093701", "opinion_id": "2038d977-1d36-4ab0-b8f9-58590a49ad3b", "paragraph_id": "3a35f1cb-f503-40b3-b92f-b8ce4208b948", "position": 4, "text": "Vickery did not possess current training or credentials for the Navigation equipment.", "label": "no value"}, "faa30930-9b47-4a01-8823-59ce3d7e36b1": {"case_id": "c8012c56-c5a1-4925-b239-a45565093701", "opinion_id": "2038d977-1d36-4ab0-b8f9-58590a49ad3b", "paragraph_id": "457f5d1b-ad34-4b3a-bdd8-8652d74eec48", "position": 7, "text": "Vickery also claims that he was led to believe that working on Navigation equipment was not against Medtronic policy.", "label": "no value"}, "010ff6e3-ea78-4b8b-9433-3295675926ec": {"case_id": "8094e34b-1315-43e4-ab76-79172b316044", "opinion_id": "718adf2f-5bdb-43fe-8d1a-19b761523164", "paragraph_id": "d4d189b7-584e-4dbe-afd6-610fe275b287", "position": 5, "text": "Cf. United States v. Trinidad-Lopez, 979 F.2d 249, 253 (1st Cir.1992) (transportation of 104 aliens without food, life jackets or navigation equipment in a boat designed for 15 passengers is both dangerous and inhumane).", "label": "potential value"}, "842a5ff8-bdeb-4a42-a046-82c8af56c97f": {"case_id": "8b6a3dc4-eeb1-4888-8aa0-4b1ec15ca082", "opinion_id": "d170e025-d0f5-4cc1-a4f4-fdcbd26b6a33", "paragraph_id": "fc89ae01-d81d-4f1d-aabf-783880b3d874", "position": 0, "text": "The first subsection of that provision, entitled “Navigation Equipment,” requires tankers to possess global positioning system (“GPS”) receivers, as well as two separate radar systems.", "label": "high value"}, "959cd4a3-a34a-47f4-ba2e-5ca99e57d434": {"case_id": "8b6a3dc4-eeb1-4888-8aa0-4b1ec15ca082", "opinion_id": "d170e025-d0f5-4cc1-a4f4-fdcbd26b6a33", "paragraph_id": "5246fd30-1654-4ff7-9a50-4a566026f41c", "position": 1, "text": "Navigation Equipment.", "label": "no value"}, "8178b0b3-2b00-4f5e-b6c5-c8ae49fb7d7f": {"case_id": "8b6a3dc4-eeb1-4888-8aa0-4b1ec15ca082", "opinion_id": "d170e025-d0f5-4cc1-a4f4-fdcbd26b6a33", "paragraph_id": "5246fd30-1654-4ff7-9a50-4a566026f41c", "position": 2, "text": "An oil spill prevention plan for a tank vessel must describe navigation equipment used on a vessel covered by the plan which includes:", "label": "potential value"}, "5b59b09f-9fc1-408e-b49d-778a9f448efc": {"case_id": "8b6a3dc4-eeb1-4888-8aa0-4b1ec15ca082", "opinion_id": "d170e025-d0f5-4cc1-a4f4-fdcbd26b6a33", "paragraph_id": "3745ae4c-03b7-4ea7-ae5e-b8dcfc52dded", "position": 1, "text": "Intertanko also contends that Wash. Admin. Code § 317-21-265 (navigation equipment and emergency towing system) is preempted by a Coast Guard regulation concerning on-board towing equipment.", "label": "potential value"}, "e02ea51e-067f-49db-8857-60d327451c5a": {"case_id": "96f97f3d-f171-47e5-a6a9-bd305e176c9f", "opinion_id": "3a58859b-c7fe-44c5-9c0e-3ee4a0f0346a", "paragraph_id": "acb65e92-fbc8-4062-a80e-a330bb50d365", "position": 4, "text": "“WINCO” dynamotors, alterdynes, altermotors, generators, transistorized power supplies, static power supplies, motors, and generator sets have been sold by ox>poser directly to the Armed Forces and certain government agencies and on a sub-contract basis to government contractors for use as components of telemetering, guided missile, transceiver, fire control, homing, communication, and navigation equipment and systems.", "label": "no value"}, "26b72b3b-2b7f-4a13-ac5a-130522bf8b70": {"case_id": "a1594984-0087-4ac0-a254-4d06cb3246c7", "opinion_id": "ea553bd4-dddb-4924-9f73-64bcb7363d47", "paragraph_id": "31d00044-9ee2-4fc0-b86c-173a04a956dd", "position": 2, "text": "The platform did not have any permanent navigational lights, or conventional navigation equipment.", "label": "potential value"}, "7bcf93bb-19fb-4b2c-8ecf-75b2febd2027": {"case_id": "e2953b4d-439f-4c3a-aaf4-9fe19a5de013", "opinion_id": "520bb5ca-645b-410f-a214-0fdd0b40a6ab", "paragraph_id": "70b24520-639e-4360-b129-3038de75b5bf", "position": 0, "text": "*(g) Inertial navigation systems and all specifically designed components; parts and accessories, except those systems or components that are standard equipment in civil aircraft, including spare parts and spare units to be used exclusively for the maintenance of inertial navigation equipment incorporated in civil aircraft, and that are certified by the Federal Aviation Administration (FAA) as being an integral part of such aircraft.", "label": "potential value"}, "47257c1f-a4dc-4e32-8698-a0e81539f27d": {"case_id": "e2953b4d-439f-4c3a-aaf4-9fe19a5de013", "opinion_id": "520bb5ca-645b-410f-a214-0fdd0b40a6ab", "paragraph_id": "70b24520-639e-4360-b129-3038de75b5bf", "position": 1, "text": "All exports of technical data related to the design, development, production or manufacture of inertial navigation equipment (regardless of accuracies) or its related parts, components or subsystems are subject to the requirements of the regulations contained in this subchapter.", "label": "potential value"}, "f2a5c85b-322b-4111-afff-261310e5bc57": {"case_id": "77b1f8d2-bea8-4f09-9a5e-bbb7c7476682", "opinion_id": "fdcf1021-1a7c-454d-b434-0adc262199f5", "paragraph_id": "c92c806f-d798-48d3-a1bf-c94e708efce2", "position": 0, "text": "In the section concerning “Repairs, overhauls and tests electrical aids to navigation equipment,” the review states that “Moore continues to be on a light duty status thus somewhat limiting the jobs he can perform.", "label": "potential value"}, "e4a81a52-38e5-4412-895a-5e5f6456d893": {"case_id": "dd3f9bdb-f00a-4f79-ad01-a3486b51a4ff", "opinion_id": "db873730-9949-4ab8-9c13-ab15733495a5", "paragraph_id": "f8efa0df-e2eb-4d11-a64b-e9cfd8feb990", "position": 2, "text": "Title I of the PWSA provides for regulation of vessel traffic, navigation and the marine environment, and communication and navigation equipment.", "label": "potential value"}, "d991b79f-0768-4a14-b7de-c9f1ca0b9702": {"case_id": "752f0e92-1a23-4a3c-90ef-1d00144b0649", "opinion_id": "7a573695-e62d-40b4-9178-fa11cf19b2fe", "paragraph_id": "5589d4c7-940f-4d3e-b4fd-05a22d0a4549", "position": 0, "text": "Thus, not only the market value but the creditworthiness of the fishing vessel may well depend on its permits quite as much as on its engine, physical dimensions, and navigation equipment.", "label": "potential value"}, "3bed5e74-f8bc-424d-b5a5-4b68fd4c3e19": {"case_id": "9f5c6680-139a-4e60-90e4-a6c39829649b", "opinion_id": "54b9f3b6-a292-4488-bc05-90a952686d3c", "paragraph_id": "c048854d-73bd-4d55-8c68-010fd816e4f8", "position": 9, "text": "Moreover, all aid-to-navigation equipment has been removed from the Lighthouse, save eight solar panels.", "label": "potential value"}, "404d8f8f-3139-4810-a217-e6b8735d9ee1": {"case_id": "21262878-9361-48ed-8fcf-06d78399c74d", "opinion_id": "ee1f5b6a-78c2-4429-909c-a1103b374ad4", "paragraph_id": "65500891-90fb-405d-82eb-25a0ffcc4014", "position": 4, "text": "<WINC0’ dynamotors, alterdynes, altermotors, generators, transistorized power supplies, static power- supplies, motors, and generator sets have been sold by opposer directly to the Armed Forces and certain government agencies and on a sub-contract basis to government contractors for use as components of telemetering, guided missile, transceiver, fire control, homing, communication, and navigation equipment and systems.", "label": "no value"}, "2b2c0e4b-d820-4819-8c6a-dda3f15b22d4": {"case_id": "5e19455c-7384-4723-ab02-933419b386db", "opinion_id": "0781ec4e-22f3-4e50-8db0-eedee0378db0", "paragraph_id": "f9382887-c1a6-43a8-a46c-85ecf85d763f", "position": 1, "text": "Pine was unable to ma-noeuver the vessel or use the navigation equipment on the bridge.", "label": "potential value"}, "cdc98400-c84c-4db1-85e2-6fbb56b9a10f": {"case_id": "923a9eb1-0661-4500-b933-c65970fe4b97", "opinion_id": "dba51b07-5350-4eca-9743-60809fb57640", "paragraph_id": "60eb0c26-b5b4-48ed-ba99-96b32ef29f5f", "position": 2, "text": "Four-masted, of steel construction and diesel-powered, she was fully fitted out, with the most modern operating and navigation equipment, to an extent which-justified Lloyds of London to rate her as meeting commercial ocean liner standards.", "label": "potential value"}, "c986b235-01e5-4ecf-b148-4dd96dca33da": {"case_id": "db8d004c-6062-4ac1-b00b-9781fa1dd46c", "opinion_id": "f00208d1-c8c1-42d6-a927-dad2ba594706", "paragraph_id": "127c0284-a567-48f6-b23d-af3d517bc881", "position": 2, "text": "Prior to November 1, 1950, the respondent caused to be removed from his said yacht the ship’s papers, all navigation equipment, the wet batteries, all fresh water from the bilgés, pumps, motors, etc., and all gasoline from the tanks.", "label": "potential value"}, "f99e25a1-2e66-42a0-8ff9-94839a4cf981": {"case_id": "fb12c58e-82b1-4af8-8e74-311bd1ee9fda", "opinion_id": "604e9999-f88d-496f-98f7-52622b387bcd", "paragraph_id": "822dbbfd-b2db-4666-a572-efdae659627a", "position": 1, "text": "The court reasoned that the market value and creditworthiness of the vessel depended as much on the fishing permits as on tangible items like the engine or navigation equipment; thus, a creditor’s lien should be understood to extend over the permits.", "label": "potential value"}, "af3c6f4f-7840-4490-b08f-e56efd6e0702": {"case_id": "fb12c58e-82b1-4af8-8e74-311bd1ee9fda", "opinion_id": "604e9999-f88d-496f-98f7-52622b387bcd", "paragraph_id": "108a0c4d-3f50-4332-8e6e-f4fc0b0befcd", "position": 3, "text": "See Gowen, 244 F.3d at 68 (“Thus, not only the market value but the creditworthiness of the fishing vessel may well depend' on its permits quite as much as on its engine, physical dimensions, and navigation equipment.”); see also United States v. Freights, Etc. of the Mount Shasta, 274 U.S. 466, 470, 47 S.Ct. 666, 71 L.Ed. 1156 (1927) (intangibles may be subject to maritime liens against the vessel); The Fort Wayne, 6 F. Cas. 119, 122 (S.D.Ohio 1861) (“[I]f any part of the vessel is saved, this lien adheres to it, even to the last plank.”).", "label": "potential value"}, "39c1db8a-42aa-47b6-864e-fc21914ca1e8": {"case_id": "bb3aec40-e9be-4c21-aed7-3445b2889e96", "opinion_id": "a0e68d66-b6ef-4646-b4de-b234d93d1529", "paragraph_id": "749d1fd5-1438-4624-981f-c4c7e3ec90d7", "position": 1, "text": "The method for surveying the ocean bottom from a moving ship equipped with navigation equipment for determining location relative to a plurality of positioned transponders, comprising the steps of\n(1) establishing the approximate area of search by known navigational techniques,\n(2) marking such area by a first deep moored buoy equipped with a transponder,\n(3) defining an area of search by locating a plurality of further deep moored buoys equipped with similar transponders about the search area,\n(4) moving the ship along a predetermined pattern in said area of search by means of the navigation equipment on the ship responding to the transponders,\n(5) making a detailed bathymetric survey of the topography of the sea floor along said pattern with an echo sounder located on said ship to establish bottom contours,\n(6) formulating a specified search plan on the ocean floor following said contours at a relatively constant depth,\n(7) lowering a sensing element on the end of a pipe vertically under the ship near the bottom, and\n(8) moving the ship about the contours in accordance with said plan to keep the sensing element at a relatively constant distance from the bottom.", "label": "certain value"}, "a90b7c4c-740d-4a1d-8ff3-a18d7191e5b8": {"case_id": "bb3aec40-e9be-4c21-aed7-3445b2889e96", "opinion_id": "a0e68d66-b6ef-4646-b4de-b234d93d1529", "paragraph_id": "f9f719a1-1dba-4ad1-bd4e-d3b6d1495e7d", "position": 0, "text": "Applying the evidence to the elements of Claim 1 it is found that the Glomar Explorer is equipped with navigation equipment for determining location relative to a plurality of positioned 'transponders.", "label": "certain value"}, "3a24e463-d63a-4a71-a7ee-02cb20b7cd6a": {"case_id": "bb3aec40-e9be-4c21-aed7-3445b2889e96", "opinion_id": "a0e68d66-b6ef-4646-b4de-b234d93d1529", "paragraph_id": "2984c63e-e652-44d1-89cb-663f9b357090", "position": 2, "text": "The ship is moved along a predetermined pattern or course in the area by means of navigation equipment on the ship responding to the transponders or equivalent reference points as called for by step 4 of Claim 1.", "label": "certain value"}, "c51c5665-ace0-43c8-8d1b-32c1c4723158": {"case_id": "c1574e3c-b216-4a5f-bc68-368cb437cc28", "opinion_id": "a4dc74c5-22c4-4ddc-8c43-7e6a75b46822", "paragraph_id": "3c00ca02-263c-40e0-80b3-26f99eb4fb5b", "position": 0, "text": "2. $56,347.82 attributed to a National Airlines debt to Glenfed arising from lease payments and purchase option payments for navigation equipment subject to a certain Lease Agreement dated June 9, 1981.", "label": "no value"}, "c8a0d184-8341-4251-b9a9-4d3b13e0aa92": {"case_id": "a50a37cd-01b8-44c0-a799-8f862b4623d2", "opinion_id": "a5360980-ca87-4c74-80dc-462e039d3946", "paragraph_id": "acca2060-90fc-47d4-90e8-8ba0e5c196e4", "position": 1, "text": "At all times pertinent to the specifications, the accused was a navigation equipment repairman, assigned to a unit engaged in the inspection and maintenance of communications equipment.", "label": "potential value"}, "52fedd07-1aae-42d3-8127-d134d2ff8a3e": {"case_id": "6847a32e-e03c-44b4-8e72-191fcd83f29b", "opinion_id": "515d1818-ceb7-487f-9753-8843cb8af78f", "paragraph_id": "c22e950d-b3b5-402b-a454-b89513655303", "position": 6, "text": "Finally, he failed to check any of the MISS BERNICE’s navigation equipment and ran at full speed without fog signals.", "label": "potential value"}, "7d4fdc9f-cbed-4566-8932-8b3192464a8e": {"case_id": "f4e81def-2ed5-4775-ab5e-97079782bb31", "opinion_id": "02687183-62e9-4c09-ac1f-1b0188ea6327", "paragraph_id": "7fa9e775-9049-4f55-b913-28ac02d7374f", "position": 0, "text": "(c)On both the Airport and the Premises, training and education in all phases of aeronautics; full right to install adequate storage facilities for gasoline, fuel, lubricating oil, greases, food and other materials and supplies, together with necessary pipes, pumps, motors, filters and other appurtenances incidental to the use thereof; the installation, maintenance, and operation of radio, communications, meteorological and aerial navigation equipment and facilities; the sale, disposal or exchange of Lessee’s aircraft, engines, accessories, gasoline, oil, greases, lubricants and other fuel, materials, supplies and equipment (limited to articles and goods used by or bought for use by Lessee); the purchase at the Airport or elsewhere, from any person or company of Lessee’s choice, of requirements of gasoline, fuel, lubricating oil, greases, food, and all other materials and supplies, together with the related services by lessee and its suppliers of aircraft and other equipment by truck or otherwise.", "label": "potential value"}, "982ff11d-5892-488f-856a-378e9ba2e6c5": {"case_id": "6396620b-e431-4295-a64d-b950375f41fb", "opinion_id": "d3debeb1-bde6-4deb-9d30-d42596406165", "paragraph_id": "0ef7d9d3-a4a8-49fb-9872-21769af19775", "position": 1, "text": "The operation of the Boats calls for the Captains to exercise seamanship and professional judgment, to steer, navigate, and maneuver the Boats, to operate the Boats in accordance with the Navigation Rules, to avoid collisions and interference with other vessels, to monitor and operate the Boats’ radios, to operate the Boats’ radars, to operate the Boats’ GPS navigation equipment, and to perform towing and related maritime operations.", "label": "certain value"}, "ab0824f8-402f-4504-a8f6-75a8978cd888": {"case_id": "30a596d8-65cb-4b48-9e85-5a2d62960730", "opinion_id": "68d1c705-4089-4850-b253-24a8f6afaa94", "paragraph_id": "1f0050c1-e01e-4032-8720-ed40842f7d3b", "position": 0, "text": "Avionics are aircraft radios and navigation equipment.", "label": "potential value"}, "feeb732a-ae13-48c4-9d7c-56023cdba242": {"case_id": "10884edb-4c36-4afc-a902-3de893930068", "opinion_id": "b01de188-a704-4cb4-9bc0-ae1a03607961", "paragraph_id": "1919de3a-fa58-478e-a999-d5cd1f730059", "position": 0, "text": "Defendant Dawn Hanna was indicted on multiple counts for shipping telecommunications and navigation equipment to Iraq, in violation of the embargo implemented by Executive Order 12722 and the International Emergency Economic Powers Act.", "label": "potential value"}, "4aba0072-4620-48bb-9954-4bd8adfd6388": {"case_id": "c0a3a490-a648-4a08-ab81-301ff0dcc676", "opinion_id": "65e66170-e551-4210-8579-ce0a6e05f299", "paragraph_id": "912c341c-e71f-474a-9ca9-63252cdda969", "position": 0, "text": "Similarly, we concur in the findings and conclusions of the District Judge set out in his opinion with respect to the other charges that the navigation equipment on board the ship was insufficient.", "label": "potential value"}, "ce014595-9b76-42fc-897c-35d755551894": {"case_id": "fc516ff4-c17d-4855-8b1d-d5548a69c15a", "opinion_id": "aed8ee60-06cf-409b-8ce7-e5b8e5cc89eb", "paragraph_id": "ae7f64c3-70e8-4470-8046-0bdd6e160a73", "position": 0, "text": "Penn hired Rhodes to install the BLUE-FIN’s remaining electronic navigation equipment, including a Simrad AP50 Plus Autopilot system, which Rhodes did after EMI had already installed the steering.", "label": "high value"}, "e8179a06-42a5-4370-a10f-e2c468b76fb9": {"case_id": "fc516ff4-c17d-4855-8b1d-d5548a69c15a", "opinion_id": "aed8ee60-06cf-409b-8ce7-e5b8e5cc89eb", "paragraph_id": "cddf1ae5-d8aa-426e-a1e1-b63f1d320fc4", "position": 0, "text": "He did not inspect the junction boxes below the bridge where the autopilot was wired into the rest of the steering and navigation equipment.", "label": "certain value"}, "558ea4bb-8507-4acc-abdf-74e3b14fa3ff": {"case_id": "2eba5925-743c-42f7-ac14-3a95e8b32899", "opinion_id": "f2067cf3-e867-4559-bb4d-92675cff7983", "paragraph_id": "51cb28f5-0fe0-401f-8d15-25f9c241259d", "position": 1, "text": "It assumes that the Court is totally ignorant of electronics and basic navigation equipment.", "label": "potential value"}, "2e45087d-9835-4657-b9f0-010b5d124358": {"case_id": "25f7c861-b2f2-43e6-9568-a1b9a2750b6a", "opinion_id": "a7ad8af2-aa24-4563-bc4d-c2451334f9cb", "paragraph_id": "14618c54-7fed-4e5c-bc95-24ab6bdbdedf", "position": 2, "text": "The Coast Guard district office directed the boarding team to remove any navigation equipment and evidence that could be used in constructing a defense from the MARTITA LAU and to document the vessel through pictures and videotape.", "label": "potential value"}, "ea57605a-3723-4cb6-b06e-8ec17a4e55a6": {"case_id": "60db10ea-3f79-400e-a422-53ad4405c156", "opinion_id": "680a5043-18aa-448a-9554-7c9d0e4dd834", "paragraph_id": "75f3040b-e636-4be3-973f-ce10f91f2d70", "position": 9, "text": "While on deck, Granholm checked the navigation equipment and all functions of the CAMERA, including the sails (which were properly set) and the navigation lights (which were burning).", "label": "potential value"}, "ffe962fc-f48f-48c0-ba3b-c619dc9beab5": {"case_id": "6f00d7e3-86b3-4b22-be27-5f7b2a737a45", "opinion_id": "6abfdd7c-f46c-41a6-a004-562c9c1ceefe", "paragraph_id": "12488726-4c2d-495c-b54a-a07cd0bc52e0", "position": 1, "text": "Although the immediate cause of the grounding was undoubtedly the fact that the ship’s crew was hopelessly lost, the factors which directly contributed to this condition were the lack of proper charts on board,\n10\nthe failure of the master to properly compensate for a westerly set in the current,\n11\ninoperative or defective navigation equipment,\n12\nthe failure to post a bow lookout, and an incompetent crew.", "label": "potential value"}, "6b789d25-2561-47d5-b894-1becd6d8b367": {"case_id": "6f00d7e3-86b3-4b22-be27-5f7b2a737a45", "opinion_id": "6abfdd7c-f46c-41a6-a004-562c9c1ceefe", "paragraph_id": "2f36d03b-d127-409f-b468-1e282754bd28", "position": 0, "text": "There is no doubt that at the time of grounding the COLOCOTRONI was in an unseaworthy condition, in that her charts, navigation equipment and crew were unfit to meet perils reasonably to be anticipated in her voyage.", "label": "potential value"}, "da7d064b-a62b-4cb2-a15b-1939c14ff71f": {"case_id": "af39ad58-853b-4334-89da-85264d2a091b", "opinion_id": "6eeb7781-1a3c-4a64-9a3c-8b7974c74e6c", "paragraph_id": "f81e3b06-a6c8-4db9-ae3b-ef418db8a9da", "position": 1, "text": "The method for surveying the ocean bottom from a moving ship equipped with navigation equipment for determining location relative to a plurality of positioned transponders, comprising the steps of\n(1) establishing the approximate area of search by known navigational techniques,\n(2) marking such area by a first deep moored buoy equipped with a transponder,\n(3) defining an area of search by locating a plurality of further deep moored buoys equipped with similar transponders about the search area,\n(4) moving the ship along a predetermined pattern in said area of search by means of the navigation equipment on the ship responding to the transponders,\n(5) making a detailed bathymetric survey of the topography of the sea floor along said pattern with an echo sounder located on said ship to establish bottom contours.", "label": "certain value"}, "e680ef57-af61-41e0-a263-2ca0f6009acf": {"case_id": "af39ad58-853b-4334-89da-85264d2a091b", "opinion_id": "6eeb7781-1a3c-4a64-9a3c-8b7974c74e6c", "paragraph_id": "4f58b37d-1bb1-42b9-a242-46c8eb18efbe", "position": 0, "text": "Applying the evidence to the elements of Claim 1 it is found that the Glomar Explorer is equipped with navigation equipment for determining location relative to a plurality of positioned transponders.", "label": "certain value"}, "9baf1a06-365d-48c3-a780-2ac5e0d739cb": {"case_id": "af39ad58-853b-4334-89da-85264d2a091b", "opinion_id": "6eeb7781-1a3c-4a64-9a3c-8b7974c74e6c", "paragraph_id": "0e0a2e22-01a8-47b4-805d-b2b9a5f796f6", "position": 2, "text": "The ship is moved along a predetermined pattern or course in the area by means of navigation equipment on the ship responding to the transponders or equivalent reference points as called for by step 4 of Claim 1.", "label": "certain value"}, "fdc8570f-7e7e-4b9b-8777-99395f816706": {"case_id": "49432da5-086c-44a6-a259-cf65eca74069", "opinion_id": "ca08832f-a5c8-43a7-81fc-d86dd7987592", "paragraph_id": "4a21032a-4bdb-44db-9a5e-fc5cd4b498c4", "position": 1, "text": "It had no navigation equipment aboard and it had been withdrawn from navigation for the express purpose of making the aforesaid repairs and structural changes.", "label": "potential value"}, "2e90faa3-dd34-47ac-81b1-c3a629ec7259": {"case_id": "5e5c66c1-9fb2-4363-b858-edf10b84b83b", "opinion_id": "14ca6a45-c18d-42fe-aca3-606039f744fb", "paragraph_id": "d2f01921-24f5-4b7c-81d9-79b70ab61f5c", "position": 7, "text": "The vessel was equipped with a type of satellite navigation equipment used for long range navigation more elaborate than the kind of equipment usually used by vessels like the POLARIS.", "label": "high value"}, "ad4f2faf-8890-4163-aaef-ef958ce1eff9": {"case_id": "3c6b86e1-0b85-46be-9753-e8fb786225e2", "opinion_id": "c52b7117-f03b-4fd1-a06f-125631228316", "paragraph_id": "6f324eec-363a-4b8d-9b72-03a5116d2fa3", "position": 2, "text": "The circular states that “[t]he Marine employer is responsible for ensuring that an individual engaged as a deckhand on a small passenger vessel: (l)[m]eets the company’s minimum physical requirements; (2)[i]s familiar with the location of emergency/navigation equipment and procedures; and (3)[h]as demonstrated the ability to respond to emergency situations.”", "label": "potential value"}, "3bef88f3-9068-45bd-91ed-c63da0de7ae7": {"case_id": "d87f3f93-6b41-4c0f-b79c-e5cd3e4779eb", "opinion_id": "1e88495c-becd-4907-beb0-f2f171b9c825", "paragraph_id": "a6cee7ad-5f7c-4e1a-996a-e0308f198092", "position": 1, "text": "Certain of her navigation equipment, however, was available and was being used in piloting the ship.", "label": "potential value"}, "180befe0-5886-4302-b5f5-b79e2029bcb5": {"case_id": "d87f3f93-6b41-4c0f-b79c-e5cd3e4779eb", "opinion_id": "1e88495c-becd-4907-beb0-f2f171b9c825", "paragraph_id": "db41a4a1-6ce2-4757-8037-3cbf750e5b2c", "position": 0, "text": "Curtis Bay contends, however, that in the present case because the master of the ship was on board during the towing, because some of the navigation equipment aboard the POINT MANATEE was used and because the shore crew of the POINT MANATEE assisted in the towing, the owners of the POINT MANATEE had sufficient control and direction over the navigation to make pilot Mamo their borrowed servant.", "label": "potential value"}, "4138ad24-0f12-4437-98a8-193cf007942a": {"case_id": "d87f3f93-6b41-4c0f-b79c-e5cd3e4779eb", "opinion_id": "1e88495c-becd-4907-beb0-f2f171b9c825", "paragraph_id": "7402552b-c54d-4b53-ab17-4b9df4fe00aa", "position": 2, "text": "A ship without its own propulsion is at the mercy of the tugs towing it, regardless of whether the master is aboard or whether the navigation equipment is operating.", "label": "potential value"}, "b5d6bda6-b42e-4a05-8f32-4878e85272e8": {"case_id": "084dacfa-65bb-42df-9f31-f42ade5d5984", "opinion_id": "492acfa1-0aa7-4ff6-9b0e-a17cb84ec633", "paragraph_id": "e33d338e-7e4c-49b4-9a57-5bf3142ef97f", "position": 2, "text": "At no time did the crew indicate that they were unable to comply with the clearances, unable to proceed to execute the ILS approach, or had a loss of navigation equipment as required by the Federal Aviation Regulations. 14 C.F.R. §§ 91.125(c) and 91.129 (1984). .", "label": "potential value"}, "c0281d36-73ed-4b22-b6c3-18481d5ea858": {"case_id": "6578edf9-a454-4c17-a25f-c1fd41271945", "opinion_id": "01a16db3-d1b6-4793-97e7-9971468856a0", "paragraph_id": "907644ee-347d-4e00-8d68-1820670ea6e0", "position": 4, "text": "In The Hirondelle, liens of creditors on the ship did not encompass radio equipment that was not part of the navigation equipment and was owned and operated by a third party for public use.", "label": "potential value"}, "eb346dd4-6075-4911-93ff-cb0491a77e11": {"case_id": "1de96f2b-be10-40d4-b060-51c881b7576f", "opinion_id": "6c473251-43d8-4074-bcab-695e36a1de98", "paragraph_id": "e89bbfd9-0bba-4bb0-8460-dcd092645513", "position": 0, "text": "The board found the record to show that, since long prior to appel-lee’s date of first use, appellant had used the designation “ARC” as a corporate symbol and as a trademark for airborne communication and navigation equipment, the bulk of which had been sold to the military It further found that appellant in 1961-1962 extended the use of “ARC” to mobile communication equipment for boats, cars, homes and offices, including such equipment as portable two-way radio sets, marine radiotelephones, private telephone systems, dash-mounted mobile radios, base station systems, truck-mounted mobile radios, car telephones and the like, which contain receivers, transmitters, speakers, audio amplifiers, antennae, and power supplies.", "label": "certain value"}, "9b14c498-28f3-4fef-ad17-474a97c42cce": {"case_id": "1de96f2b-be10-40d4-b060-51c881b7576f", "opinion_id": "6c473251-43d8-4074-bcab-695e36a1de98", "paragraph_id": "27ab08a4-5a6f-476d-97d4-b4a4b4a08d21", "position": 0, "text": "4 Registration No. 760,933, issued December 3, 1963, for goods designated as “Airborne Communication Equipment” and “Airborne Navigation Equipment.”", "label": "potential value"}, "45f3e1da-3711-46a0-8e9c-be616c0d15a1": {"case_id": "5c388653-d769-4a3d-8b34-520666f39dfe", "opinion_id": "39a90fc0-dc89-4523-a28b-0a33995e97b2", "paragraph_id": "0c26d1ce-757b-48f7-9d27-82a526cf055c", "position": 1, "text": "Although the hull was afloat on navigable waters, the vessel itself was not navigable: the majority of the navigation equipment was not installed, dock trials and sea trials had not taken place, and no crew had been assigned to the vessel.", "label": "potential value"}, "2fe7fbac-adcc-491d-9baf-a29e6c506d46": {"case_id": "58589f8e-be82-486b-adf9-f99cd4f4540c", "opinion_id": "c8d5aa96-0ac1-435b-85d9-4fae08063ead", "paragraph_id": "58618dc0-c637-49b6-8157-ec0eaeda85eb", "position": 0, "text": "At the time the Debentures were marketed in 1967, Collins was a prosperous enterprise chiefly engaged in the development and production of radio communications and aircraft navigation equipment.", "label": "potential value"}, "bb8aebb2-5650-44f8-bc74-19c1c0370916": {"case_id": "d552da6e-b2a1-40a4-b9de-f4ef50f89d35", "opinion_id": "f392a465-47ba-4144-bd5d-658a73b99a5a", "paragraph_id": "8698bfa9-d622-4b4d-8899-5cad0bf8a388", "position": 1, "text": "Among these allegations, KTC claims that the Delta Mariner crew violated various navigation rules, disregarded a broadcasted notice .alerting mariners that the Bridge’s lights were faulty, and improperly .utilized its navigation equipment and paper charts; it also claims that the Delta Mariner's river pilot intended to traverse.Span C rather than Span B. (Def.’s Resp. to Mot. for Partial Summ. J. 4-5, 7-9, DN 104).", "label": "potential value"}, "dfa006e5-6490-4783-8095-2ae3c157c357": {"case_id": "f1c4ac27-d4ae-4384-b6ef-db7f32de0150", "opinion_id": "bcb2636a-4ba4-4861-990d-163909dfff29", "paragraph_id": "7898bf9f-47b9-4499-974f-978459e8421e", "position": 0, "text": "They have been or will be stripped of their electronic, communications, and navigation equipment, all four engines, all landing gear assemblies, various panels, fixtures, doors, and other ancillary parts and components____ These are located in open storage at AMARC and are supplied in “as is” condition, following appropriate demilitarization.", "label": "potential value"}, "d7492011-0f71-48a9-8f7c-55b6c0966703": {"case_id": "0a9f3391-c270-4fa9-b225-6b53a2643780", "opinion_id": "0252042c-0734-4673-9016-572fe09f31b8", "paragraph_id": "622d1523-0b4d-4dc6-89fc-55a8d8860e87", "position": 2, "text": "In May of 1965 a license was received from the Federal Communications Commission to operate ship-to-shore radio and radio-navigation equipment installed on Pea Picher III.", "label": "potential value"}, "884d3b7c-7252-43fd-b092-1b6484169638": {"case_id": "cf2a7d4e-cb88-4e21-91c6-2fe8a3a9f257", "opinion_id": "be44d58f-3422-4f03-8609-255eb8a53e30", "paragraph_id": "bfeeeb5a-1f95-4d13-96d9-a55787845a2a", "position": 3, "text": "Claimant, while in said command, always wore his uniform when on duty; the ensign, jack, and pennant were flown according to regulations; a large quantity of supplies, belonging to the Bureaus of Navigation, Equipment, and Ordnance, and Steam Engineering, were on board, and the regular quarterly returns were made out and transmitted by the claimant.", "label": "no value"}, "402d2a22-ab02-427d-ba91-552e2a2f8f07": {"case_id": "cf2a7d4e-cb88-4e21-91c6-2fe8a3a9f257", "opinion_id": "21210132-d3c6-40e1-a9ee-713caf5d68f4", "paragraph_id": "45302d6d-4a32-4f51-8b38-c858ed302086", "position": 2, "text": "The ensign, jack, and pennant were kept flying according to regulations; a large quantity of supplies belonging to the Bureaus of Navigation, Equipment, Ordnance, and Steam Engineering were on board; and the regular quarterly returns were made out and transmitted by the plaintiff.", "label": "no value"}, "68abd689-dafb-4ade-8e70-7547df719e89": {"case_id": "9fc9c85d-e6f6-42d6-9b28-35d51386007c", "opinion_id": "403df066-7c60-4f4f-9918-13bc75b7df47", "paragraph_id": "8ed39d11-edaa-4c0b-9d29-7be678fcbeb5", "position": 2, "text": "The pilot is able to navigate solely by reference to radio navigation equipment installed in the aircraft, in the instant case by area navigation [RNAV], as he flies cross-country.", "label": "potential value"}, "0529aed4-abfa-4281-acf5-3a69540dfead": {"case_id": "2149f021-3464-41c9-871f-6172aa88273b", "opinion_id": "9a41a199-aa3c-4498-bc66-db423b8f2d26", "paragraph_id": "c1138955-95af-4ce1-a7f7-465250352b57", "position": 1, "text": "At the time of the delivery of S.S. EURYPYLUS to Ta Chi, M.M. Hwang (“Hwang”), engineering manager of Kee Yeh, and his staff, in accordance with the terms and conditions of the contract of sale, checked all navigation equipment and machinery aboard the ship, and inspected each item aboard, including spare parts and stores.", "label": "potential value"}, "73c1dccf-14a0-4fe9-bd06-e19865719df1": {"case_id": "dffcaaab-5bc8-4679-8563-9b7cf91ebbd1", "opinion_id": "f8c24bdb-c02c-44a1-9337-9f059e3bb067", "paragraph_id": "885a579b-7033-4ab3-a37c-5ef7690eb411", "position": 3, "text": "Although a soon to be phaseout model of radio navigation equipment, Loran A could be used to navigate at distances further from the United States than the newer system, Loran C, i. e. to Colombia.", "label": "certain value"}, "faf26ce0-4095-45f7-9a32-d234a45baee4": {"case_id": "e4a99c2e-dbb4-4a2a-a428-b03a75564bc8", "opinion_id": "8a00d57c-a1bf-4640-bcaf-05bc5db01dc5", "paragraph_id": "69865739-5895-4fac-b2b4-e3e57eea9117", "position": 2, "text": "The pilot house contained expensive satellite navigation equipment and a navigation chart which looked as though it had been used often for charting the area between the Quehara Peninsula in Colombia and the island of Aruba.", "label": "certain value"}, "e0851def-ceac-424a-b03e-35941d7b1799": {"case_id": "b49ab945-dc39-41c0-8501-6ddcf2f15d2a", "opinion_id": "9c65704a-477e-4d91-b4aa-e58b7f5d50a6", "paragraph_id": "2399c135-5125-43ac-8076-4a2d6f1dc025", "position": 1, "text": "All the navigation equipment was located in the wheelhouse which Captain MacDonald visited twice during shortening up to check the radar.", "label": "potential value"}, "7a263877-331a-4806-86fd-aa0338bbe7eb": {"case_id": "dadfb5dd-556b-462b-84f2-962c21befab9", "opinion_id": "da9335cc-1515-4007-a343-6f2959a13407", "paragraph_id": "dc9e660f-ffbe-4792-a162-ab9ff1958281", "position": 0, "text": "Exemption For Communication, Etc., Equipment\n[a] In general — “Except in the case of radio and television components and phonograph records, the tax imposed by section 4141 shall not apply to communication, detection, or navigation equipment of the type used in commercial, military or marine installations.”", "label": "potential value"}, "ca194ba2-1492-4b81-9fa3-42131b4ec9ae": {"case_id": "dadfb5dd-556b-462b-84f2-962c21befab9", "opinion_id": "da9335cc-1515-4007-a343-6f2959a13407", "paragraph_id": "7102cc52-17e6-4e23-bac3-b0b1c27af19e", "position": 1, "text": "The tax imposed by section 4141 shall not apply to radio or television receiving sets, phonographs, or combinations of any of the foregoing which are designed and manufactured for use primarily as communication, detection, or navigation equipment and are of the type used in commercial, military, or marine installations.", "label": "potential value"}, "4946f326-04b2-4434-860d-79cccd7e027e": {"case_id": "dadfb5dd-556b-462b-84f2-962c21befab9", "opinion_id": "da9335cc-1515-4007-a343-6f2959a13407", "paragraph_id": "411cf626-d518-44cd-8e3b-a7965be31c3a", "position": 0, "text": "“The excise tax on radios, television sets, etc., would be limited under the bill to items of the entertainment type because your committee sees no reason for singling out for excise levy special communication, detection and navigation equipment used by business.” 1955-2 Cum.Bull. 881, 883.", "label": "potential value"}, "15e78e83-41bd-4a4d-a2f2-a5b2b9817307": {"case_id": "dadfb5dd-556b-462b-84f2-962c21befab9", "opinion_id": "da9335cc-1515-4007-a343-6f2959a13407", "paragraph_id": "5f29c2da-3d5e-4694-87c9-d2637bf90761", "position": 2, "text": "Moreover, it is believed that the Service would have less difficulty in defining communication, detection, or navigation equipment, since at one time receivers of this type were free of tax when sold to the United States Government.”", "label": "potential value"}, "acde7f11-65ba-4e8a-ad19-eb2248c9e545": {"case_id": "3e98f531-8979-4998-8c0a-6daf2df259f1", "opinion_id": "d99c3089-ee95-4f10-9a83-db840e237462", "paragraph_id": "3131e379-9fc0-461b-94e4-29a57fa31a71", "position": 1, "text": "The additional fuel-carrying facilities and navigation equipment added excess weight to the plane, bringing it above the weight for which it was flight certified by the FAA.", "label": "potential value"}, "309d6b50-7dd4-4808-a8c9-82bae20b9f55": {"case_id": "3e98f531-8979-4998-8c0a-6daf2df259f1", "opinion_id": "d99c3089-ee95-4f10-9a83-db840e237462", "paragraph_id": "0ca16d67-d3fb-4786-a9d7-487964fce931", "position": 0, "text": "The excess weight which may be authorized under Section 21.197 (b) “is limited to the additional fuel, fuel-carrying facilities, and navigation equipment necessary for the flight.”", "label": "potential value"}, "96b451ad-a636-430e-bca6-950922cce465": {"case_id": "5717e841-899d-4a44-9c9b-8cfa489e3abc", "opinion_id": "c4346e47-5215-49d9-b89e-d8916cdb3a1d", "paragraph_id": "e0743dbe-2746-4f0a-a10b-5463fa64e446", "position": 1, "text": "Registration No. 760,933, issued December 3, 1963, for goods designated as “Airborne Communication Equipment” and “Airborne Navigation Equipment.”", "label": "potential value"}, "6bacf112-4772-4d90-b579-860b599f1b5e": {"case_id": "5717e841-899d-4a44-9c9b-8cfa489e3abc", "opinion_id": "c4346e47-5215-49d9-b89e-d8916cdb3a1d", "paragraph_id": "9de7c7b3-c46f-4d73-93e1-b2a51137cfb5", "position": 0, "text": "The board found the record to show that, since long prior to appellee’s date of first use, appellant had used the designation “ARC” as a corporate symbol and as a trademark for airborne communication and navigation equipment, the bulk of which had been sold to the military.", "label": "potential value"}, "2f7168e4-c1d4-4bbe-a924-467725ee7d70": {"case_id": "dba99074-38fe-420c-b618-086031410ebe", "opinion_id": "16f1440d-523d-45d8-a530-1da2eb0a79a4", "paragraph_id": "5236834b-4c88-4faf-8cc5-18c516e7dd43", "position": 1, "text": "The tax imposed by section 4141 shall not apply to radio * * * receiving sets, * * * which are designed and manufactured for use primarily as communication, detection, or navigation equipment and are of the type used in commercial, military, or marine installations.", "label": "potential value"}, "0781cf62-8a21-4d25-a1eb-0b705c01631f": {"case_id": "dba99074-38fe-420c-b618-086031410ebe", "opinion_id": "16f1440d-523d-45d8-a530-1da2eb0a79a4", "paragraph_id": "a6518349-f571-4a99-97f1-76e473479078", "position": 0, "text": "“(a) IN GENERAL.—Except in the ease of radio and television components and phonograph records, the tax imposed by section 4141 shall not apply to communication, detection, or navigation equipment of the type used in commercial, military, or marine installations.”", "label": "potential value"}, "3f3ed958-07d6-4ea3-9325-0d6a18592d24": {"case_id": "d7a93ca2-f7ab-458e-83cc-80f5aee98f75", "opinion_id": "f1d05435-5c03-46d1-8211-eb6664a4f0c0", "paragraph_id": "4bccbcf1-78ba-4614-897a-26e720f1e7aa", "position": 5, "text": "The risk included in the duties of GS-12 pilots is minimal because “test work at the GS-12 level is characterized by a minimum degree of hazard and involves, for example, conducting flight tests of communications or navigation equipment.”", "label": "potential value"}, "774fc2ce-44e9-4d68-9253-301aae6ec4e4": {"case_id": "a41f3420-1693-4db1-a121-3fadbc640b73", "opinion_id": "84ea7665-c08b-443a-82c4-f2608a2b4f78", "paragraph_id": "917f4f2c-793f-4bd6-9673-a45f73ffe017", "position": 2, "text": "White knew that the new owner had recently installed expensive long range navigation equipment in a sloppy fashion.", "label": "potential value"}, "4cae6f8c-e00a-46ac-af96-3c3c50f7a343": {"case_id": "917af13f-fe91-4752-aa0e-09a38625d50e", "opinion_id": "c0b4faf2-571c-4f77-be1d-cefbc175093b", "paragraph_id": "89111ed9-82c9-46e4-82b7-d3dde82c103d", "position": 0, "text": "In contrast to the deteriorated condition of the fishing gear, the navigation equipment on the Nataly I was first rate and in good condition.", "label": "potential value"}, "5d56324f-e2e9-4a48-a910-01ce3bc86e36": {"case_id": "8a418a7f-9c85-4918-a022-41c2a517f014", "opinion_id": "3654498d-3874-4355-b648-5a46d3a494f2", "paragraph_id": "eeaca8c8-f0a4-4592-a0cf-992f54419741", "position": 2, "text": "Nor is the vessel owner exposed by the Louisiana Direct Action Statute to any different requirement as to standard of care or navigation equipment.", "label": "potential value"}, "3027b6db-8bf6-4547-8a11-0bed94deafdf": {"case_id": "6f61f254-4b5e-492a-948d-12499457a65b", "opinion_id": "5752ddd4-3e94-4a3e-abed-51f511c4037a", "paragraph_id": "7b87dbd1-a9d1-4184-8d4a-a88f10a52c8f", "position": 1, "text": "In 2006, the parties agreed to have Crimson Yachts perform a major overhaul on the BETTY LYN II to include, inter alia, extension of its decks and replacement of its engines, generators, electronics, navigation equipment, plumbing, and wiring.", "label": "potential value"}, "0fa4d176-672a-476e-8fa1-7ec133100eb0": {"case_id": "23fb5fb0-d27e-4c40-b3fc-479de892ba26", "opinion_id": "95efee1e-280b-48bf-a6d1-c345b7afde8f", "paragraph_id": "34a4da2c-8bd2-46c2-8d00-da580501f65d", "position": 1, "text": "For example, a land-based worker who installs navigation equipment on vessels would be a seaman, as would a worker at a refueling dock-both tasks would, under SeaRiver's definition, aid in the operation of a vessel as a means of transportation to the same degree as loading or unloading cargo.", "label": "potential value"}, "0302fd87-5f40-4a61-a220-029e4da60554": {"case_id": "2564abd4-31d7-469b-873b-bb9c4b4609c1", "opinion_id": "adb78f2b-ddcb-4081-ae40-31cfad41267f", "paragraph_id": "fd5260d9-6773-4a37-bb5e-460b9632cf7c", "position": 0, "text": "In January 1967 Collins Radio Company (Collins) was a prosperous enterprise, engaged in the development and production of radio communication and aircraft navigation equipment.", "label": "potential value"}, "8e481f05-1eee-4bda-8d12-7d61e4b368b4": {"case_id": "64f90bc5-0ed2-44d3-b975-3b4d9a169d52", "opinion_id": "94598757-48df-4c25-ac6d-f6fe8beeee78", "paragraph_id": "8a2a8f8c-6c87-4531-939d-d8d57b9223c7", "position": 1, "text": "The responsibilities falling upon Gleneagle included manning the vessels; victualing the vessels; providing for navigation, which involved procuring and providing deck, engine and cabin stores; maintenance and repairs for hull and machinery; providing spare parts, maintenance and repairs for communication and navigation equipment; arranging for United States Coast Guard and classification society (American Bureau of Shipping) technical surveys; and communicating with Chesapeake and the vessels’ time charterers.", "label": "potential value"}, "1086c457-d8fd-439d-b145-f7c8b77d583a": {"case_id": "51261c95-1de5-4b96-a785-132e968416d4", "opinion_id": "3d269463-7511-4ea0-90a7-901c019f3284", "paragraph_id": "3e979499-9c0c-41b9-8b64-c01c3058cee0", "position": 2, "text": "It does not include those measures strictly necessary for ad-measurement, nor those measures strictly necessary to assure safe, sanitary transit and navigation, including examination of deck and visual navigation equipment, nor in the case of live cargoes, such as cattle or other livestock, that may carry communicable diseases, those measures necessary to assure that health and sanitation requirements are satisfied.", "label": "potential value"}, "24898554-4b91-46f6-9147-a49aa1e00841": {"case_id": "ad5f777f-b3da-4ccf-96e0-adce102c3439", "opinion_id": "c8a62b5e-f0d9-484e-a589-d4fc296668c2", "paragraph_id": "47c248ea-2156-45c4-859a-2d4e20d2f95f", "position": 1, "text": "In August 1993, it entered into a contract for $241,000 with ASII, a Kansas corporation, for the manufacture and installation of navigation equipment for the airport in Kinshasha.", "label": "potential value"}, "e6ac896d-56a6-476a-979b-b3acb13edaab": {"case_id": "8670070a-28ff-403a-9416-bae8900d6a95", "opinion_id": "967c43a7-3181-4ab6-bf0b-969ff629d94b", "paragraph_id": "d6b62280-f1c0-40e3-b630-e41f4a0264c4", "position": 1, "text": "The background section describes several problems with conventional car navigation equipment.", "label": "potential value"}, "c137fa50-6510-4ce9-8e61-5dec33251b4b": {"case_id": "8670070a-28ff-403a-9416-bae8900d6a95", "opinion_id": "967c43a7-3181-4ab6-bf0b-969ff629d94b", "paragraph_id": "d6b62280-f1c0-40e3-b630-e41f4a0264c4", "position": 2, "text": "For example, car navigation equipment is “difficult to be used portably,” is. expensive, has limited capacity to store the contents of route guidance, and is unable to provide guidance methods and information to the user beyond conventional route guidance. ('155 patent, col. 1:21-42)", "label": "potential value"}, "a99ef51c-2e13-4e6d-a519-55bf65fb13cf": {"case_id": "1f778447-a09d-470f-a91e-0cfeffd706a0", "opinion_id": "f4c828a7-2f47-40c8-9f56-7229b9698524", "paragraph_id": "4e93a12d-c57b-492f-9d5b-79d1cc98bde2", "position": 0, "text": "Addressing the specific issue of knowledge by each defendant that the cargo of contraband was intended to be brought to the United States, the court noted that the vessel, when first identified, was heading toward the United States; that the most accessible chart indicated a United States destination while no charts covered ports of call in other countries; and that the few crew members had ready access to information from the sophisticated navigation equipment aboard.", "label": "potential value"}, "0a6363ab-5ea4-427e-b667-2cd327fa9dda": {"case_id": "5bb6176e-b191-4dd2-bc7c-886235ea89f2", "opinion_id": "1422f0d1-4729-40bb-a313-f61b4d6eaa9a", "paragraph_id": "0539aebc-e4f5-40fb-a912-0552be31aa5c", "position": 2, "text": "In Chesapeake Shipping, the court found that a ship management company was the owner pro hac vice of the vessel at issue because the company’s responsibilities included “manning the vessels; victualing the vessels; providing for navigation, which involved procuring and providing deck, engine and cabin stores; maintenance and repairs for hull and machinery; providing spare parts, maintenance and repairs for communication and navigation equipment ... and communicating with [the owner] and the vessels’ time charterers.”", "label": "potential value"}, "5fa1ee75-f8c8-40a7-9629-40467e7133ca": {"case_id": "c919587e-3557-4a38-b43d-ae109fd79b1a", "opinion_id": "70878996-38cc-4214-9166-43e9c8f25141", "paragraph_id": "d72d6178-87a9-445c-ad5d-8229b7463f42", "position": 0, "text": "The distinctions between class A and class B licenses seem to relate to the extent of a seaman’s training in electronic navigation equipment and his proficiency in English.", "label": "potential value"}, "a4b8b075-aa95-421c-a9d0-d3ac06293ca6": {"case_id": "d23661c3-bd01-400b-9169-57e9ce66e51e", "opinion_id": "4ae24e6f-77ec-4916-9bcf-82e2eae3aacf", "paragraph_id": "36bd328b-b993-48c0-b317-a96a32978b76", "position": 2, "text": "Given the lack of any safety or fixed navigation equipment and the extraordinary overcrowding, the vessel was patently dangerous to life.", "label": "potential value"}, "01685140-e203-47fb-aa7f-120d23be99ee": {"case_id": "61da5524-7bf3-4579-8a27-5aa1ea0ee017", "opinion_id": "aaf75313-41d2-4f27-9cf0-32906f9fb241", "paragraph_id": "95182ab7-e2c5-482f-a3ed-10e91f5a167c", "position": 1, "text": "In each case the officers and crew of a vessel of Italian registry which had been tied up in a port of the United States damaged her machinery and navigation equipment so as to render her incapable of use, but without harming her hull or rendering it dangerous for them to remain aboard her.", "label": "potential value"}, "e4db9970-f3d5-4704-85ea-a20d224a0501": {"case_id": "06fb62e0-f28c-4d0b-b29b-7e089e29a42f", "opinion_id": "9ba227c6-a659-4934-972a-7089aa9eda78", "paragraph_id": "3a3d955f-6745-4783-940e-966372edd66b", "position": 2, "text": "This equipment, which is common to most oceanographic research, includes: winches capable of lowering instruments deep into the water; very sophisticated computer installations and precise navigation equipment for accurate maintenance of the vessel’s position at sea; sound transducers for research conducted with underwater sound; special electrical features needed because of the large power requirements of the winches and special voltage frequency and power requirements of the other scientific equipment; and air-conditioning because much of the electronic equipment must operate under stringent temperature controls.", "label": "potential value"}, "7e4a40c0-5424-4de7-aed9-7d394bf492a3": {"case_id": "acb9f548-069d-499f-9629-e5364a03d0b2", "opinion_id": "d39c29d9-6b3e-445e-86ba-98d0cf41cc36", "paragraph_id": "23fc0acf-d4c3-4dd2-856d-44ac470bb538", "position": 1, "text": "In Megapulse, the plaintiff, a government contractor, sought to enjoin the release of technical data acquired by the Coast Guard in conjunction with a contract for the sale of long-range navigation equipment.", "label": "potential value"}, "2abba3b7-c64e-4f40-9c99-cc67b5d2004a": {"case_id": "179f292c-f605-48d4-a7c7-d2c212cbe4e9", "opinion_id": "097995b2-ab31-47ed-8ab7-22618760932b", "paragraph_id": "63560f86-8f35-44f6-a38d-853a39df4178", "position": 1, "text": "In Megapulse, the plaintiff, a government contractor, sought to enjoin the release of technical data acquired by the Coast Guard in conjunction with a contract for the sale of long-range navigation equipment.", "label": "potential value"}, "92903d4b-9d9f-4e2f-bacf-7305ce090279": {"case_id": "0e6a0111-4ab9-41d9-8052-c48026d3165f", "opinion_id": "8447f5c9-fd0d-4aa8-87a9-fb03c85a1035", "paragraph_id": "e31d5086-b1bd-4617-9dd2-eb5b7be31856", "position": 3, "text": "They have been or will be stripped of their electronic, communications, and navigation equipment, all four engines, all landing gear assemblies, various panels, fixtures, doors, and other ancillary parts and components____These are located in open storage at AMARC and are supplied in “as-is” condition following appropriate demilitarization.", "label": "potential value"}, "aec1cb38-35c1-45cd-888a-298cd9190183": {"case_id": "c122e91f-8742-4dd0-8da5-e3703bb7e55b", "opinion_id": "c58e3797-b735-4eff-bd52-3a26a0fc6fb7", "paragraph_id": "87da05dd-a082-4459-839a-9d3439ebad16", "position": 5, "text": "Air navigation equipment has been installed and is currently being operated at the Airport by the FAA pursuant to an agreement with the County.", "label": "potential value"}, "64ada152-a570-4fb6-85a5-5f69e7650f16": {"case_id": "cfa74192-6326-4c6c-97c6-fb40062857b4", "opinion_id": "850d9541-6f88-4868-ba9b-c1ed0c07a205", "paragraph_id": "501b3b80-5728-404e-845f-88f9213c9ad1", "position": 0, "text": "Another phase of the common problem is that presented by the record here which discloses that the petitioners have sought an interference-free frequency upon which to operate the radio-navigation equipment to which they are committed.", "label": "potential value"}, "f1e65273-720c-41ac-a9b8-fe548a7af3ed": {"case_id": "06007c79-1755-4ec7-9139-d85b90064487", "opinion_id": "ddc25963-f752-4cc0-90d1-e550f5f1e5d3", "paragraph_id": "e2dace52-540e-43d7-bc8f-00c86672e5e5", "position": 1, "text": "Purchase and Sale of Assets, At the Closing, Seller will sell, convey, transfer, assign, and deliver to Buyer (i) the Vessels together with their engines, tackle, winches, cranes, fuel on board, cordage, general outfit, electronic and navigation equipment, radio installations, appurtenances, appliances, inventory, spare parts, stores, tools and provisions on board each of the Vessels; (ii) all Permits (to the extent transferable) relating to the Vessels transferred; (iii) all business records relating exclusively to the Vessels (the “Records”); (iv) any technical or regulatory documentation already aboard the Vessels, including classification certificates, loadline certificates, , radio licenses, operating manuals, vessel logs and preventative maintenance manuals (collectively, the ‘Vessel Documentation”); and (v) all drawings and intellectual property related to each of the Vessels (the “Intellectual Property”).", "label": "potential value"}, "b35a802b-a1ad-4d27-b036-d85432690e66": {"case_id": "b35fd72f-a956-4770-bc9a-5d0f567e5de1", "opinion_id": "a5913416-3aa3-4bfb-a704-4b583589e240", "paragraph_id": "b2ac0ee9-5418-4ebe-bbdb-5fb928a98d28", "position": 5, "text": "It also showed that the radio and V.O.R. navigations equipment were not tuned to the proper frequency for Kenai; they had not been cheeked prior to flight as required by the FAA.", "label": "potential value"}, "15713456-e031-4c38-b80d-5dd728d12425": {"case_id": "388dc463-0920-4a9e-911e-d0b35cfe2a6e", "opinion_id": "afdab879-7a6b-4e27-87fe-c2488fd708d4", "paragraph_id": "7a7875f2-f39b-418a-89fe-8b7de013ef58", "position": 2, "text": "In the instant case, the security agreement specifically included in the mortgage all “refrigeration, parts, equipment, gear, fire fighting and life saving equipment, propulsion machinery, all navigation equipment, electronic equipment, auxiliary machinery, anchors chain and deck gear, hydraulic pumps and motors, and all fishing gear, licenses and permits.”", "label": "potential value"}, "18ccccaa-9a39-4ddd-86a3-c94ccbaabf62": {"case_id": "e0f4c6b8-f8f5-4e8e-8b08-660e6d412a75", "opinion_id": "8e36a13f-3beb-4a52-b971-1c3cd83cfc78", "paragraph_id": "de057b8f-586b-407a-984f-7228dc97623a", "position": 4, "text": "In addition, the plaintiff contends that the Town Board has failed to modernize the airport with the latest weather and navigation equipment thereby discouraging its use.", "label": "potential value"}, "bc473842-c5e9-4d02-b86b-fa91d153efa3": {"case_id": "f80ece6a-94c4-459c-9063-39c0dbbbed48", "opinion_id": "838ed38d-af1d-4a71-beb3-3b5fe83c1f87", "paragraph_id": "17e59dba-5868-4020-884b-8701ac2a9ffc", "position": 2, "text": "Such a certificate was issued by the Authority on all of respondent’s planes certifying the installation of all the items here involved, such as galley equipment, radio navigation equipment, first-aid kits, overwater emergency equipment, liferafts, life jackets, radio sets and passenger oxygen.", "label": "potential value"}, "b5660361-de9f-41be-8a11-0a1f1123fe45": {"case_id": "f80ece6a-94c4-459c-9063-39c0dbbbed48", "opinion_id": "838ed38d-af1d-4a71-beb3-3b5fe83c1f87", "paragraph_id": "e7ee2419-d002-4c3c-a2be-324b368077da", "position": 4, "text": "Following is a list of the customer-furnished equipment for each plane involved, and which was installed by Boeing; Galley equipment, radio navigation equipment, including indicating instruments ; first-aid kits; overwater emergency equipment, including six 15-man liferafts, eight-five life jackets, emergency kit, emergency rations, emergency radio set, and passenger oxygen.", "label": "potential value"}, "e1ea8d4f-faf7-47a4-bc41-1a353da95057": {"case_id": "9c493e07-b57e-4e20-9cb9-ba19968ec88f", "opinion_id": "e581cf91-9a4f-4a7f-9585-798207494e39", "paragraph_id": "a6e6c21f-aec7-4909-97b1-58afc92a2176", "position": 2, "text": "It does not include those measures strictly necessary for ad-measurement, nor those measures strictly necessary to assure safe, sanitary transit and navigation, including examination of deck and visual navigation equipment, nor in the case of live cargoes, such as cattle or other livestock, that may carry communicable diseases, those measures necessary to assure that health and sanitation requirements are satisfied.", "label": "potential value"}, "178a4dbe-0339-4aa6-a845-a8d46eb4f847": {"case_id": "710a8ecf-4674-4710-994f-24234d5e76d4", "opinion_id": "aa107a55-9b8b-44bd-9544-73e9e1cd64e5", "paragraph_id": "555cec5e-4e62-4514-9ad0-be9c5f57e170", "position": 1, "text": "Hoffman breached the navigation warranty by failing to sail on a direct line from St. Petersburg to Galveston across the Gulf of Mexico; and (2) the loss was caused by the unseaworthy condition of the vessel, faulty navigation equipment and lack of due diligence by Hoffman.", "label": "potential value"}, "da56aae2-e32c-425e-a692-ccf3c461c666": {"case_id": "2c298f2c-97f4-4f38-bec3-5018600befd1", "opinion_id": "f6def1b2-4c04-4f55-97f9-1de9dcbdb52a", "paragraph_id": "b37d9cc6-4828-4b57-9240-9492d48a89bc", "position": 2, "text": "These conclusions are based largely upon one section of the Capital Economics report, in which it explains that air traffic controllers are paid the same amount no matter whether they service overflights or non-overflights; all controllers receive the same training; radar and navigation equipment are common and fixed costs; and telecommunications capabilities are common and fixed costs.", "label": "potential value"}, "aea3e07c-c550-485f-a913-55828bf57eec": {"case_id": "d3856ebd-9180-4605-bc99-bc38b0d95464", "opinion_id": "1862f569-5d67-4320-a2d7-fc4fd1cf773c", "paragraph_id": "641bdc15-3cd9-42e2-9505-6abc4b0a12f5", "position": 0, "text": "The evidence further shows that on or about March 7, 1964 the appellant sold to a Valparaiso, Indiana dealer certain radio and navigation equipment which included some of that which was taken from the Hanley Air Activities, Inc. building on the night of the burglary on December 17, 1963.", "label": "potential value"}, "e16c9957-af1a-47da-aaf9-c7638b93a7b3": {"case_id": "cb0dd118-767a-4f06-acb1-9922550cf0d8", "opinion_id": "51ace7a4-8114-4d71-bfad-4bcdd1c36670", "paragraph_id": "d727de99-d5ee-4538-9cdb-bb251f40d6de", "position": 3, "text": "For the 1996-1998 tax years, GV LLC paid sales tax on the riverboat lease payments, as well as on purchases of: fuel; navigation equipment; maintenance, repair, and safety equipment; tickets; uniforms; supplies for the riverboat pilot house; lighting; bathroom supplies; and heating and air conditioning equipment.", "label": "potential value"}, "14c10ed8-7e4e-4082-8094-ffa1d5b9bb00": {"case_id": "cb0dd118-767a-4f06-acb1-9922550cf0d8", "opinion_id": "51ace7a4-8114-4d71-bfad-4bcdd1c36670", "paragraph_id": "4379f5d2-9856-4c6e-ad39-826f7736169d", "position": 3, "text": "In 1999, Grand Victoria paid sales tax on the capital contribution of the riverboat, as well as on purchases of: fuel; navigation equipment; maintenance, repair, and safety equipment; tickets; uniforms; supplies for the riverboat pilot house; lighting; bathroom supplies; and heating and air conditioning equipment.", "label": "potential value"}, "31a8f6bd-c242-402a-abe9-ea39879112e7": {"case_id": "abdea5e2-7a5e-4147-90f4-c52e4d441627", "opinion_id": "7679f583-9fd4-4871-8cb7-61d1bea10102", "paragraph_id": "3ca43d22-301c-4d11-bed4-5b18b44cf71b", "position": 7, "text": "In commercial airplanes with the type of navigation equipment that is certificated for use in an airliner and with the kind of training that airline crews have and the fact that they generally operate in radar environments under close scrutiny, I think it’s the safest way a person can possibly go some place.", "label": "potential value"}, "67132e39-fcbc-40f9-9fc1-5ce1b05f3f12": {"case_id": "40a60916-4dc1-4bd6-bc9e-14cd6ec42227", "opinion_id": "8fa1b053-b6c4-4d11-bc5a-f953c6920ec6", "paragraph_id": "179259c6-08e1-4fa5-9a3a-83718ca37b36", "position": 1, "text": "He added “radar” and “SSB Radio” to the list of navigation equipment.", "label": "high value"}, "79d9bd64-345f-4354-8ca3-afdd17cf7097": {"case_id": "09569c04-a6f9-485b-8520-2d6aaa5f8948", "opinion_id": "49a6d510-9145-4c48-bf38-e5489202f971", "paragraph_id": "c60b2b27-bb55-4d88-ada7-268335f2346a", "position": 0, "text": "Fedrick was a subcontractor to the prime contractor, United States Corps of Engineers, under contract to furnish and install certain alterations and improvements of the airfields and air navigation equipment at March Air Force Base near Riverside, California,\n5\nthe Siskiyou County Airport, Siskiyou County, California,\n6\nand certain similar improvements at other military airfields and installations.", "label": "potential value"}, "bc2a58e4-4807-45db-8893-4f5459b69eac": {"case_id": "9459e153-f8f5-49bb-981e-8d6b934c7943", "opinion_id": "0b5f66ce-89de-48c1-a60f-ccc4aceb36dc", "paragraph_id": "a6c973e1-9447-4f97-ac9e-e931585c65e5", "position": 1, "text": "Thompson argues that the State’s failure to sufficiently fuel the helicopter and to maintain adequate communication and navigation equipment squarely falls within the plain meaning of “ownership, maintenance or use” of vehicles.", "label": "potential value"}, "188cf097-b3a0-4d56-84dc-642afb7bf40b": {"case_id": "e0c45585-2c03-460a-bd63-50b4ecb056ea", "opinion_id": "410ff031-04b3-4fbb-8fdd-4432716c8db6", "paragraph_id": "100794a2-24c4-4f30-9c2a-b087f1c9eb8a", "position": 1, "text": "Similarly, its navigation equipment is intact.", "label": "potential value"}, "66644995-7eed-4eed-a03a-73da5893015f": {"case_id": "9cee9ee2-6cea-445f-9d50-700e8e9c9f82", "opinion_id": "b48a81b9-512a-4207-bc06-75a8da13e985", "paragraph_id": "e5e98d44-00dd-43c7-b7c7-9d0bad18d06f", "position": 0, "text": "Pursuant to his employer’s instructions, Willis isolated the contaminated navigation equipment and set up a second set of navigation equipment.", "label": "potential value"}, "7c4b7450-29df-4722-9ed9-79650d31f0c8": {"case_id": "9cee9ee2-6cea-445f-9d50-700e8e9c9f82", "opinion_id": "b48a81b9-512a-4207-bc06-75a8da13e985", "paragraph_id": "bde2ffbf-2411-4a8f-83e1-c457f462f0b0", "position": 1, "text": "He reported the second release and waited while his company sent a third set of navigation equipment to the rig.", "label": "potential value"}, "60d524a7-3d4f-4633-a4d2-05fdcf0b6cb7": {"case_id": "9cee9ee2-6cea-445f-9d50-700e8e9c9f82", "opinion_id": "b48a81b9-512a-4207-bc06-75a8da13e985", "paragraph_id": "bde2ffbf-2411-4a8f-83e1-c457f462f0b0", "position": 2, "text": "Although he was not present in the control room for the second mercury release, he was exposed when he entered the area and contacted the second set of contaminated navigation equipment.", "label": "potential value"}, "15bfeb58-499c-4030-8828-463eb66b8f13": {"case_id": "dbda2c1c-3bda-4e21-b030-27e4726dbc92", "opinion_id": "1316c933-8bc4-407c-88a0-d190cf51d949", "paragraph_id": "716d8e4f-25ab-4641-a306-20e2cf0197f5", "position": 3, "text": "There, the vessel was not navigable, the majority of the navigation equipment was not installed, dock and sea trials had not taken place, and no crew had been assigned to the vessel.", "label": "potential value"}, "4cd53d75-f3aa-474b-94ac-315d34660198": {"case_id": "298cc50f-7197-470f-acbd-97b6d39f8775", "opinion_id": "e9e2f8b3-0a38-4827-bf18-43daa553d550", "paragraph_id": "5ef8adf3-2c95-413c-88fd-9ed4bb661869", "position": 0, "text": "“(5) the right to service aircraft or other equipment of lessee, its customers and invitees, by truck or otherwise, with gasoline, oil, greases, lubricants or any other fuel or propellant or other supplies;\n“(6) the right to taxi, tow, park, load and unload lessee’s aircraft and other equipment used in the operation of charter, courtesy, test, training, inspection, emergency, special, sightseeing and other flights;\n“(7) the right to install and operate, at lessee’s expense, a reasonable number and type of company identification signs, subject to the prior written approval of lessor as to form, type and location; and such signs installed by lessee shall be maintained in good condition and appearance and if electrical shall be so designed, maintained and operated as not to constitute a hazard to navigation or to interfere with radio or other equipment used on or about said airport by the Federal aviation agency or others;\n“(8) the right to install, maintain and operate, at lessee’s expense, such radio communications, meteorological and aerial navigation equipment and facilities as may he necessary or convenient in the opinion of lessee for its operation: Provided, however, that no installation, maintenance and operation by lessee shall interfere with the operation of other radio communications, meteorological and aerial navigation equipment and facilities maintained or operated in or about said airport by the Federal aviation agency or any other authorized persons and shall not conflict with or be contrary to the Federal, State or county rules, regulations or policies;\n“(9) the right to transfer, load and unload persons, cargo and property to, from and at the leased premises on the airport and incidental to its air service business by such loading and unloading devices, motor cars, buses, trucks or other means of conveyance as lessee may choose or require in the operation of its air service business; Provided that lessee shall not act as agent for others for either the receipt and forwarding of outgoing air freight or for the receipt and delivery of incoming air freight, transported by commercial air freight carriers; but this provision shall not prevent lessee from picking up, carrying and delivering air freight carried for hire in planes owned or operated by it;\n“(10) the right to conduct operations or activities other than those enumerated in subparagraphs (1) to (9) inclusive, of this paragraph, reasonably related to the landing, taking off, flying, moving, loading, unloading, or servicing of aircraft which are reasonably necessary or convenient to the conduct by it of air service: Provided, however, that all such other operations and activities shall be subject to the approval of the lessor.", "label": "potential value"}, "b409984e-0600-427c-9bdc-06a9b9d2efeb": {"case_id": "ed526a92-9dd9-4945-a698-804cb11ae302", "opinion_id": "68d482c8-6cae-41d5-8cc1-567bcb1be8f5", "paragraph_id": "df3d50c2-d5d0-442c-ac73-559a00f564af", "position": 1, "text": "Also enclosed is information on regulations governing the establishment and maintenance of private aids to navigation, along with sources for obtaining aids to navigation equipment.", "label": "potential value"}, "4539716e-6997-462b-9803-e349e83c3510": {"case_id": "ab30295d-91ab-4850-afb1-75933c605ae3", "opinion_id": "96d50314-8686-48e2-ba1a-17fde0369e35", "paragraph_id": "0629859e-c95a-4f8e-908f-be64600c746d", "position": 0, "text": "The Lady of the Isle was a functional vessel fully equipped with all necessary propulsion, safety and navigation equipment.", "label": "potential value"}, "08cb529f-0f8f-4967-b392-4fe45d21d2ee": {"case_id": "d4b924a1-f9b1-45e3-85d1-34030f7b4b31", "opinion_id": "01b8100c-f027-429e-afd4-2babe55ada6d", "paragraph_id": "5f0a98c8-d3d3-4a70-b47d-61e429b63c02", "position": 1, "text": "He proceeded to Meacham Field and in company with his co-pilot taxied the aircraft to the compass rose for the purpose of checking the accuracy of the navigation equipment.", "label": "potential value"}}