{"29aad19b-000d-46f3-8703-c0023dbd4c27": {"case_id": "7c7571c5-4b2e-432c-b367-e2537d798a8b", "opinion_id": "a860eadb-114a-4729-bcd6-55d177e24267", "text": "A “digital audio copied recording” is defined as:\na reproduction in a digital recording format of a digital musical recording, whether that reproduction is made directly from another digital musical recording or indirectly from a transmission.", "position": 22}, "5b24552b-3b23-4fd7-a559-0d6659d86d62": {"case_id": "7c7571c5-4b2e-432c-b367-e2537d798a8b", "opinion_id": "a860eadb-114a-4729-bcd6-55d177e24267", "text": "A “digital musical recording” is defined as:\na material object—", "position": 24}, "a5ab24a3-119b-4fbc-8be5-80561a54c5b2": {"case_id": "7c7571c5-4b2e-432c-b367-e2537d798a8b", "opinion_id": "a860eadb-114a-4729-bcd6-55d177e24267", "text": "Moreover, the Act expressly provides that the term “digital musical recording” does not include:", "position": 32}, "48f8e9e1-aa4e-4f75-a879-21b21aa0e0be": {"case_id": "7c7571c5-4b2e-432c-b367-e2537d798a8b", "opinion_id": "a860eadb-114a-4729-bcd6-55d177e24267", "text": "The Senate Report states that “if the material object contains computer programs or data bases that are not incidental to the fixed sounds, then the material object would not qualify” under the basic definition of a digital musical recording.", "position": 42}, "d0e933ef-aba0-4af8-842a-97dba726bb14": {"case_id": "7c7571c5-4b2e-432c-b367-e2537d798a8b", "opinion_id": "a860eadb-114a-4729-bcd6-55d177e24267", "text": "S. Rep. 102-294 (1992), reprinted at 1992 WL 133198, at *118-19. The Senate Report further states that the definition “is intended to cover those objects commonly understood to embody sound recordings and their underlying works.” Id. at *97. A footnote makes explicit that this definition only extends to the material objects in which songs are normally fixed: “[t]hat is recorded compact discs, digital audio tapes, audio cassettes, long-playing albums, digital compact cassettes, and mini-discs.” Id. at n. 36. There are simply no grounds in either the plain language of the definition or in the legislative history for interpreting the term “digital musical recording” to include songs fixed on computer hard drives.", "position": 44}, "334ce1ba-c257-43e6-bf98-1590f365b47b": {"case_id": "7c7571c5-4b2e-432c-b367-e2537d798a8b", "opinion_id": "a860eadb-114a-4729-bcd6-55d177e24267", "text": "RIAA contends that the legislative history reveals that the Rio does not fall within the specific exemption from the digital musical recording definition of “a material object in which one or more computer programs are fixed.” 17 U.S.C. § 1001(5)(B)(ii). The House Report describes the exemption as “revisions reflecting exemptions for talking books and computer programs.” H.R. Rep. 102-873(1) (1992), reprinted at 1992 WL 232935, at *35 (emphasis added); see also id. at *44 (“In addition to containing an express exclusion of computer programs in the definition of ‘digital musical recording’ ....”) (emphasis added). We first note that limiting the exemption to computer programs is contrary to the plain meaning of the exemption. As Diamond points out, a computer program is not a material object, but rather, a literary work, see, e.g., Apple Computer, Inc. v. Franklin Computer Corp., 714 F.2d 1240, 1249 (3d Cir.1983) (“[A] computer program ... is a ‘literary work.’ ”), that can be fixed in a variety of material objects, see 17 U.S.C. § 101 (“ ‘Literary works’ are works ... expressed in words, numbers, or other verbal or numerical symbols or indicia, regardless of the nature of the material objects, such as books ... tapes, disks, or cards, in which they are embodied.”) (emphasis added). Thus, the plain language of the exemption at issue does not exclude the copying of programs from coverage by the Act, but instead, excludes copying from various types of material objects. Those objects include hard drives, which indirectly achieve the desired result of excluding copying of programs. But by its plain language, the exemption is not limited to the copying of programs, and instead extends to any copying from a computer hard drive.", "position": 45}, "9996fa39-bcd8-4fe8-954a-01aac96b7cd5": {"case_id": "7c7571c5-4b2e-432c-b367-e2537d798a8b", "opinion_id": "a860eadb-114a-4729-bcd6-55d177e24267", "text": "Again, the legislative history is consistent with the Act’s plain meaning. As the Technical Reference Document that describes the SCMS system explains, “[d]igital audio signals ... that have no information concerning copyright and/or generation status shall be recorded by the [digital audio recording] device so that the digital copy is copyright asserted and original generation status.” Technical Reference Document for the Audio Home Recording Act of 1992, II-A, ¶ 10, reprinted in H.R. Rep. 102-780(1), 32, 43 (1992) (emphasis added). Thus, the incorporation of SCMS into the Rio would allow the Rio to copy MP3 files lacking SCMS codes so long as it marked the copied files as “original generation status.” And such a marking would allow another SCMS device to make unlimited further copies of such “original generation status” files, see, e.g., H.R. Rep. 102-873(1), at *47 (“Under SCMS ... consumers will be able to make an unlimited number of copies from a digital musical recording.”), despite the fact that the Rio does not permit such further copies to be made because it simply cannot download or transmit the files that it stores to any other device. Thus, the Rio without SCMS inherently allows less copying than SCMS permits.", "position": 54}, "f6085527-4d0d-4791-9145-a77c2fef2edc": {"case_id": "7c7571c5-4b2e-432c-b367-e2537d798a8b", "opinion_id": "a860eadb-114a-4729-bcd6-55d177e24267", "text": "B\nRIAA asserts that indirect reproduction of a transmission is sufficient for the Rio to fall within the Act’s ambit as a digital audio recording device. See 17 U.S.C. § 1001(1) (digital audio recording devices are those devices that are capable of making “a reproduction in a digital recording format of a digital musical recording, whether that reproduction is made directly from another digital musical recording or indirectly from a transmission”) (emphasis added). Diamond asserts that the adverb “indirectly” modifies the recording of the underlying “digital music recording,” rather than the recording “from the transmission.” Diamond effectively asserts that the statute should be read as covering devices that are capable of making a reproduction of a digital musical recording, “whether that reproduction is made directly!)] from another digital musical recording!)] or indirectly[,] from a transmission.”", "position": 61}, "e7638cfd-bc4b-44fb-93ec-2bb02c46896e": {"case_id": "0e0541f1-2729-4e7d-9d63-2a61bb1fc70f", "opinion_id": "e3c15afc-87ae-4a56-8ec0-4c831c0c0b8b", "text": "Not only have we earlier observed that Tracks’ interpretation of the relationship between audiograms and phonorecords contra-diets the plain language of the Copyright Act, but also the AHRA has specifically used the term “digital musical recording” instead of “phonorecords” to “avoid[ ] any impact on other unamended provisions of the current Copyright Act, such as section 115, which grants a compulsory license....'' H.R.Rep. No. 873 at 17, 1992 U.S.C.C.A.N. at 3587. Moreover, the Senate Report states that “[t]he use of the new term ‘audiogram’ in chapter 10 is not intended to diminish, enlarge, or otherwise affect the scope of the term ‘phonorecord’ as it is used in ... title 17.” S.Rep. No. 294 at 53 (emphasis added). Tracks’ argument founders on this.", "position": 40}, "d994d929-6208-4e1f-8f8d-aabef138b38a": {"case_id": "0e0541f1-2729-4e7d-9d63-2a61bb1fc70f", "opinion_id": "e3c15afc-87ae-4a56-8ec0-4c831c0c0b8b", "text": "8 . \"A 'digital musical recording’ is a material object-— (i) in which are fixed, in a digital recording format, only sounds, and material, statements, or instructions incidental to those fixed sounds, if any, and (ii) from which the sounds and material can be perceived, reproduced, or otherwise communicated, either directly or with the aid of a machine or device.” 17 U.S.C. § 1001(5)(A).", "position": 53}, "6838a247-cca5-4c40-8cdb-da8d5e469654": {"case_id": "a2696aa8-56d6-40be-a5d6-dff7e79dce3e", "opinion_id": "8270a2b8-dc62-47d7-927e-0a196ede41da", "text": "We agree with the district court that the Audio Home Recording Act does not cover the downloading of MP3 files to computer hard drives. First, “[u]nder the plain meaning of the Act’s definition of digital audio recording devices, computers (and their hard drives) are not digital audio recording devices because their ‘primary purpose’ is not to make digital audio copied recordings.” Recording Indus. Ass’n of Am. v. Diamond Multimedia Sys., Inc., 180 F.3d 1072, 1078 (9th Cir.1999). Second, notwithstanding Napster’s claim that computers are “digital audio recording devices,” computers do not make “digital music recordings” as defined by the Audio Home Recording Act. Id. at 1077 (citing S. Rep. 102-294) (“There are simply no grounds in either the plain language of the definition or in the legislative history for interpreting the term ‘digital musical recording’ to include songs fixed on computer hard drives.”).", "position": 109}, "416d12a3-2c2b-499f-b45c-3b2291f16647": {"case_id": "4a7e3671-c5d6-4b12-be67-ad1c1dfa0005", "opinion_id": "48e42485-590b-4476-96be-d35ac56f259c", "text": "The statute also defines a DACR (ie., the DARD’s output): a DACR is “a reproduction in a digital recording format of a digital musical recording, whether that reproduction is made directly from another digital musical recording or indirectly from a transmission.” Id. § 1001(1) (emphasis added). In other words, a DACR is a “reproduction” of a “digital musical recording” (“DMR”) in a digital recording format.", "position": 23}, "c9966648-1d2a-46a6-8567-7ed6399098e1": {"case_id": "4a7e3671-c5d6-4b12-be67-ad1c1dfa0005", "opinion_id": "48e42485-590b-4476-96be-d35ac56f259c", "text": "And, finally, the statute makes clear that the DARD’s input — ie., the “digital musical recording” (“DMR”) that the DARD reproduces to make a DACR — must be a material object—", "position": 24}, "5b0afcb4-bfc7-4b1b-80b4-b8c7138088fc": {"case_id": "4a7e3671-c5d6-4b12-be67-ad1c1dfa0005", "opinion_id": "48e42485-590b-4476-96be-d35ac56f259c", "text": "(i) in which the fixed sounds consist entirely of spoken word recordings, or\n(ii) in which one or more computer programs are fixed, except that a digital musical recording may contain statements or instructions constituting the fixed sounds and incidental material, and statements or instructions to be- used directly or indirectly in order to bring about the perception, reproduction, or communication of the fixed sounds and incidental material.", "position": 27}, "3818f84a-c5a8-47bd-b81a-730e2d4242bd": {"case_id": "4a7e3671-c5d6-4b12-be67-ad1c1dfa0005", "opinion_id": "48e42485-590b-4476-96be-d35ac56f259c", "text": "A quick recap of the key statutory terms will help to crystallize the particular issue of statutory construction that this Court must now resolve. As explained above, the statute is quite clear that, in order to be a DARD, the device must have a recording function that is capable of, and has the primary purpose of, making a DACR (a digital audio copied recording), which is defined as “a reproduction in a digital recording format of a digital musical recording” (DMR). Based on this definition, Defendants insist that the DACR — i.e., the DARD’s output — must itself be a DMR, just like the input; that is, Defendants maintain that the DARD’s output must be a “material object” containing, in a digital format, “only sounds” and other data incidental to those sounds, id. § 1001(5)(A)(i), and it cannot be a material object “in which one or more computer programs are fixed,” except for programs incidental to the fixed sounds or needed “to bring about their perception, reproduction, or communication[.]” Id. § 1001(5)(B). (See Ford’s Mem. at 5 - 6). The AARC squarely rejects the contention that the DACR must be a DMR. (See, e.g., Plaintiffs Mem. in Opp. to Mot. to Dismiss by Ford and Clarion (“PL’s MTD Opp.”), ECF No. 52, at 39 (arguing that the correct statutory focus is “on whether the recording made by the device is a reproduction in a digital music format, not whether a separate material object is produced or whether the reproduction meets the definition of ‘digital musical recording’ ”).)", "position": 52}, "dd855bba-8376-4496-a4c9-3765a0fcd6f0": {"case_id": "4a7e3671-c5d6-4b12-be67-ad1c1dfa0005", "opinion_id": "48e42485-590b-4476-96be-d35ac56f259c", "text": "First, and foremost, the plain text of the AHRA indicates that a DACR must also be a DMR. See POM Wonderful LLC v. Coca-Cola Co., - U.S.-, 134 S.Ct. 2228, 2236, 189 L.Ed.2d 141 (2014) (reiterating that a court looks primarily to the statutory text when addressing a question of statutory interpretation). The most revealing textual clue appears in the definition of a DACR itself: section 1001(1) states that a DACR is “a reproduction in a digital recording format of a digital musical recording, whether that reproduction is made directly from another digital musical recording or indirectly from a transmission.” 17 U.S.C. § 1001(1) (emphasis added). As Defendants point out, Congress’s use of the word “another” when describing a DMR as the source of a DACR indicates that the DACR itself is also a DMR. See Merriam-Webster’s Collegiate Dictionary 51 (11th ed. 2003) (defining “another” as “being one more in addition to one or more of the same kind”). In other words, the only plausible reason that Congress would specify that a DACR made via direct copy would be from another DMR is if the DACR itself is also a DMR; otherwise, the word “another” would serve no purpose in the sentence. Cf. Donnelly v. F.A.A., 411 F.3d 267, 271 (D.C.Cir.2005) (“[Courts] must strive to interpret a statute to give meaning to every clause and word[.]”).", "position": 58}, "1ab5354e-4c05-4cf1-ac44-5e521554faa2": {"case_id": "4a7e3671-c5d6-4b12-be67-ad1c1dfa0005", "opinion_id": "48e42485-590b-4476-96be-d35ac56f259c", "text": "Other sections of the AHRA also support this interpretation. For example, the section of the statute that prohibits certain copyright infringement actions (see 17 U.S.C. § 1008) appears to assume that DARDs create DACRs that qualify as DMRs. Section 1008 states, in relevant part, that no copyright infringement action can be brought “based on the noncommercial use by a consumer of [a digital audio recording device] or medium for making digital musical recordings or analog musical recordings.” 17 U.S.C. § 1008 (emphasis added). The fact that this section uses the term “digital musical recording,” and not “digital audio copied recording,” to describe what a DARD makes strongly implies that the latter is a species of the former, rather than a different type of output altogether.", "position": 59}, "04053060-2f0a-4b86-a58c-b2e91dcabcbf": {"case_id": "4a7e3671-c5d6-4b12-be67-ad1c1dfa0005", "opinion_id": "48e42485-590b-4476-96be-d35ac56f259c", "text": "The statute’s enumerated civil remedies also suggest that Congress intended that a DARD’s output must be a DMR. The AHRA empowers a court that is adjudicating a claim under the statute to impound “any digital audio recording device, digital musical recording, or [device for circumventing the required copying controls] that is in the custody or control of the alleged violator and that the court has reasonable cause to believe does not comply with [the statute].” 17 U.S.C. § 1009(f) (emphasis added). The court can also “order the remedial modification or the destruction of any [of the violator’s noncompliant] digital audio recording device[s], digital musical recording[s], or [devices for circumventing the required copying controls].” Id. § 1009(g) (emphasis added). If the AARC is right that digital musical recordings are only a DARD’s input (not its output), then it makes little sense that Congress would only authorize a court to seize or destroy the DARD and its input (the DMRs), while leaving the illegal copies created by an AHRA violator unscathed, and at the very least, one would expect that the statute would distinguish between DMRs and DACRs (if there is a material distinction, as the AARC claims), by authorizing the seizure and destruction of DACRs in particular, in addition to those illegal copies that also happened to qualify as DMRs. Indeed, it is precisely because the provision at issue targets only DMRs that the far more natural, and more likely, reading of the statute as a whole is that a DACR is, by definition, a type of DMR, such that all offending DACRs would qualify as DMRs and would be within the court’s power to impound or destroy.", "position": 60}, "1cfde911-69f2-479e-9cf5-8b3ec307efb1": {"case_id": "4a7e3671-c5d6-4b12-be67-ad1c1dfa0005", "opinion_id": "48e42485-590b-4476-96be-d35ac56f259c", "text": "The AARC seeks to advance several textual arguments that lead to the opposite result, none of which succeeds. For example, with respect to Congress’s use of the word “another” in the DACR definition, the AARC maintains that the insertion of that term is not conclusive of whether a DACR must qualify as a DMR, because Congress also used the word “whether” after its reference to a “digital musical recording” and thus intended to introduce only examples of potential DACR sources, not an exhaustive list. (Pl.’s MTD Opp. at 38-39 (“[A] straightforward and logical reading of the digital audio recording ... definition ... would interpret ‘whether,’ not as introducing an ‘exhaustive list,’ but rather as examples of types of sources from which a DACR may be produced.”) (citations omitted)). This interpretation strains credulity. The natural reading of “whether” in the context of the provision at issue merely establishes two mutually exclusive means of creating the “reproduction” that constitutes a DACR: it is made either “directly” from a DMR, or “indirectly” from a transmission. There is no indication in the text that these are only illustrative or that any other means of reproduction are permissible. Moreover, even if direct and indirect reproduction were merely two of many possible means of reproduction, that reading would not change the role of the word “another” in the sentence: that adjective still would indicate that a DACR is a type of DMR.", "position": 67}, "b9353895-46f3-4791-8404-c3313ea5d0cd": {"case_id": "4a7e3671-c5d6-4b12-be67-ad1c1dfa0005", "opinion_id": "48e42485-590b-4476-96be-d35ac56f259c", "text": "The AARC also insists that defendants’ interpretation renders superfluous the phrase “in a digital recording format” in the DACR definition, given that DMRs are, by definition, “in a digital recording format[.]” See 17 U.S.C. § 1001(5)(A)(i). In other words, according to the AARC, if DACRs are DMRs, then there would be no need to specify that a DACR must be in a digital recording format. (See Pl.’s MTD Opp. at 40; Pl.’s MJP Opp. at 33.) This argument is potentially meritorious from a textual standpoint, but the statute’s drafting history wholly undermines it. Specifically, it appears that earlier drafts of the AHRA used the term “audiogram” instead of “digital musical recording” to describe a DARD’s input, and this broader term encompassed analog recordings. See S. Rep. No. 102-294, at 4 (1992); see also id. at 44 (noting that the term “audiogram” was intended to cover analog sources such as “audio cassettes and long-playing albums”). At the time, a DACR was defined as “a reproduction in a digital format of an audiogram ... regardless of whether the material is reproduced from a digital or analog source[,]” id. at 5 (emphasis added), and in that context, the phrase “in a digital format” clarified that a DARD’s output must be digital even if its input was analog. Later in the legislative process, Congress changed “audiogram” to “digital musical recording,” thereby requiring that both the DARD’s input and its output be in a digital format. But the phrase “in a digital format” remained in § 1001(1) — a relic of the earlier draft, when it had meaning. (See Def. GM’s Reply, ECF No. 64, at 11-13; see id. at 12 (“[BJecause of the format-agnostic definition of audiogram, the definition of digital audio copied recording [initially] required the limitation ‘in a digital recording format’ to meet the intent of the AHRA to regulate only reproductions into a digital format, even for analog sources.”).) Thus, while the AARC is correct that surplusage is to be avoided, that cannot be done “at all costs,” United States v. Atlantic Research Corp., 551 U.S. 128, 137, 127 S.Ct. 2331, 168 L.Ed.2d 28 (2007), and certainly not where the extra verbiage can be adequately explained as a simple scrivener’s error.", "position": 69}, "013686e7-c656-4ec2-ba32-3e87ccee5345": {"case_id": "4a7e3671-c5d6-4b12-be67-ad1c1dfa0005", "opinion_id": "48e42485-590b-4476-96be-d35ac56f259c", "text": "The plain text of the AHRA supports defendants’ assertion that, under the statute, a “digital audio recording device” must be capable of producing “digital audio copied recordings”; that these recordings are a type of “digital musical recording”; and that the device’s output must therefore comport with the definition of a digital musical recording that is established at 17 U.S.C. § 1001(5). Thus, the Court rejects Plaintiffs overly broad interpretation of the statute. However, and nevertheless, the Court concludes the instant complaint has sufficiently alleged facts that, if true, could plausibly demonstrate that defendants’ devices are in violation of the AHRA. Therefore, as set forth in the accompanying order, Ford and Clarion’s motion to dismiss and GM’s motion for judgment on the pleadings must be DENIED.", "position": 79}, "7310c731-630f-4503-839f-ffdd798ca6d4": {"case_id": "9db78c41-132e-45ea-9275-8deb8156e270", "opinion_id": "13925065-7eb5-44e5-8657-678fe1425984", "text": "Defendant proffers two theories why the Rio is not a digital audio recording (“DAR”) device. First, Defendant argues that the Rio is not a DAR device because the source of the copy — the computer’s hard drive — is not a “digital musical recording.” Therefore, the Rio is not capable of making a “digital audio copied recording,” which, as defined by Section 1001(1), is “a reproduction in a digital recording format of a digital musical recording.” Second, Defendant argues that the Rio is not a DAR device because it does not have a digital “recording function.”", "position": 30}, "5d36cc17-65bf-465b-8396-2084a7185908": {"case_id": "9db78c41-132e-45ea-9275-8deb8156e270", "opinion_id": "13925065-7eb5-44e5-8657-678fe1425984", "text": "A “digital audio copied recording,” in turn, is defined as\n“a reproduction in a digital recording format of a digital musical recording, whether that reproduction is made directly from another digital musical recording or indirectly from a transmission.” Id. § 1001(1).", "position": 33}, "91c4bb79-5799-458c-a4c6-4a4ea781f237": {"case_id": "9db78c41-132e-45ea-9275-8deb8156e270", "opinion_id": "13925065-7eb5-44e5-8657-678fe1425984", "text": "Finally, a “digital musical recording” is defined as\n“a material object — (i) in which are fixed, in a digital recording format, only sounds, and material, statement, or instructions incidental to those fixed sounds, if any, and (ii) from which the sounds and material can be perceived, reproduced, or otherwise communicated, either directly or with the aid of a machine or device.” Id. § 1001(5)(A).", "position": 34}, "33cdab2a-bf47-4506-b5e8-72ac5d2767ed": {"case_id": "9db78c41-132e-45ea-9275-8deb8156e270", "opinion_id": "13925065-7eb5-44e5-8657-678fe1425984", "text": "A “digital musical recording” does not include\na material object—", "position": 35}, "76ed4d61-8a71-4ff4-9cc6-0d135343926f": {"case_id": "9db78c41-132e-45ea-9275-8deb8156e270", "opinion_id": "13925065-7eb5-44e5-8657-678fe1425984", "text": "To qualify as a DAR device, therefore, the Rio must be “capable of making” a reproduction of a “digital musical recording”.", "position": 37}, "15c703da-35e1-4ba7-a209-9c5451ff49d0": {"case_id": "9db78c41-132e-45ea-9275-8deb8156e270", "opinion_id": "13925065-7eb5-44e5-8657-678fe1425984", "text": "Defendant, in contrast, argues that the Section. (5)(B)(ii) is unambiguous on its face and that “material objects ... in which one or more computer programs are fixed” encompasses not only computer programs on CD-ROM, but also hard drives and other “material objects” including “Zip drives, integrated circuits, circuit boards and the like.” Df.’s Opp. at 10:13-16. Defendant argues that excluding hard drives from the definition of “digital musical recording” was part of “Congress’ intent to exclude the personal computer industry”. from regulation under the AHRA. Df.’s Reply at 11-18:19. Although Defendant’s interpretation of Section (5)(B)(ii) has superficial appeal, it is ultimately unsupported by the legislative history, and contrary to the spirit and purpose of the AHRA.", "position": 39}, "815d51da-8014-4f71-85fa-4ef96ab22485": {"case_id": "9db78c41-132e-45ea-9275-8deb8156e270", "opinion_id": "13925065-7eb5-44e5-8657-678fe1425984", "text": "The result of our discussions was the specific language now contained in Section 1001(5)(B)(ii). Under that subsection once a music file was fixed on a computer’s hard drive as semipermanent memory of any kind, it was no longer a digital musical recording covered by the Act. Accordingly, we advised CEMA members and the RIAA that we would not oppose the AHRA. The legislative history is clear on this point:", "position": 43}, "b0909720-7652-46dc-a33b-2f11cb0819a7": {"case_id": "9db78c41-132e-45ea-9275-8deb8156e270", "opinion_id": "13925065-7eb5-44e5-8657-678fe1425984", "text": "A definition of “digital musical recording” has been added, with revisions reflecting exemptions for talking books and computer programs.", "position": 53}, "320d3397-c9b5-459f-8667-c8b2af69c549": {"case_id": "9db78c41-132e-45ea-9275-8deb8156e270", "opinion_id": "13925065-7eb5-44e5-8657-678fe1425984", "text": "As with “talking books,” the bill specifically excludes computer programs (which generally are classified under the Copyright Act as literary works). In addition to containing an express exclusion of computer programs in the definition of “digital musical recording,” the Committee expressly includes the technical embodiment of statements of instructions incidental to the playback or reproduction of music by referencing such statements or instructions in both sections 1001(5)(A)(i) and (B)(ii).", "position": 54}, "dfa93099-7e22-4dfa-bd78-0ba0f388921e": {"case_id": "9db78c41-132e-45ea-9275-8deb8156e270", "opinion_id": "13925065-7eb5-44e5-8657-678fe1425984", "text": "The AHRA defines “serial copying” as\nthe duplication in a .digital format of a copyrighted musical work or sound recording from a digital reproduction of a digital musical recording. AHRA § 1001(11).", "position": 69}, "ce41e707-13e9-45f9-a2c6-56ff5d5bd058": {"case_id": "9db78c41-132e-45ea-9275-8deb8156e270", "opinion_id": "13925065-7eb5-44e5-8657-678fe1425984", "text": "The Court concurs with Plaintiffs that the two-step process at issue here (audio CD to hard drive; hard drive to Rio) appears to technically satisfy the definition of “serial copying.” A conventional audio CD is a “digital musical recording,” and the MP3 file “ripped” from an audio CD and stored on the hard drive is a “digital reproduction” of that “digital musical recording.” Finally, the version in the Rio is a “duplication” of the “digital reproduction” on the hard drive. Although a personal computer is not a “digital audio recording device,” the definition of “serial copying” in Section 1001(11) does not require that the digital reproduction (i.e., the MP3 file on the hard drive) be generated by a “digital audio recording device.”", "position": 70}, "ae567767-6c6b-46e2-9ba2-8f407b84a1f0": {"case_id": "9db78c41-132e-45ea-9275-8deb8156e270", "opinion_id": "13925065-7eb5-44e5-8657-678fe1425984", "text": "[I]t should be clear that at no time in the process that preceded the enactment of the AHRA was there any significant question that the AHRA would not cover general purpose computers and general purpose devices. However, that understanding was always enshrined in the \"primary purpose” test of the definition of \"[DAR] device” now codified at 17 U.S.C. § 1001(3). Mr. Burger is simply wrong when ... he suggests that the definition of “digital musical recording\" codified at 17 U.S.C. § 1001(5)(B)(ii) was in some way intended to reflect that understanding. (Emphasis added).", "position": 97}, "dab1be05-2f2f-4f5e-b21b-9de51d12478b": {"case_id": "83fd2bbe-71b6-4d34-bde7-b687e92c52a4", "opinion_id": "918bf86b-aa45-4ffb-bfa6-30c547f5435b", "text": "Moreover, “lawfully made under this title” appears in other provisions of Title 17 where it is at least arguable that Congress intended this language to apply to copies of works manufactured outside of the United States. For instance, § 1006(a)(1) of the Audio Home Recording Act provides for applicable royalty payments to be made to “any interested copyright party whose musical work or sound recording has been embodied in a digital musical recording or an analog musical recording lawfully made under this title that has been distributed....”", "position": 94}, "83096ccd-44d2-4bc3-963c-4cc9b938727f": {"case_id": "ea88e3d3-8e23-4ff1-a145-635bcb90f4b6", "opinion_id": "71c4647e-acb8-4112-bd1f-21798d656848", "text": "Second, Congress well knew how to write a statute awarding damages on a per-violation basis but chose not to do so here. Many federal statutes award damages based on “each violation” shown. See, e.g., 17 U.S.C. § 1009(d)(1)(B)(i) (Audio Home Recording Act) (“A complaining party may recover an award of statutory damages for each violation ... in the sum of not more than $2,500 per device involved in such violation.”); 17 U.S.C. § 1009(d)(1)(B)(ii) (Audio Home Recording Act) (“A complaining party may recover an award of statutory damages for each violation ... in the sum of not more than $25 per digital musical recording involved in such violation.”); 17 U.S.C. § 1203(c)(3) (Digital Millennium Copyright Act) (“[A] complaining party may elect to recover an award of statutory damages for each violation [of the statute] in the sum of not less than $200 or more than $2,500 per act of circumvention, device, product, component, offer, or performance of service.”); 18 U.S.C. § 248(c)(1)(B) (Freedom of Access to Clinic Entrances Act) (“In any action ... the plaintiff may elect ... to recover, in lieu of actual damages, an award of statutory damages in the amount of $5,000 per violation.”); 18 U.S.C. § 1388(d)(2),(4) (Respect for the Funerals of Fallen Heroes Act) (“A person bringing an action under [this statute] may elect ... to recover the actual damages suffered by him or her as a result of the violation or ... an award of statutory damages for each violation involved in the action ... in a sum of not less than $25,000 or more than $50,000 per violation.”); 29 U.S.C. § 1854(e) (Migrant and Seasonal Agricultural Worker Protection Act) (“[I]n an action ... in which a claim for actual damages is precluded ... [for certain violations] the court shall award not more than $10,000 per plaintiff per violation.”); 38 U.S.C. § 2413(d)(2),(4) (Respect for America’s Fallen Heroes Act) (“A person bringing an action under [this statute] may elect ... to recover the actual damages suffered by him or her as a result of the violation or ... an award of statutory damages for each violation involved in the action ... in a sum of not less than $25,000 or more than $50,000 per violation.”); 47 U.S.C. § 605(e)(3)(C)(i)(Communications Act) (“[T]he party aggrieved may recover the actual damages suffered by him as a result of the violation ... [or] an award of statutory damages for each violation ... involved in the action in a sum of not less than $1,000 or more than $10,000.”).", "position": 24}, "bed79435-37d0-4af9-bbe1-5a9b5eb28390": {"case_id": "c94ce685-23a7-4f66-8502-6b7e6ff5ef60", "opinion_id": "ebaf2cca-f8e5-4512-84ba-8567b595e44e", "text": "“Fn. 56. The term ‘audiogram’ was later changed to ‘digital musical recording.’ See § 8B.02[A][1] supra.", "position": 70}}