{"5f04622b-7085-4d2f-8dd9-1d33e0057fec": {"case_id": "7c7571c5-4b2e-432c-b367-e2537d798a8b", "opinion_id": "a860eadb-114a-4729-bcd6-55d177e24267", "paragraph_id": "29aad19b-000d-46f3-8703-c0023dbd4c27", "position": 0, "text": "A “digital audio copied recording” is defined as:\na reproduction in a digital recording format of a digital musical recording, whether that reproduction is made directly from another digital musical recording or indirectly from a transmission.", "label": "no value"}, "dcc4f4e6-569b-4cd0-971d-f28ebf1f9815": {"case_id": "7c7571c5-4b2e-432c-b367-e2537d798a8b", "opinion_id": "a860eadb-114a-4729-bcd6-55d177e24267", "paragraph_id": "5b24552b-3b23-4fd7-a559-0d6659d86d62", "position": 0, "text": "A “digital musical recording” is defined as:\na material object—", "label": "high value"}, "7b852a4a-1ee9-4f71-bef8-a28cffa1eacc": {"case_id": "7c7571c5-4b2e-432c-b367-e2537d798a8b", "opinion_id": "a860eadb-114a-4729-bcd6-55d177e24267", "paragraph_id": "a5ab24a3-119b-4fbc-8be5-80561a54c5b2", "position": 0, "text": "Moreover, the Act expressly provides that the term “digital musical recording” does not include:", "label": "potential value"}, "5d13ab23-fe90-4e5f-b70f-3020520ccd49": {"case_id": "7c7571c5-4b2e-432c-b367-e2537d798a8b", "opinion_id": "a860eadb-114a-4729-bcd6-55d177e24267", "paragraph_id": "48f8e9e1-aa4e-4f75-a879-21b21aa0e0be", "position": 0, "text": "The Senate Report states that “if the material object contains computer programs or data bases that are not incidental to the fixed sounds, then the material object would not qualify” under the basic definition of a digital musical recording.", "label": "high value"}, "65e6aa45-5f4a-4a83-a101-c69c9f398975": {"case_id": "7c7571c5-4b2e-432c-b367-e2537d798a8b", "opinion_id": "a860eadb-114a-4729-bcd6-55d177e24267", "paragraph_id": "d0e933ef-aba0-4af8-842a-97dba726bb14", "position": 5, "text": "There are simply no grounds in either the plain language of the definition or in the legislative history for interpreting the term “digital musical recording” to include songs fixed on computer hard drives.", "label": "high value"}, "8b68b810-aa1f-4183-ba00-c0de4ea2ea09": {"case_id": "7c7571c5-4b2e-432c-b367-e2537d798a8b", "opinion_id": "a860eadb-114a-4729-bcd6-55d177e24267", "paragraph_id": "334ce1ba-c257-43e6-bf98-1590f365b47b", "position": 0, "text": "RIAA contends that the legislative history reveals that the Rio does not fall within the specific exemption from the digital musical recording definition of “a material object in which one or more computer programs are fixed.”", "label": "high value"}, "3acfad74-72fc-47c9-9bec-e0ba7c91e940": {"case_id": "7c7571c5-4b2e-432c-b367-e2537d798a8b", "opinion_id": "a860eadb-114a-4729-bcd6-55d177e24267", "paragraph_id": "334ce1ba-c257-43e6-bf98-1590f365b47b", "position": 3, "text": "H.R. Rep. 102-873(1) (1992), reprinted at 1992 WL 232935, at *35 (emphasis added); see also id. at *44 (“In addition to containing an express exclusion of computer programs in the definition of ‘digital musical recording’ ....”) (emphasis added).", "label": "certain value"}, "62b2e2e6-d484-4e47-8388-4f2369b2f573": {"case_id": "7c7571c5-4b2e-432c-b367-e2537d798a8b", "opinion_id": "a860eadb-114a-4729-bcd6-55d177e24267", "paragraph_id": "9996fa39-bcd8-4fe8-954a-01aac96b7cd5", "position": 4, "text": "And such a marking would allow another SCMS device to make unlimited further copies of such “original generation status” files, see, e.g., H.R. Rep. 102-873(1), at *47 (“Under SCMS ... consumers will be able to make an unlimited number of copies from a digital musical recording.”), despite the fact that the Rio does not permit such further copies to be made because it simply cannot download or transmit the files that it stores to any other device.", "label": "potential value"}, "bdf297c6-f069-47a9-9f95-ceadc2056142": {"case_id": "7c7571c5-4b2e-432c-b367-e2537d798a8b", "opinion_id": "a860eadb-114a-4729-bcd6-55d177e24267", "paragraph_id": "f6085527-4d0d-4791-9145-a77c2fef2edc", "position": 1, "text": "See 17 U.S.C. § 1001(1) (digital audio recording devices are those devices that are capable of making “a reproduction in a digital recording format of a digital musical recording, whether that reproduction is made directly from another digital musical recording or indirectly from a transmission”) (emphasis added).", "label": "no value"}, "ec3aee9f-0652-4bf3-a30b-4a61c99797b2": {"case_id": "7c7571c5-4b2e-432c-b367-e2537d798a8b", "opinion_id": "a860eadb-114a-4729-bcd6-55d177e24267", "paragraph_id": "f6085527-4d0d-4791-9145-a77c2fef2edc", "position": 3, "text": "Diamond effectively asserts that the statute should be read as covering devices that are capable of making a reproduction of a digital musical recording, “whether that reproduction is made directly!)] from another digital musical recording!)] or indirectly[,] from a transmission.”", "label": "potential value"}, "d0195e3e-fe79-4b9a-b8a9-cc941aedb87d": {"case_id": "0e0541f1-2729-4e7d-9d63-2a61bb1fc70f", "opinion_id": "e3c15afc-87ae-4a56-8ec0-4c831c0c0b8b", "paragraph_id": "e7638cfd-bc4b-44fb-93ec-2bb02c46896e", "position": 0, "text": "Not only have we earlier observed that Tracks’ interpretation of the relationship between audiograms and phonorecords contra-diets the plain language of the Copyright Act, but also the AHRA has specifically used the term “digital musical recording” instead of “phonorecords” to “avoid[ ] any impact on other unamended provisions of the current Copyright Act, such as section 115, which grants a compulsory license....'' H.R.Rep. No. 873 at 17, 1992 U.S.C.C.A.N. at 3587.", "label": "certain value"}, "cc3aad7b-bccf-4b6e-84df-8cfc579c98de": {"case_id": "0e0541f1-2729-4e7d-9d63-2a61bb1fc70f", "opinion_id": "e3c15afc-87ae-4a56-8ec0-4c831c0c0b8b", "paragraph_id": "d994d929-6208-4e1f-8f8d-aabef138b38a", "position": 1, "text": "\"A 'digital musical recording’ is a material object-— (i) in which are fixed, in a digital recording format, only sounds, and material, statements, or instructions incidental to those fixed sounds, if any, and (ii) from which the sounds and material can be perceived, reproduced, or otherwise communicated, either directly or with the aid of a machine or device.”", "label": "high value"}, "dfa6d192-bb3f-4c70-a0e6-905e8c6bb7bb": {"case_id": "a2696aa8-56d6-40be-a5d6-dff7e79dce3e", "opinion_id": "8270a2b8-dc62-47d7-927e-0a196ede41da", "paragraph_id": "6838a247-cca5-4c40-8cdb-da8d5e469654", "position": 5, "text": "Id. at 1077 (citing S. Rep. 102-294) (“There are simply no grounds in either the plain language of the definition or in the legislative history for interpreting the term ‘digital musical recording’ to include songs fixed on computer hard drives.”).", "label": "high value"}, "32622d2e-c2a9-4a05-ae9f-15eb621105c6": {"case_id": "4a7e3671-c5d6-4b12-be67-ad1c1dfa0005", "opinion_id": "48e42485-590b-4476-96be-d35ac56f259c", "paragraph_id": "416d12a3-2c2b-499f-b45c-3b2291f16647", "position": 0, "text": "The statute also defines a DACR (ie., the DARD’s output): a DACR is “a reproduction in a digital recording format of a digital musical recording, whether that reproduction is made directly from another digital musical recording or indirectly from a transmission.”", "label": "no value"}, "a0277150-6cc7-48b9-b0f1-6e6154d69262": {"case_id": "4a7e3671-c5d6-4b12-be67-ad1c1dfa0005", "opinion_id": "48e42485-590b-4476-96be-d35ac56f259c", "paragraph_id": "416d12a3-2c2b-499f-b45c-3b2291f16647", "position": 2, "text": "In other words, a DACR is a “reproduction” of a “digital musical recording” (“DMR”) in a digital recording format.", "label": "no value"}, "4e8cffcb-f999-4f6d-b32b-893d06458035": {"case_id": "4a7e3671-c5d6-4b12-be67-ad1c1dfa0005", "opinion_id": "48e42485-590b-4476-96be-d35ac56f259c", "paragraph_id": "c9966648-1d2a-46a6-8567-7ed6399098e1", "position": 0, "text": "And, finally, the statute makes clear that the DARD’s input — ie., the “digital musical recording” (“DMR”) that the DARD reproduces to make a DACR — must be a material object—", "label": "high value"}, "113000ea-7ba9-4175-be49-e33b2248fa13": {"case_id": "4a7e3671-c5d6-4b12-be67-ad1c1dfa0005", "opinion_id": "48e42485-590b-4476-96be-d35ac56f259c", "paragraph_id": "5b0afcb4-bfc7-4b1b-80b4-b8c7138088fc", "position": 0, "text": "(i) in which the fixed sounds consist entirely of spoken word recordings, or\n(ii) in which one or more computer programs are fixed, except that a digital musical recording may contain statements or instructions constituting the fixed sounds and incidental material, and statements or instructions to be- used directly or indirectly in order to bring about the perception, reproduction, or communication of the fixed sounds and incidental material.", "label": "certain value"}, "51c308a5-3805-49d2-8abb-3f693242b5d0": {"case_id": "4a7e3671-c5d6-4b12-be67-ad1c1dfa0005", "opinion_id": "48e42485-590b-4476-96be-d35ac56f259c", "paragraph_id": "3818f84a-c5a8-47bd-b81a-730e2d4242bd", "position": 1, "text": "As explained above, the statute is quite clear that, in order to be a DARD, the device must have a recording function that is capable of, and has the primary purpose of, making a DACR (a digital audio copied recording), which is defined as “a reproduction in a digital recording format of a digital musical recording” (DMR).", "label": "potential value"}, "4b3498f6-f9bd-4d7c-9a8c-37d3c633f44a": {"case_id": "4a7e3671-c5d6-4b12-be67-ad1c1dfa0005", "opinion_id": "48e42485-590b-4476-96be-d35ac56f259c", "paragraph_id": "3818f84a-c5a8-47bd-b81a-730e2d4242bd", "position": 6, "text": "(See, e.g., Plaintiffs Mem. in Opp. to Mot. to Dismiss by Ford and Clarion (“PL’s MTD Opp.”), ECF No. 52, at 39 (arguing that the correct statutory focus is “on whether the recording made by the device is a reproduction in a digital music format, not whether a separate material object is produced or whether the reproduction meets the definition of ‘digital musical recording’ ”).)", "label": "potential value"}, "f47226db-38c6-4f2b-b79a-045d8872481a": {"case_id": "4a7e3671-c5d6-4b12-be67-ad1c1dfa0005", "opinion_id": "48e42485-590b-4476-96be-d35ac56f259c", "paragraph_id": "dd855bba-8376-4496-a4c9-3765a0fcd6f0", "position": 2, "text": "The most revealing textual clue appears in the definition of a DACR itself: section 1001(1) states that a DACR is “a reproduction in a digital recording format of a digital musical recording, whether that reproduction is made directly from another digital musical recording or indirectly from a transmission.”", "label": "no value"}, "206b6b87-ffab-48bf-839a-c0b80b580e10": {"case_id": "4a7e3671-c5d6-4b12-be67-ad1c1dfa0005", "opinion_id": "48e42485-590b-4476-96be-d35ac56f259c", "paragraph_id": "1ab5354e-4c05-4cf1-ac44-5e521554faa2", "position": 4, "text": "The fact that this section uses the term “digital musical recording,” and not “digital audio copied recording,” to describe what a DARD makes strongly implies that the latter is a species of the former, rather than a different type of output altogether.", "label": "certain value"}, "ef38a4bc-45ea-4831-9482-e29710bb0664": {"case_id": "4a7e3671-c5d6-4b12-be67-ad1c1dfa0005", "opinion_id": "48e42485-590b-4476-96be-d35ac56f259c", "paragraph_id": "04053060-2f0a-4b86-a58c-b2e91dcabcbf", "position": 1, "text": "The AHRA empowers a court that is adjudicating a claim under the statute to impound “any digital audio recording device, digital musical recording, or [device for circumventing the required copying controls] that is in the custody or control of the alleged violator and that the court has reasonable cause to believe does not comply with [the statute].”", "label": "potential value"}, "6efc687c-7717-4bcf-87b3-93aed8ef1ab8": {"case_id": "4a7e3671-c5d6-4b12-be67-ad1c1dfa0005", "opinion_id": "48e42485-590b-4476-96be-d35ac56f259c", "paragraph_id": "04053060-2f0a-4b86-a58c-b2e91dcabcbf", "position": 3, "text": "The court can also “order the remedial modification or the destruction of any [of the violator’s noncompliant] digital audio recording device[s], digital musical recording[s], or [devices for circumventing the required copying controls].”", "label": "potential value"}, "c42e7231-2689-45a7-9a09-7c53cd059851": {"case_id": "4a7e3671-c5d6-4b12-be67-ad1c1dfa0005", "opinion_id": "48e42485-590b-4476-96be-d35ac56f259c", "paragraph_id": "1cfde911-69f2-479e-9cf5-8b3ec307efb1", "position": 1, "text": "For example, with respect to Congress’s use of the word “another” in the DACR definition, the AARC maintains that the insertion of that term is not conclusive of whether a DACR must qualify as a DMR, because Congress also used the word “whether” after its reference to a “digital musical recording” and thus intended to introduce only examples of potential DACR sources, not an exhaustive list.", "label": "certain value"}, "1ec7f780-4d75-49a6-a6ac-5868e1a97a48": {"case_id": "4a7e3671-c5d6-4b12-be67-ad1c1dfa0005", "opinion_id": "48e42485-590b-4476-96be-d35ac56f259c", "paragraph_id": "b9353895-46f3-4791-8404-c3313ea5d0cd", "position": 5, "text": "Specifically, it appears that earlier drafts of the AHRA used the term “audiogram” instead of “digital musical recording” to describe a DARD’s input, and this broader term encompassed analog recordings.", "label": "certain value"}, "8bcf8d8e-b59a-489b-8a83-ade062b458a3": {"case_id": "4a7e3671-c5d6-4b12-be67-ad1c1dfa0005", "opinion_id": "48e42485-590b-4476-96be-d35ac56f259c", "paragraph_id": "b9353895-46f3-4791-8404-c3313ea5d0cd", "position": 8, "text": "Later in the legislative process, Congress changed “audiogram” to “digital musical recording,” thereby requiring that both the DARD’s input and its output be in a digital format.", "label": "high value"}, "4f7b6d13-adbf-4fb6-960f-172457c9c559": {"case_id": "4a7e3671-c5d6-4b12-be67-ad1c1dfa0005", "opinion_id": "48e42485-590b-4476-96be-d35ac56f259c", "paragraph_id": "013686e7-c656-4ec2-ba32-3e87ccee5345", "position": 0, "text": "The plain text of the AHRA supports defendants’ assertion that, under the statute, a “digital audio recording device” must be capable of producing “digital audio copied recordings”; that these recordings are a type of “digital musical recording”; and that the device’s output must therefore comport with the definition of a digital musical recording that is established at 17 U.S.C. § 1001(5).", "label": "certain value"}, "77fb4007-d53c-4744-b1b3-2e4533354d92": {"case_id": "9db78c41-132e-45ea-9275-8deb8156e270", "opinion_id": "13925065-7eb5-44e5-8657-678fe1425984", "paragraph_id": "7310c731-630f-4503-839f-ffdd798ca6d4", "position": 1, "text": "First, Defendant argues that the Rio is not a DAR device because the source of the copy — the computer’s hard drive — is not a “digital musical recording.”", "label": "certain value"}, "1a55ecab-34bb-4124-b05b-53d25f0b6019": {"case_id": "9db78c41-132e-45ea-9275-8deb8156e270", "opinion_id": "13925065-7eb5-44e5-8657-678fe1425984", "paragraph_id": "7310c731-630f-4503-839f-ffdd798ca6d4", "position": 2, "text": "Therefore, the Rio is not capable of making a “digital audio copied recording,” which, as defined by Section 1001(1), is “a reproduction in a digital recording format of a digital musical recording.”", "label": "potential value"}, "437f86c8-13b6-437e-b725-1b9bd22fd821": {"case_id": "9db78c41-132e-45ea-9275-8deb8156e270", "opinion_id": "13925065-7eb5-44e5-8657-678fe1425984", "paragraph_id": "5d36cc17-65bf-465b-8396-2084a7185908", "position": 0, "text": "A “digital audio copied recording,” in turn, is defined as\n“a reproduction in a digital recording format of a digital musical recording, whether that reproduction is made directly from another digital musical recording or indirectly from a transmission.”", "label": "no value"}, "2e259831-f5e1-4c8c-bdb4-39de65383f64": {"case_id": "9db78c41-132e-45ea-9275-8deb8156e270", "opinion_id": "13925065-7eb5-44e5-8657-678fe1425984", "paragraph_id": "91c4bb79-5799-458c-a4c6-4a4ea781f237", "position": 0, "text": "Finally, a “digital musical recording” is defined as\n“a material object — (i) in which are fixed, in a digital recording format, only sounds, and material, statement, or instructions incidental to those fixed sounds, if any, and (ii) from which the sounds and material can be perceived, reproduced, or otherwise communicated, either directly or with the aid of a machine or device.”", "label": "high value"}, "d3af0427-35a5-4bad-87d0-a3728d3a7657": {"case_id": "9db78c41-132e-45ea-9275-8deb8156e270", "opinion_id": "13925065-7eb5-44e5-8657-678fe1425984", "paragraph_id": "33cdab2a-bf47-4506-b5e8-72ac5d2767ed", "position": 0, "text": "A “digital musical recording” does not include\na material object—", "label": "high value"}, "b39c899b-3dd4-4e5d-ac68-45bdd0d862aa": {"case_id": "9db78c41-132e-45ea-9275-8deb8156e270", "opinion_id": "13925065-7eb5-44e5-8657-678fe1425984", "paragraph_id": "76ed4d61-8a71-4ff4-9cc6-0d135343926f", "position": 0, "text": "To qualify as a DAR device, therefore, the Rio must be “capable of making” a reproduction of a “digital musical recording”.", "label": "potential value"}, "1849b027-a992-4011-8e7a-314cd54a89db": {"case_id": "9db78c41-132e-45ea-9275-8deb8156e270", "opinion_id": "13925065-7eb5-44e5-8657-678fe1425984", "paragraph_id": "15c703da-35e1-4ba7-a209-9c5451ff49d0", "position": 2, "text": "Defendant argues that excluding hard drives from the definition of “digital musical recording” was part of “Congress’ intent to exclude the personal computer industry”. from regulation under the AHRA.", "label": "certain value"}, "78797c36-88bb-4fe3-a9d6-5eb458e77a9c": {"case_id": "9db78c41-132e-45ea-9275-8deb8156e270", "opinion_id": "13925065-7eb5-44e5-8657-678fe1425984", "paragraph_id": "815d51da-8014-4f71-85fa-4ef96ab22485", "position": 1, "text": "Under that subsection once a music file was fixed on a computer’s hard drive as semipermanent memory of any kind, it was no longer a digital musical recording covered by the Act.", "label": "high value"}, "725c8d9e-de4e-41d4-9294-f6eada9a6cc9": {"case_id": "9db78c41-132e-45ea-9275-8deb8156e270", "opinion_id": "13925065-7eb5-44e5-8657-678fe1425984", "paragraph_id": "b0909720-7652-46dc-a33b-2f11cb0819a7", "position": 0, "text": "A definition of “digital musical recording” has been added, with revisions reflecting exemptions for talking books and computer programs.", "label": "high value"}, "0b92de3f-8e3d-4033-97b6-e7dbdb388a80": {"case_id": "9db78c41-132e-45ea-9275-8deb8156e270", "opinion_id": "13925065-7eb5-44e5-8657-678fe1425984", "paragraph_id": "320d3397-c9b5-459f-8667-c8b2af69c549", "position": 1, "text": "In addition to containing an express exclusion of computer programs in the definition of “digital musical recording,” the Committee expressly includes the technical embodiment of statements of instructions incidental to the playback or reproduction of music by referencing such statements or instructions in both sections 1001(5)(A)(i) and (B)(ii).", "label": "certain value"}, "3d8cc753-5d51-480a-a782-fceb2efdbf65": {"case_id": "9db78c41-132e-45ea-9275-8deb8156e270", "opinion_id": "13925065-7eb5-44e5-8657-678fe1425984", "paragraph_id": "dfa93099-7e22-4dfa-bd78-0ba0f388921e", "position": 0, "text": "The AHRA defines “serial copying” as\nthe duplication in a .digital format of a copyrighted musical work or sound recording from a digital reproduction of a digital musical recording.", "label": "potential value"}, "7d7c18b9-7d2e-497e-b351-e5bd17a1d824": {"case_id": "9db78c41-132e-45ea-9275-8deb8156e270", "opinion_id": "13925065-7eb5-44e5-8657-678fe1425984", "paragraph_id": "ce41e707-13e9-45f9-a2c6-56ff5d5bd058", "position": 1, "text": "A conventional audio CD is a “digital musical recording,” and the MP3 file “ripped” from an audio CD and stored on the hard drive is a “digital reproduction” of that “digital musical recording.”", "label": "high value"}, "5662128b-4466-419c-bd68-b2648fa820f9": {"case_id": "9db78c41-132e-45ea-9275-8deb8156e270", "opinion_id": "13925065-7eb5-44e5-8657-678fe1425984", "paragraph_id": "ae567767-6c6b-46e2-9ba2-8f407b84a1f0", "position": 2, "text": "Mr. Burger is simply wrong when ... he suggests that the definition of “digital musical recording\" codified at 17 U.S.C. § 1001(5)(B)(ii) was in some way intended to reflect that understanding.", "label": "potential value"}, "8886c516-321d-4550-b557-b4ee998ae911": {"case_id": "83fd2bbe-71b6-4d34-bde7-b687e92c52a4", "opinion_id": "918bf86b-aa45-4ffb-bfa6-30c547f5435b", "paragraph_id": "dab1be05-2f2f-4f5e-b21b-9de51d12478b", "position": 1, "text": "For instance, § 1006(a)(1) of the Audio Home Recording Act provides for applicable royalty payments to be made to “any interested copyright party whose musical work or sound recording has been embodied in a digital musical recording or an analog musical recording lawfully made under this title that has been distributed....”", "label": "potential value"}, "30f8ef43-057a-44e7-ac7d-a65b67695d5e": {"case_id": "ea88e3d3-8e23-4ff1-a145-635bcb90f4b6", "opinion_id": "71c4647e-acb8-4112-bd1f-21798d656848", "paragraph_id": "83096ccd-44d2-4bc3-963c-4cc9b938727f", "position": 2, "text": "See, e.g., 17 U.S.C. § 1009(d)(1)(B)(i) (Audio Home Recording Act) (“A complaining party may recover an award of statutory damages for each violation ... in the sum of not more than $2,500 per device involved in such violation.”); 17 U.S.C. § 1009(d)(1)(B)(ii) (Audio Home Recording Act) (“A complaining party may recover an award of statutory damages for each violation ... in the sum of not more than $25 per digital musical recording involved in such violation.”); 17 U.S.C. § 1203(c)(3) (Digital Millennium Copyright Act) (“[A] complaining party may elect to recover an award of statutory damages for each violation [of the statute] in the sum of not less than $200 or more than $2,500 per act of circumvention, device, product, component, offer, or performance of service.”); 18 U.S.C. § 248(c)(1)(B) (Freedom of Access to Clinic Entrances Act) (“In any action ... the plaintiff may elect ... to recover, in lieu of actual damages, an award of statutory damages in the amount of $5,000 per violation.”); 18 U.S.C. § 1388(d)(2),(4) (Respect for the Funerals of Fallen Heroes Act) (“A person bringing an action under [this statute] may elect ... to recover the actual damages suffered by him or her as a result of the violation or ... an award of statutory damages for each violation involved in the action ... in a sum of not less than $25,000 or more than $50,000 per violation.”); 29 U.S.C. § 1854(e) (Migrant and Seasonal Agricultural Worker Protection Act) (“[I]n an action ... in which a claim for actual damages is precluded ... [for certain violations] the court shall award not more than $10,000 per plaintiff per violation.”); 38 U.S.C. § 2413(d)(2),(4) (Respect for America’s Fallen Heroes Act) (“A person bringing an action under [this statute] may elect ... to recover the actual damages suffered by him or her as a result of the violation or ... an award of statutory damages for each violation involved in the action ... in a sum of not less than $25,000 or more than $50,000 per violation.”); 47 U.S.C. § 605(e)(3)(C)(i)(Communications Act) (“[T]he party aggrieved may recover the actual damages suffered by him as a result of the violation ... [or] an award of statutory damages for each violation ... involved in the action in a sum of not less than $1,000 or more than $10,000.”).", "label": "potential value"}, "83ee6339-88e7-4a9c-9793-ddd8ce156c1b": {"case_id": "c94ce685-23a7-4f66-8502-6b7e6ff5ef60", "opinion_id": "ebaf2cca-f8e5-4512-84ba-8567b595e44e", "paragraph_id": "bed79435-37d0-4af9-bbe1-5a9b5eb28390", "position": 1, "text": "The term ‘audiogram’ was later changed to ‘digital musical recording.’", "label": "certain value"}}