{"8d6d372f-08ec-4b11-8c5e-07087f54a1b6": {"case_id": "1cbcc940-5473-468d-a711-05734dcd3826", "opinion_id": "f3124ca3-e770-471a-b568-39bac9636485", "text": "In considering the nature of the offense ... the court shall consider the extent to which the juvenile played a leadership role in an organization, or otherwise influenced other persons to take part in criminal activities, involving the use or distribution of controlled substances or firearms. Such a factor, if found to exist, shall weigh in favor of a transfer to adult status, but the absence of this factor shall not preclude such a transfer.", "position": 31}, "c4cba570-1b41-4b21-871c-6aedffad3a63": {"case_id": "7106a4a3-6c7a-428d-81fc-5c78486386d7", "opinion_id": "b8964745-6aa0-4cde-9db4-1b92b084258e", "text": "Section 5032 also directs the Court to consider the juvenile’s role in the offense: “[T]he court shall consider the extent to which the juvenile played a leadership role in an organization, or otherwise influenced other persons to take part in criminal activities, involving the use or distribution of controlled substances or firearms. Such a factor, if found to exist, shall weigh in favor of a transfer to adult status, but the absence of this factor shall not preclude such a transfer.” 18 U.S.C. § 5032.", "position": 76}, "b7b9efaf-3a78-4938-9151-0b058dde96a7": {"case_id": "4f0596e7-63c7-49da-b1b0-30aa1170e0cd", "opinion_id": "546804bd-c678-463e-b03f-185e3c436035", "text": "Evidence of the following factors shall be considered, and findings with regard to each factor shall be made in the record, in assessing whether a transfer would be in the interest of justice: the age and social background of the juvenile; the nature of the alleged offense; the extent and nature of the juvenile's prior delinquency record; the juvenile's present intellectual development and psychological maturity; the nature of past treatment efforts and the juvenile's response to such efforts; the availability of programs designed to treat the juvenile's behavioral problems. In considering the nature of the offense, as required by this paragraph, the court shall consider the extent to which the juvenile played a leadership role in an organization, or otherwise influenced other persons to take part in criminal activities, involving the use or distribution of controlled substances or firearms. Such a factor, if found to exist, shall weigh in favor of a transfer to adult status, but the absence of this factor shall not preclude such a trans-", "position": 18}, "651939c0-8289-46cc-a9a8-f00ac5dc00fd": {"case_id": "5d7089f3-453c-4137-9781-e8d487593e1d", "opinion_id": "c6a5a9eb-0847-4cbf-8e96-574080a06198", "text": "Evidence of the following factors shall be considered, and findings with regard to each factor shall be made in the record, in assessing whether a transfer would be in the interest of justice: the age and social background of the juvenile; the nature of the alleged offense; the extent and nature of the juvenile’s prior delinquency record; the juvenile’s present intellectual development and psychological maturity; the nature of past treatment efforts and the juvenile’s response to such efforts; the availability of programs designed to treat the juvenile’s behavioral problems. In considering the nature of the offense, as required by this paragraph, the court shall consider the extent to which the juvenile played a leadership role in an organization, or otherwise influenced other persons to take part in criminal activities, involving the use or distribution of controlled substances or firearms. Such a factor, if found to exist, shall weigh in favor of a transfer to adult status, but the absence of this factor shall not preclude such a transfer.", "position": 11}, "a6a8a9e7-a0b6-4855-b1d0-dcad6cccf1fb": {"case_id": "5d7089f3-453c-4137-9781-e8d487593e1d", "opinion_id": "c6a5a9eb-0847-4cbf-8e96-574080a06198", "text": "The scope of “alleged offense” is more difficult. On one hand, there is authority for the proposition that the inquiry should be limited to the nature of the alleged offense, and “not some other offense.” Id. See In Re Sealed Case, 893 F.2d 363, 369 n. 12 (D.C.Cir.1990) (“Congress could not have contemplated the hearing to focus on a plethora of uncharged and unproven offenses”). Conversely, § 5032 mandates that the Court “shall consider the extent to which the juvenile played a leadership role in an organization, or otherwise influenced other persons to take part in criminal activities, involving the use or distribution of controlled substances or firearms.” 18 U.S.C. § 5032.", "position": 44}, "586eeff7-a69d-4b09-8593-782cae04cdf5": {"case_id": "022b5b53-bd1e-497a-81e3-01eb6dd7a0c0", "opinion_id": "608612f4-d517-4279-9362-24d12dbe3225", "text": "See Ph’s SMF ¶ 3; Def.’s SMF Response ¶ 3. Five of the defendants, including the HLF, were convicted on all counts in November 2008, and they appealed their convictions to the Fifth Circuit. See United States v. El-Mezain, 664 F.3d 467 (5th Cir.2011). In reviewing some of the evidence presented at trial, the Fifth Circuit summarized evidence that Ahmad, by virtue of his leadership role in an organization known as the Palestinian Committee, was affiliated with and perhaps helped to control the HLF. Id. at 530-31.", "position": 8}, "5028d41f-819a-4521-bae5-bae06af96bbf": {"case_id": "93fce78b-e5a7-4f0a-90c8-6cd5448a3ecd", "opinion_id": "40d00557-685a-4eb0-986a-3be04eda719f", "text": "Evidence of the following factors shall be considered, and findings with regard to each factor shall be made in the record, in assessing whether a transfer would be in the interest of justice: the age and social background of the juvenile; the nature of the alleged offense; the extent and nature of the juvenile’s prior delinquency record; the juvenile’s present intellectual development and psychological maturity; the nature of past treatment efforts and the juvenile’s response to such efforts; the availability of programs designed to treat the juvenile's behavioral problems. In considering the nature of the offense, as required by this paragraph, the court shall consider the extent to which the juvenile played a leadership role in an organization, or otherwise influenced other persons to take part in criminal activities, involving the use or distribution of controlled substances or firearms. Such a factor, if found to exist, shall weigh in favor of a transfer to adult status, but the absence of this factor shall not preclude such a transfer.", "position": 43}, "ead4bae6-5587-407e-b5f2-2762b57e3f0f": {"case_id": "2a775e9c-25b4-4b26-b8a0-d5441a6e1231", "opinion_id": "ef412e35-cb2f-4717-b4b6-198af49bf60e", "text": "The record further reflects that defendant played “a leadership role in an organization, or otherwise influenced other persons to take part in criminal activities, involving the use or distribution of controlled substances or firearms,” an additional factor to be considered in connection with the nature of the offense analysis. 18 U.S.C. § 5032. Indeed, both Pacheco and Detective Ignacio testified that defendant is a prominent member of MS-13, a violent national gang associated with various criminal activities including murder, robbery, larceny, assault, destruction of property, witness intimidation, prostitution, and drug trafficking. Pacheco and Ignacio further testified that MS-13 members are known to carry and use various weapons, including machetes, knives, sticks, baseball clubs, broken bottles, golf clubs, and, as relevant here, some firearms, including hand guns. Pacheco also testified that he learned “on the street” from other gang members that defendant is “very charismatic” and that he used this quality to recruit other young individuals to join MS-13 and to “raise up” Ms local MS-13 “clique.”", "position": 47}, "713a23e3-c461-41ef-8bb4-67048bb62aa0": {"case_id": "2a775e9c-25b4-4b26-b8a0-d5441a6e1231", "opinion_id": "ef412e35-cb2f-4717-b4b6-198af49bf60e", "text": "7 . In considering the nature of the offense factor, in particular, \"the court shall consider the extent to which the juvenile played a leadership role in an organization, or otherwise influenced other persons to take part in criminal activities, involving the use or distribution of controlled substances or firearms.” 18 U.S.C. § 5032.", "position": 81}, "4fb0abd3-5914-4d16-80bd-93e3a83a91e3": {"case_id": "52596dcb-e986-41cb-8019-0a6cba609b09", "opinion_id": "6489d19e-7718-4c45-85af-a4b76de3afb6", "text": "At sentencing, the government bears the burden of proving, by a preponderance of the evidence, facts necessary to establish a defendant’s role in the offense. United States v. Morton, 957 F.2d 577, 581 (8th Cir.1992) (citing United States v. Malbrough, 922 F.2d 458, 464 (8th Cir.1990)). Factors the district court should consider include “the nature of defendant’s role in the offense, the recruitment of accomplices, [and] the degree of participation in planning or organizing the offense.” United States v. Escobar, 50 F.3d 1414, 1425 (8th Cir.1995) (internal quotations omitted).- The government need only show that defendant played a leadership role in an organization of five or more persons. It need not show that his leadership role encompassed any particular number of participants. United States v. Payne, 119 F.3d 637, 647 (8th Cir.1997).", "position": 32}, "07f25d7f-b86c-4c72-a1b9-85e5e9b0b48d": {"case_id": "e08b1720-9820-481d-a529-3b2678fc69e9", "opinion_id": "264ca9be-67c1-436c-adfc-12ef189c36dc", "text": "Id. at ¶ 5. In considering the nature of the offense, the district court is required to “consider the extent to which the juvenile played a leadership role in an organization, or otherwise influenced other persons to take part in criminal activities, involving the use or distribution of controlled substances or firearms.” Id.", "position": 20}, "8f6edeb8-7fe3-4c08-8295-bfd53c8f2da3": {"case_id": "c2e3c141-7e43-478c-b781-0a002896d5f7", "opinion_id": "1cf3e808-8eed-47a4-9917-7c45c4bfd787", "text": "2 . Napoli's crimes were divided into four groups of offenses. (R. at 665A-67A.) The court calculated an offense level of forty-six (46) for Group 1, which consisted of the drug conspiracy conviction. This offense level reflected a base of thirty-eight (38), United States Sentencing Guidelines § 2D 1.1 (c)(1) (Nov.2007); a two-level enhancement for possession of a firearm, id. § 2D1.1(b)(1); a four-level enhancement for a leadership role in an organization of at least five persons, id. § 3Bl.l(a); and a two-level enhancement for obstruction of justice, id. § 3C1.1. Because the offense levels for the other groups were more than nine (9) points less serious, the court only considered the level for Group 1. See id. § 3D 1.4(c). With a criminal history category of V, after a one-level departure for over-representation, see id. § 4A1.3(b), the Guidelines yield a recommended sentence of life imprisonment, (R. at 668A.)", "position": 359}, "410adb33-a6aa-4dc9-be2c-e5a9df6bf93a": {"case_id": "499e3295-3972-4e94-8c62-47276e918bef", "opinion_id": "0016abd2-fccb-4f15-b87c-d1282963c36b", "text": "To be subject to the § 3B1.1 enhancement, the defendant must have played a leadership role in an organization with at least one other participant, and that participant must be someone criminally responsible for commission of the offense. U.S.S.G. § 3B1.1, comment.(n.2); United States v. Gori-DiDonato, 109 F.3d 318 (6th Cir.1997). It seems clear that the district court actually did make a factual finding that the defendant exerted control over at least one individual. Therefore, the district court’s finding that the enhancement was warranted is reviewed under a clear error standard. United States v. Haun, 90 F.3d 1096, 1102 (6th Cir.1996). There is ample evidence to support the district court’s conclusion that the defendant exercised leadership and supervisory responsibilities in an organization involving at least one other criminally responsible individual.", "position": 3}, "798ccfb3-e6f0-4e90-b765-a197d2dc3e0e": {"case_id": "5cbf07e4-abfc-4f76-9a67-3d602db0e142", "opinion_id": "c79bfac2-527b-4612-8993-ef368ed79059", "text": "The Court “is entitled to assume that the juvenile committed the offense charged for the purposes of the transfer hearing.” In re Sealed Case, 893 F.2d at 368-69. A more serious offense should be weighed more heavily than other factors in the balancing analysis. United States v. Juvenile Male MC, 322 F.3d 482, 485 (8th Cir.2002) (citing United States v. Ramirez, 297 F.3d 185, 193 (2d Cir.2002)). Moreover, the Court “shall consider the extent to which the juvenile played a leadership role in an organization, or otherwise influenced other persons to take part in criminal activities, involving the use or distribution of controlled substances or firearms.” 18 U.S.C. § 5032 ¶ 5. “Such a factor, if found to exist, shall weigh in favor of a transfer to adult status, but the absence of this factor shall not preclude such a transfer.” Id.", "position": 85}, "adab3888-4a9a-4e0f-b9be-db0c29096805": {"case_id": "df275b79-c2a8-4831-ae5d-2e2b22c4ed8a", "opinion_id": "070ea7ac-ee3f-404f-a6a3-52a108018a9e", "text": "In considering the nature of the offense, as required by this paragraph, the court shall consider the extent to which the juvenile played a leadership role in an organization, or otherwise influenced other persons to take part in criminal activities, involving the use or distribution of controlled substances dr firearms. Such a factor, if found to exist, shall weigh in favor of a transfer to adult status, but the absence of this factor shall not preclude such a transfer.", "position": 64}, "3489f0f3-65a5-4758-ad3c-10430d09b187": {"case_id": "b10f593a-effd-46bb-9015-6360a28de038", "opinion_id": "61fff809-6f7b-4c68-a0a3-b161fc546c06", "text": "The circumstances of the tort in this case distinguish it from Forrest in several crucial ways. First, a pastor is not a public actor, and therefore, the policy reasons for extending the cost of police misconduct to the general public are not present. As a society, we give police officers power beyond that of all other citizens so that they may better protect us. A pastor, by contrast, is vested with no more power than any other person who takes a leadership role in an organization. Although a pastor’s leadership serves the needs of his church, holding the church responsible for his abuse of that power does nothing to deter future abuses: in this case the church removed [the pastor] from his position before the lawsuit against it was filed. Vicarious liability merely penalizes innocent church members for conduct in which they took no part, of which they had no knowledge, and from which they gained no benefit.", "position": 117}, "ce2f0a5b-db6f-4755-9e4b-8116dcdc9608": {"case_id": "ff457ddf-9be2-4b7b-81ff-a0606a04e280", "opinion_id": "5c07109f-596f-4bdd-bbc3-8631a724e82c", "text": "There is no question that both the magistrate and the district court determined that the evidence proffered at the April 29th hearing before Magistrate Chrein clearly and convincingly demonstrated that Colombo presents a danger to the community. See App. at 150 (magistrate found that government has proved by “clear and convincing evidence the facts that give rise to the risk to the public”); id. at 315 (district court found that “it was appropriate for the magistrate to have found that the Government sustained its burden of persuasion as to probable cause and danger to the community”); see also Chimurenga, 760 F.2d at 403 (government has the burden of establishing defendant’s dangerousness by clear and convincing evidence). They found that this evidence tends to show that Colombo was the leader of an enterprise that carried out its criminal activities at his direction. That there is virtually no evidence of Colombo’s direct participation in the crimes charged is not surprising if one accepts the determination made for purposes of the bail hearings that Colombo played a leadership role in an organization allegedly known as “Colombo’s crew.” The magistrate correctly concluded at the April 29th hearing that “Ferraro’s testimony might very well be believed by a jury. And if it were to be believed, there is an overwhelming array of testimony ... that the defendant presents a threat to the safety of the public, or consistent pattern of orchestrating a series of violent criminal operations.” App. at 151.", "position": 15}, "6e5ca480-4483-483e-b436-c6653c88c21a": {"case_id": "2bd54c5f-7f74-4433-b1f2-eba20bf845ce", "opinion_id": "2bfdd4b1-da20-40e5-b846-c7edfcc3117b", "text": "1 . Male Juvenile E.L.C. and United States v. Female Juvenile, A.F.S., 377 F.3d 27 (1st Cir.2004), each provide background on the requirements for transferring a juvenile to the adult criminal justice system. For present purposes, we note that the district court is required to consider “the extent to which the juvenile played a leadership role in an organization, or otherwise influenced others to take part in criminal activities, involving the use or distribution of controlled substances or firearms” when assessing \"the nature of the alleged offense.” 18 U.S.C. § 5032.", "position": 15}, "9f4f1812-919a-4a0a-bbd0-41782e9494ed": {"case_id": "88aa7189-f374-4612-951d-c02940be64ca", "opinion_id": "f11e9c03-117f-45f6-b109-90f736204271", "text": "For purposes of a transfer determination, the Court “may assume the truth of the government’s allegations regarding the defendant’s commission of the crime.” United States v. McQuade Q., 403 F.3d 717, 718 n. 1 (10th Cir.2005) (internal quotation marks and citation omitted). The Court may also consider evidence regarding the specifics of the offense because that information relates to the “nature” of the offense and can be “quite relevant to determining the prospects for [the juvenile’s] rehabilitation.” In re Sealed Case (Juvenile Transfer), 893 F.2d 863, 370 (D.C.Cir.1990). A finding that “the juvenile played a leadership role in an organization, or otherwise influenced other persons to take part in criminal activities, involving the use or distribution of controlled substances or firearms” weighs in favor of transfer, “but the absence of this factor shall not preclude such a transfer.” 18 U.S.C. § 5032.", "position": 20}, "16c5cd29-904e-4ac8-9278-ef1a71899c99": {"case_id": "c2cfb6a2-0af9-492b-bfab-863d0fb463d3", "opinion_id": "1305e826-95c1-4d59-a578-2ffef4ff64d1", "text": "For the purposes of a transfer determination, the Court “may assume the truth of the government’s allegations regarding the defendant’s commission of the crime.” United States v. McQuade Q., 403 F.3d 717, 718 n. 1 (10th Cir.2005) (internal quotation omitted). The Court may also consider evidence regarding the specifics of the offense. See In re Sealed Case (Juvenile Transfer), 893 F.2d 363, 370 (D.C.Cir.1990). Consideration of this factor includes assessing “the extent to which the juvenile played a leadership role in an organization, or otherwise influenced other persons to take part in criminal activities, involving the use or distribution of controlled substances or firearms.” 18 U.S.C. § 5032. A finding of those circumstances weighs in favor of - transfer. Id. Many courts have granted transfer based on the violent nature of the offense itself in cases involving carjacking or armed robbery, such as this case. See United States v. A.C.P., No. 04-159, 2005 WL 1367396, at *3 (D.P.R. Apr. 28, 2005) (Gelpi, M.J.) (compiling published cases where transfer based on the violent nature of the offense was warranted).", "position": 21}, "770cdb84-87f0-47f1-9d11-d35b70ccb101": {"case_id": "b469c6b2-cfaf-4a74-9e16-2e4bcad372f2", "opinion_id": "40fa6ed3-1faa-48e5-b411-7f940d864c7c", "text": "On the government’s motion to transfer Wilson to adult status, the district court held a hearing and then granted the motion. Pursuant to § 5032, the district court considered six factors in determining whether a transfer to adult status would be in the interest of justice, and made findings on the record with respect to each one: (1) the age and social background of the juvenile; (2) the nature of the alleged offense; (3) the extent and nature of the juvenile’s prior delinquency record; (4) the juvenile’s present intellectual development and psychological maturity; (5) the nature of past treatment efforts and the juvenile’s response to such efforts; and (6) the availability of programs designed to treat the juvenile’s behavioral problems. At the further direction of the statute, the court considered “the extent to which the juvenile played a leadership role in an organization, or otherwise influenced other persons to take part in criminal activities, involving the use or distribution of controlled substances or firearms.” 18 U.S.C. § 5032.", "position": 4}, "d5cbf460-0280-4ccf-8747-e11df758f8d8": {"case_id": "f26a1ea1-6666-4318-8c87-9c983887a964", "opinion_id": "aa7360cb-4d88-4dc6-a06d-93607bea9e37", "text": "Congress has established the factors that a district court must consider in determining whether transfer would be in the interests of justice. They are:\nthe age and social background of the juvenile; [2] the nature of the alleged offense; [3] the extent and nature of the juvenile’s prior delinquency record; [4] the juvenile’s present intellectual development and psychological maturity; [5] the nature of past treatment efforts and the juvenile’s response to such efforts; [and 6] the availability of programs designed to treat the juvenile’s behavioral problems. In considering the nature of the offense, as required by this paragraph, the court shall consider the extent to which the juvenile played a leadership role in an organization, or otherwise influenced other persons to take part in criminal activities, involving the use or distribution of controlled substances or firearms. Such a factor, if found to exist, shall weigh in favor of a transfer to adult status, but the absence of this factor shall not preclude such a transfer.", "position": 6}, "74c319d3-9c3b-45a7-bde3-1fede5c02cf2": {"case_id": "f26a1ea1-6666-4318-8c87-9c983887a964", "opinion_id": "aa7360cb-4d88-4dc6-a06d-93607bea9e37", "text": "The district court considered the factors in the statute and properly considered, as Congress required, “the extent to which the juvenile played a leadership role in an organization, or otherwise influenced other persons to take part in criminal activities, involving the use or distribution of controlled substances or firearms.” 18 U.S.C. § 5032. Because none of its findings are clearly erroneous, the district court did not abuse its discretion.", "position": 8}, "f17a0b16-0455-4927-8707-e4d3e0242ff0": {"case_id": "3c9bb7a2-e381-403e-9194-c40717363ccd", "opinion_id": "8611c883-9a2e-4fed-a49f-bf8b6e2bde9a", "text": "Although Plaintiff has not offered any evidence that she was replaced by an individual with religious beliefs differing from her own, this lack of evidence is not fatal to her claim. Under Talley, Plaintiff may establish the fourth element by showing that similarly situated non-protected employees received more favorable treatment than she did. In the present case, that requirement would translate into a need to show that an employee holding religious beliefs consistent with those held by the College’s administration and different from those held by Plaintiff was treated more favorably than her. However, Plaintiff did not demonstrate that the College had ever treated an employee who assumed a leadership role in an organization expressing public support for homosexuals and the homosexual lifestyle any differently than it treated her. Without this demonstration, Plaintiff cannot establish a prima facie case of religious discrimination.", "position": 53}, "c769d241-cf30-4d58-ae59-9c711bc328b9": {"case_id": "3c9bb7a2-e381-403e-9194-c40717363ccd", "opinion_id": "8611c883-9a2e-4fed-a49f-bf8b6e2bde9a", "text": "Even if the court assumes, arguen-do, that Plaintiff has established a prima facie case of religious discrimination, her claim still must fail for failure to prove that Defendant’s articulated reason for terminating her was pretextual. Defendant asserts that it terminated Plaintiff because she had assumed a leadership role in an organization espousing beliefs diametrically opposed to those held by the College itself. In her deposition, Temple stated that Plaintiffs ordination as a minister at Holy Trinity was the catalyst for her termination.", "position": 54}, "b46fddbd-885e-495f-b236-769846bad766": {"case_id": "760a0d64-2f21-428f-b42c-4f1dc35f2f16", "opinion_id": "b78bd8a3-cf53-43c8-a278-ba4a5d6c2431", "text": "“[A] juvenile may be transferred to a federal district court for criminal prosecution as an adult when the court determines in its discretion that the transfer would be in the interest of justice.” United States v. Juvenile JG, 139 F.3d 584, 586 (8th Cir.1998). In determining whether a transfer would be in the interest of justice, the district court must consider six factors: (1) the age and social background of the juvenile; (2) the nature of the alleged offense; (3) the extent and nature of the juvenile’s prior delinquency record; (4) the juvenile’s present intellectual development and psychological maturity; (5) the nature of past treatment efforts and the juvenile’s response to them; and (6) the availability of programs designed to treat the juvenile’s behavioral problems. 18 U.S.C. § 5032. Furthermore, in considering the second factor (the nature of the offense), the district court must consider the extent to which the juvenile assumed a leadership role in an organization involving the use or distribution of controlled substances or firearms or otherwise influenced others to engage in such activities. Id. A district court’s finding that the juvenile did take on such a role weighs heavily in favor of transfer. Id. Throughout its inquiry, the district court must balance the likelihood that the juvenile, will be rehabilitated before he reaches majority with the risk of harm to the public from treating violent individuals more leniently. Juvenile JG, 139 F.3d at 586. “[T]he district court is not required to afford equal weight to each factor,” however, and “instead may balance them as it deems appropriate.” United States v. Juvenile Male MC, 322 F.3d 482, 485 (8th Cir.2002) (citation and internal quotations omitted).", "position": 8}, "b996cd47-350a-405b-86dc-29afbf517e4c": {"case_id": "3c801ad6-8368-47b9-85a7-bc92aa22f573", "opinion_id": "87f4a8e4-ca7a-447d-97d6-fe98bb7b0a19", "text": "Id. at ¶ 5. In considering the nature of the offense, the district court is required to \"consider the extent to which the juvenile played a leadership role in an organization, or otherwise influenced other persons to take part in criminal activities, involving the use or distribution of controlled substances or firearms.\" Id.", "position": 19}, "56c318ed-4e26-4e0b-91d6-b16c01cbfd48": {"case_id": "a4d2b411-1b15-4cc7-9a61-e1012e08efb7", "opinion_id": "44e446b6-1105-4786-8d95-23737600bfa1", "text": "Evidence of the following factors shall be considered, and findings with regard to each factor shall be made in the record, in assessing whether a transfer would be in the interest of justice: the age and social background of the juvenile; the nature of the alleged offense; the extent and nature of the juvenile’s prior delinquency record; the juvenile’s present intellectual development and psychological maturity; the nature of past treatment efforts and the juvenile’s response to such efforts; the availability of programs designed to treat the juvenile’s behavioral problems. In considering the nature of the offense, as required by this paragraph, the court shall consider the extent to which the juvenile played a leadership role in an organization, or otherwise influenced other persons to take part in criminal activities, involving the use or distribution of controlled substances or firearms. Such a factor, if found to exist, shall weigh in favor of a transfer to adult status, but the absence of this factor shall not preclude such a transfer.", "position": 28}, "3353a653-15a2-4986-96bd-8425b8a6babc": {"case_id": "8bf7498c-c1a1-4a66-ae00-a2ae0af88fdb", "opinion_id": "401bb6df-32ad-4dd3-ad0c-d47738acdeb6", "text": "V.\nThe longstanding conflict of interest rule reiterated in this decision should not deter public officials from becoming involved in private organizations. It applies only when a public official serves in a substantive leadership role in an organization that brings or opposes a zoning application, or that is the owner of property within 200 feet of the property in dispute. The rule should not discourage public officials from working for religious institutions, community groups or other organizations, many of which cannot provide critical services to their communities without the time and talents of their volunteers. In the rare circumstance in which public responsibilities and volunteer commitments conflict in a land use dispute, there is a simple solution: the public official should refrain from involvement in the matter. With careful attention to the potential for conflicts between public responsibilities and private affiliations, officials may effectively assist organizations and preserve public confidence in the integrity of local government.", "position": 86}, "6eef5109-8b28-4133-bdcc-d74d132a1119": {"case_id": "3074fd14-09af-4298-8fed-46bc782b8ad9", "opinion_id": "49ace0ac-0f49-437d-b350-482380597e42", "text": "¶ 9. The circumstances of the tort in this case distinguish it from Forrest in several crucial ways. First, a pastor is not a public actor, and therefore, the policy reasons for extending the cost of police misconduct to the general public are not present. As a society, we give police officers power beyond that of all other citizens so that they may better protect us. Id. ¶¶ 34-35, 37. A pastor, by contrast, is vested with no more power than any other person who takes a leadership role in an organization. Although a pastor’s leadership serves the needs of his church, holding the church responsible for his abuse of that power does nothing to deter future abuses: in this case the church removed Rinaldi from his position before the lawsuit against it was filed. Vicarious liability merely penalizes innocent church members for conduct in which they took no part, of which they had no knowledge, and from which they gained no benefit.", "position": 11}}