{"cb085c59-5891-4ac3-9cf9-1d7d611db0f7": {"case_id": "1cbcc940-5473-468d-a711-05734dcd3826", "opinion_id": "f3124ca3-e770-471a-b568-39bac9636485", "paragraph_id": "8d6d372f-08ec-4b11-8c5e-07087f54a1b6", "position": 0, "text": "In considering the nature of the offense ... the court shall consider the extent to which the juvenile played a leadership role in an organization, or otherwise influenced other persons to take part in criminal activities, involving the use or distribution of controlled substances or firearms.", "label": "no value"}, "2ac38fc8-9bec-485d-a139-7e04ae066153": {"case_id": "7106a4a3-6c7a-428d-81fc-5c78486386d7", "opinion_id": "b8964745-6aa0-4cde-9db4-1b92b084258e", "paragraph_id": "c4cba570-1b41-4b21-871c-6aedffad3a63", "position": 0, "text": "Section 5032 also directs the Court to consider the juvenile’s role in the offense: “[T]he court shall consider the extent to which the juvenile played a leadership role in an organization, or otherwise influenced other persons to take part in criminal activities, involving the use or distribution of controlled substances or firearms.", "label": "no value"}, "663ec02d-f44c-4758-8e7c-1c720c1e1ed6": {"case_id": "4f0596e7-63c7-49da-b1b0-30aa1170e0cd", "opinion_id": "546804bd-c678-463e-b03f-185e3c436035", "paragraph_id": "b7b9efaf-3a78-4938-9151-0b058dde96a7", "position": 1, "text": "In considering the nature of the offense, as required by this paragraph, the court shall consider the extent to which the juvenile played a leadership role in an organization, or otherwise influenced other persons to take part in criminal activities, involving the use or distribution of controlled substances or firearms.", "label": "no value"}, "dc77ea93-a41a-4056-8139-16db7e773452": {"case_id": "5d7089f3-453c-4137-9781-e8d487593e1d", "opinion_id": "c6a5a9eb-0847-4cbf-8e96-574080a06198", "paragraph_id": "651939c0-8289-46cc-a9a8-f00ac5dc00fd", "position": 1, "text": "In considering the nature of the offense, as required by this paragraph, the court shall consider the extent to which the juvenile played a leadership role in an organization, or otherwise influenced other persons to take part in criminal activities, involving the use or distribution of controlled substances or firearms.", "label": "no value"}, "824bb9d6-82f8-4fc7-b415-be7d74ddaf53": {"case_id": "5d7089f3-453c-4137-9781-e8d487593e1d", "opinion_id": "c6a5a9eb-0847-4cbf-8e96-574080a06198", "paragraph_id": "a6a8a9e7-a0b6-4855-b1d0-dcad6cccf1fb", "position": 4, "text": "Conversely, § 5032 mandates that the Court “shall consider the extent to which the juvenile played a leadership role in an organization, or otherwise influenced other persons to take part in criminal activities, involving the use or distribution of controlled substances or firearms.”", "label": "no value"}, "4932374b-65a7-4668-8e85-be01bfeb5547": {"case_id": "022b5b53-bd1e-497a-81e3-01eb6dd7a0c0", "opinion_id": "608612f4-d517-4279-9362-24d12dbe3225", "paragraph_id": "586eeff7-a69d-4b09-8593-782cae04cdf5", "position": 3, "text": "In reviewing some of the evidence presented at trial, the Fifth Circuit summarized evidence that Ahmad, by virtue of his leadership role in an organization known as the Palestinian Committee, was affiliated with and perhaps helped to control the HLF.", "label": "potential value"}, "be60e019-dd00-4abc-a431-7cfface9808e": {"case_id": "93fce78b-e5a7-4f0a-90c8-6cd5448a3ecd", "opinion_id": "40d00557-685a-4eb0-986a-3be04eda719f", "paragraph_id": "5028d41f-819a-4521-bae5-bae06af96bbf", "position": 1, "text": "In considering the nature of the offense, as required by this paragraph, the court shall consider the extent to which the juvenile played a leadership role in an organization, or otherwise influenced other persons to take part in criminal activities, involving the use or distribution of controlled substances or firearms.", "label": "no value"}, "2ae42fc6-f8b7-42fd-8b0a-89604f60eccd": {"case_id": "2a775e9c-25b4-4b26-b8a0-d5441a6e1231", "opinion_id": "ef412e35-cb2f-4717-b4b6-198af49bf60e", "paragraph_id": "ead4bae6-5587-407e-b5f2-2762b57e3f0f", "position": 0, "text": "The record further reflects that defendant played “a leadership role in an organization, or otherwise influenced other persons to take part in criminal activities, involving the use or distribution of controlled substances or firearms,” an additional factor to be considered in connection with the nature of the offense analysis.", "label": "potential value"}, "390dea6e-e69c-4a9c-95ed-65d0cb2c7947": {"case_id": "2a775e9c-25b4-4b26-b8a0-d5441a6e1231", "opinion_id": "ef412e35-cb2f-4717-b4b6-198af49bf60e", "paragraph_id": "713a23e3-c461-41ef-8bb4-67048bb62aa0", "position": 1, "text": "In considering the nature of the offense factor, in particular, \"the court shall consider the extent to which the juvenile played a leadership role in an organization, or otherwise influenced other persons to take part in criminal activities, involving the use or distribution of controlled substances or firearms.”", "label": "no value"}, "eb2fefb6-ce31-4caf-8009-6f4146947bc6": {"case_id": "52596dcb-e986-41cb-8019-0a6cba609b09", "opinion_id": "6489d19e-7718-4c45-85af-a4b76de3afb6", "paragraph_id": "4fb0abd3-5914-4d16-80bd-93e3a83a91e3", "position": 4, "text": "The government need only show that defendant played a leadership role in an organization of five or more persons.", "label": "potential value"}, "b8670fd4-16aa-47f5-a394-4633a90f7119": {"case_id": "e08b1720-9820-481d-a529-3b2678fc69e9", "opinion_id": "264ca9be-67c1-436c-adfc-12ef189c36dc", "paragraph_id": "07f25d7f-b86c-4c72-a1b9-85e5e9b0b48d", "position": 1, "text": "In considering the nature of the offense, the district court is required to “consider the extent to which the juvenile played a leadership role in an organization, or otherwise influenced other persons to take part in criminal activities, involving the use or distribution of controlled substances or firearms.”", "label": "no value"}, "34d76685-9af7-4de6-b1e0-4d0de042c010": {"case_id": "c2e3c141-7e43-478c-b781-0a002896d5f7", "opinion_id": "1cf3e808-8eed-47a4-9917-7c45c4bfd787", "paragraph_id": "8f6edeb8-7fe3-4c08-8295-bfd53c8f2da3", "position": 4, "text": "This offense level reflected a base of thirty-eight (38), United States Sentencing Guidelines § 2D 1.1 (c)(1) (Nov.2007); a two-level enhancement for possession of a firearm, id. § 2D1.1(b)(1); a four-level enhancement for a leadership role in an organization of at least five persons, id. § 3Bl.l(a); and a two-level enhancement for obstruction of justice, id. § 3C1.1.", "label": "potential value"}, "91a7fc7b-fac7-4fe8-9a68-328536f76273": {"case_id": "499e3295-3972-4e94-8c62-47276e918bef", "opinion_id": "0016abd2-fccb-4f15-b87c-d1282963c36b", "paragraph_id": "410adb33-a6aa-4dc9-be2c-e5a9df6bf93a", "position": 0, "text": "To be subject to the § 3B1.1 enhancement, the defendant must have played a leadership role in an organization with at least one other participant, and that participant must be someone criminally responsible for commission of the offense.", "label": "potential value"}, "7c32f204-623f-452a-8bc8-30b05a3803ea": {"case_id": "5cbf07e4-abfc-4f76-9a67-3d602db0e142", "opinion_id": "c79bfac2-527b-4612-8993-ef368ed79059", "paragraph_id": "798ccfb3-e6f0-4e90-b765-a197d2dc3e0e", "position": 4, "text": "Moreover, the Court “shall consider the extent to which the juvenile played a leadership role in an organization, or otherwise influenced other persons to take part in criminal activities, involving the use or distribution of controlled substances or firearms.”", "label": "no value"}, "590371b9-298c-4afa-b83f-c27963e8cd35": {"case_id": "df275b79-c2a8-4831-ae5d-2e2b22c4ed8a", "opinion_id": "070ea7ac-ee3f-404f-a6a3-52a108018a9e", "paragraph_id": "adab3888-4a9a-4e0f-b9be-db0c29096805", "position": 0, "text": "In considering the nature of the offense, as required by this paragraph, the court shall consider the extent to which the juvenile played a leadership role in an organization, or otherwise influenced other persons to take part in criminal activities, involving the use or distribution of controlled substances dr firearms.", "label": "no value"}, "f7430a97-166e-4407-b5ba-7958116ad0ee": {"case_id": "b10f593a-effd-46bb-9015-6360a28de038", "opinion_id": "61fff809-6f7b-4c68-a0a3-b161fc546c06", "paragraph_id": "3489f0f3-65a5-4758-ad3c-10430d09b187", "position": 3, "text": "A pastor, by contrast, is vested with no more power than any other person who takes a leadership role in an organization.", "label": "potential value"}, "e3ed4380-9206-48b8-8282-6b8df5e04e89": {"case_id": "ff457ddf-9be2-4b7b-81ff-a0606a04e280", "opinion_id": "5c07109f-596f-4bdd-bbc3-8631a724e82c", "paragraph_id": "ce2f0a5b-db6f-4755-9e4b-8116dcdc9608", "position": 3, "text": "That there is virtually no evidence of Colombo’s direct participation in the crimes charged is not surprising if one accepts the determination made for purposes of the bail hearings that Colombo played a leadership role in an organization allegedly known as “Colombo’s crew.”", "label": "certain value"}, "1250831b-11cd-428f-950c-6b7687af8645": {"case_id": "2bd54c5f-7f74-4433-b1f2-eba20bf845ce", "opinion_id": "2bfdd4b1-da20-40e5-b846-c7edfcc3117b", "paragraph_id": "6e5ca480-4483-483e-b436-c6653c88c21a", "position": 2, "text": "For present purposes, we note that the district court is required to consider “the extent to which the juvenile played a leadership role in an organization, or otherwise influenced others to take part in criminal activities, involving the use or distribution of controlled substances or firearms” when assessing \"the nature of the alleged offense.”", "label": "no value"}, "517ec149-8b6f-4556-9291-07b3296db756": {"case_id": "88aa7189-f374-4612-951d-c02940be64ca", "opinion_id": "f11e9c03-117f-45f6-b109-90f736204271", "paragraph_id": "9f4f1812-919a-4a0a-bbd0-41782e9494ed", "position": 4, "text": "A finding that “the juvenile played a leadership role in an organization, or otherwise influenced other persons to take part in criminal activities, involving the use or distribution of controlled substances or firearms” weighs in favor of transfer, “but the absence of this factor shall not preclude such a transfer.”", "label": "potential value"}, "e8bd890e-cb70-4c4d-b89f-202b65f4599b": {"case_id": "c2cfb6a2-0af9-492b-bfab-863d0fb463d3", "opinion_id": "1305e826-95c1-4d59-a578-2ffef4ff64d1", "paragraph_id": "16c5cd29-904e-4ac8-9278-ef1a71899c99", "position": 4, "text": "Consideration of this factor includes assessing “the extent to which the juvenile played a leadership role in an organization, or otherwise influenced other persons to take part in criminal activities, involving the use or distribution of controlled substances or firearms.”", "label": "no value"}, "83dda58a-b772-41b0-93fb-c1d77d3b6c86": {"case_id": "b469c6b2-cfaf-4a74-9e16-2e4bcad372f2", "opinion_id": "40fa6ed3-1faa-48e5-b411-7f940d864c7c", "paragraph_id": "770cdb84-87f0-47f1-9d11-d35b70ccb101", "position": 2, "text": "At the further direction of the statute, the court considered “the extent to which the juvenile played a leadership role in an organization, or otherwise influenced other persons to take part in criminal activities, involving the use or distribution of controlled substances or firearms.”", "label": "no value"}, "058512ba-d686-4a68-a145-111cb6b84c92": {"case_id": "f26a1ea1-6666-4318-8c87-9c983887a964", "opinion_id": "aa7360cb-4d88-4dc6-a06d-93607bea9e37", "paragraph_id": "d5cbf460-0280-4ccf-8747-e11df758f8d8", "position": 2, "text": "In considering the nature of the offense, as required by this paragraph, the court shall consider the extent to which the juvenile played a leadership role in an organization, or otherwise influenced other persons to take part in criminal activities, involving the use or distribution of controlled substances or firearms.", "label": "no value"}, "d578a31a-4820-473c-93a5-3a12bdf7eb75": {"case_id": "f26a1ea1-6666-4318-8c87-9c983887a964", "opinion_id": "aa7360cb-4d88-4dc6-a06d-93607bea9e37", "paragraph_id": "74c319d3-9c3b-45a7-bde3-1fede5c02cf2", "position": 0, "text": "The district court considered the factors in the statute and properly considered, as Congress required, “the extent to which the juvenile played a leadership role in an organization, or otherwise influenced other persons to take part in criminal activities, involving the use or distribution of controlled substances or firearms.”", "label": "no value"}, "61a3bfd5-3920-4c5b-bcb0-57983963332c": {"case_id": "3c9bb7a2-e381-403e-9194-c40717363ccd", "opinion_id": "8611c883-9a2e-4fed-a49f-bf8b6e2bde9a", "paragraph_id": "f17a0b16-0455-4927-8707-e4d3e0242ff0", "position": 3, "text": "However, Plaintiff did not demonstrate that the College had ever treated an employee who assumed a leadership role in an organization expressing public support for homosexuals and the homosexual lifestyle any differently than it treated her.", "label": "potential value"}, "0b9ab90e-d63c-417a-b134-1fd63a018b1b": {"case_id": "3c9bb7a2-e381-403e-9194-c40717363ccd", "opinion_id": "8611c883-9a2e-4fed-a49f-bf8b6e2bde9a", "paragraph_id": "c769d241-cf30-4d58-ae59-9c711bc328b9", "position": 1, "text": "Defendant asserts that it terminated Plaintiff because she had assumed a leadership role in an organization espousing beliefs diametrically opposed to those held by the College itself.", "label": "potential value"}, "06a18ddc-4eb8-4431-9eae-4c6d04d32a11": {"case_id": "760a0d64-2f21-428f-b42c-4f1dc35f2f16", "opinion_id": "b78bd8a3-cf53-43c8-a278-ba4a5d6c2431", "paragraph_id": "b46fddbd-885e-495f-b236-769846bad766", "position": 4, "text": "Furthermore, in considering the second factor (the nature of the offense), the district court must consider the extent to which the juvenile assumed a leadership role in an organization involving the use or distribution of controlled substances or firearms or otherwise influenced others to engage in such activities.", "label": "no value"}, "0f313dbe-f531-4f45-b3b5-c01485c33395": {"case_id": "3c801ad6-8368-47b9-85a7-bc92aa22f573", "opinion_id": "87f4a8e4-ca7a-447d-97d6-fe98bb7b0a19", "paragraph_id": "b996cd47-350a-405b-86dc-29afbf517e4c", "position": 1, "text": "In considering the nature of the offense, the district court is required to \"consider the extent to which the juvenile played a leadership role in an organization, or otherwise influenced other persons to take part in criminal activities, involving the use or distribution of controlled substances or firearms.\"", "label": "no value"}, "29b01bf3-0a32-458f-bc22-b47c8f611cf3": {"case_id": "a4d2b411-1b15-4cc7-9a61-e1012e08efb7", "opinion_id": "44e446b6-1105-4786-8d95-23737600bfa1", "paragraph_id": "56c318ed-4e26-4e0b-91d6-b16c01cbfd48", "position": 1, "text": "In considering the nature of the offense, as required by this paragraph, the court shall consider the extent to which the juvenile played a leadership role in an organization, or otherwise influenced other persons to take part in criminal activities, involving the use or distribution of controlled substances or firearms.", "label": "no value"}, "2c39c2d9-12dd-4508-b9a3-b120a95b0398": {"case_id": "8bf7498c-c1a1-4a66-ae00-a2ae0af88fdb", "opinion_id": "401bb6df-32ad-4dd3-ad0c-d47738acdeb6", "paragraph_id": "3353a653-15a2-4986-96bd-8425b8a6babc", "position": 1, "text": "It applies only when a public official serves in a substantive leadership role in an organization that brings or opposes a zoning application, or that is the owner of property within 200 feet of the property in dispute.", "label": "potential value"}, "44138a45-f098-4ea7-ab9d-d238eb3585be": {"case_id": "3074fd14-09af-4298-8fed-46bc782b8ad9", "opinion_id": "49ace0ac-0f49-437d-b350-482380597e42", "paragraph_id": "6eef5109-8b28-4133-bdcc-d74d132a1119", "position": 6, "text": "A pastor, by contrast, is vested with no more power than any other person who takes a leadership role in an organization.", "label": "potential value"}}