{"98b9d343-c234-403f-a2f6-5507f35d1517": {"case_id": "4562681c-23ae-4b2e-a2f2-299224ce3f7b", "opinion_id": "e0b50495-aa47-4190-b77c-78b6b7d9cbe2", "text": "3 . The five counterclaims determined to involve fact questions were based upon breach of contract (counts IX & X), Merrill Lynch’s efforts to manipulate the silver market contrary to Sections 8, 9 and 13 of the Commodity Exchange Act (count XI), Merrill Lynch’s alleged execution of a fictitious sale and/or an accommodation trade in violation of Section 4c of the Commodity Exchange Act (count XII), and violations of federal antitrust law (count XVI). Judge Bratton did not elaborate on the nature of these fact questions.", "position": 106}, "4895563c-f7d2-4f6b-845d-066d16f35a3a": {"case_id": "4562681c-23ae-4b2e-a2f2-299224ce3f7b", "opinion_id": "e0b50495-aa47-4190-b77c-78b6b7d9cbe2", "text": "Count XXXIII alleges that Merrill Lynch and the Exchanges violated section 4c of the Commodity Exchange Act, 7 U.S.C. § 6c (1982), because on January 10, 1980, the day his account was liquidated, there were no bona fide buyers and sellers in the Chicago Board of Trade’s silver market. As a result, the execution of the trade liquidating his account was a fictitious sale and/or accommodation trade prohibited under the Act. We note that Michelson has alleged Merrill Lynch executed “wash sales\" to maintain the appearance of a legitimate silver market, see complaint paras. 130-31, at 37, and that such a claim might support a section 4c claim, provided, of course, that a private right of action is available under this provision. Count XXXIII, however, addresses only Merrill Lynch’s act of liquidating Michelson’s account and, for the reasons discussed above, is barred by res judicata. In light of this finding, we do not address Merrill Lynch’s arguments that CEA section 4c does not confer a private right of action upon Michelson.", "position": 123}, "b4d7259b-3561-443c-b9c5-b7ec1091dcc4": {"case_id": "36b1d142-dea3-4e38-a975-acdf1ba55ef7", "opinion_id": "da316963-cbb0-457a-ac1e-69a1e544f91f", "text": "We similarly reject the defendants’ remaining consolidated claims. The defendants argue that the district court erred in its instructions regarding their creation of false records and accommodation trading; that the trading-by-offset provision is unconstitutionally vague; that the court wrongly admitted prejudicial hearsay declarations that were not in furtherance of the conspiracy; and that the court erred in sentencing. Each of these claims runs against clear precedent and ample record evidence. For instance, when challenging their convictions for making false records under 7 U.S.C. § 6b(B), the defendants claim error in the court’s refusal to instruct that false entries had to be material. These false record charges were premised upon the prosecution’s assertion that the defendants falsely used a “K” time bracket designation for transactions conducted after the closing bell.", "position": 71}, "3a34570a-f522-4425-8dcf-e13905d0b696": {"case_id": "36b1d142-dea3-4e38-a975-acdf1ba55ef7", "opinion_id": "da316963-cbb0-457a-ac1e-69a1e544f91f", "text": "The defendants’ claim regarding accommodation trading suffers the same fate. They claim that the district court erred in refusing to instruct the jury that the misdemeanor offense of accommodation trading, see 7 U.S.C. § 6c(a)(3)(A), is a lesser included offense of filling by offset under § 6b(D). This claim represents an attempt to apply a test that has been explicitly rejected by the Supreme Court. In Schmuck, 489 U.S. at 705, 109 S.Ct. at 1443, the Court adopted the “elements test” for determining whether one offense is necessarily included within another. Under that test, a court is to compare statutory elements of the offenses to see whether the lesser offense requires an element that the greater does not; if the answer is “yes,” no instruction is given. See 489 U.S. at 716, 109 S.Ct. at 1450.", "position": 78}, "193db641-580d-4114-b00f-b8a393265002": {"case_id": "36b1d142-dea3-4e38-a975-acdf1ba55ef7", "opinion_id": "da316963-cbb0-457a-ac1e-69a1e544f91f", "text": "The charged felony, filling by offset under § 6b(D), requires proof that a member of a contract market filled an order from one customer by offsetting it against the order of another customer, and that he did so'kriowingly. To aid and abet that crime requires willful aiding, abetting, counselling, commanding, inducing, or procuring another to do so. 7 U.S.C. § 13c(a). Nevertheless, violation of the misdemeanor offense (§ 6c(a)(3)(A)) requires that a defendant conduct an “accommodation trade,” which the district court defined as a. transaction in which one trader cooperatively and non-competitively trades with another to avoid market risk “while giving the appearance that the trade has been executed in the competitive market.” Trans, at 7359. When the statutes are compared, it is clear that the lesser offense requires proof of an element — a trade with a cooperating opposing trader — which is not required under the felony statute. Filling by offset, as defined in § 6b(D), does not require that any other trader cooperate with a broker in the deliberate offset of orders, while aiding and abetting offsetting does not require that the aider do so by conducting a cooperative trade. Thus, because “accommodation trading” requires an element not required in filling by offset, the former is not necessarily included in the latter. The district court properly denied the defendants' requested instruction.", "position": 79}, "7618dd22-723f-4357-9067-e77f38e7187e": {"case_id": "36b1d142-dea3-4e38-a975-acdf1ba55ef7", "opinion_id": "da316963-cbb0-457a-ac1e-69a1e544f91f", "text": "Neither Barcal nor Ryan can satisfy their burdens. Surely it is obvious that this case involved complex factual situations; the parties spent significant time educating the jury about trading futures contracts at the CBOT. The district court did not abuse its discretion by deciding to try Ryan with his co-defendants rather than select and train a separate jury for him. Nor do we find that Bareal’s defense was antagonistic to the testimony of fellow defendants, specifically Ashman and Cox. Neither Ashman nor Cox admitted to fraud, nor did they accuse Barcal of any crime. Essentially both Ryan and Barcal claim that they were unfairly victimized by “spillover effects” resulting from the evidence amassed against their co-defendants. The individualized jury verdicts belie this suggestion. Of four mail and wire fraud counts, Ryan was convicted on one and acquitted on three. Similarly, Barcal was acquitted of RICO conspiracy despite convictions on nine predicate mail fraud counts. He was also acquitted on three of seven false record charges, one of ten fill-by-offset charges, and his only accommodation trading count. The jury would not have rendered these verdicts if Ryan and Barcal had been lost in the crowd of co-defendants.", "position": 111}, "2e0f6851-f795-41cb-9d37-c44efd0b1d64": {"case_id": "b03eb665-d709-4bac-8b4e-12809204a46b", "opinion_id": "744327e5-f4d8-4af0-9106-b7c10cb1f7ae", "text": "— had engaged in fraudulent executions of customer orders and had accommodated each other in such transactions. Specifically, the complaint alleged that Reddy had engaged in 35 trade-practice violations, including indirect “bucketing” of customers’ orders and “wash trades.” The complaint also alleged that Sorkvist had engaged in 19 trade-practice violations, primarily “accommodation” trades.", "position": 7}, "be3c78d9-d943-4ce8-ab00-818b5205ea3b": {"case_id": "b03eb665-d709-4bac-8b4e-12809204a46b", "opinion_id": "744327e5-f4d8-4af0-9106-b7c10cb1f7ae", "text": "With regard to the Schedule B trades, there was evidence of trading patterns similar to that in Reddy. As the Commission noted, “[t]he NYMEX streetbook indicates that SMayer repeatedly traded, for the Mayer family accounts, the opposite sides of the same or similar quantity of the same commodity at the same price with the same individuals within very short time intervals.” Id. at *23. It further credited the testimony of several individuals who traded opposite SMayer in these trades. They testified that during the period in question they engaged in accommodation trading with SMayer, albeit being understandably unable to identify particular trades. Finally, petitioners failed to comply with the Commission’s reporting requirements, a failure that supports an inference that had the records been kept, they would have been unfavorable to petitioners’ defense. See Note 8, supra. Given our discussion of liability in Reddy, the Commission’s findings as to Schedule B trades are plainly reasonable.", "position": 48}, "312a2c4b-6a16-4be8-b2d9-45f573742228": {"case_id": "b03eb665-d709-4bac-8b4e-12809204a46b", "opinion_id": "744327e5-f4d8-4af0-9106-b7c10cb1f7ae", "text": "Gelbstein maintains that, even if the trade sequences in Schedules B-D constitute a distinctive and suspicious pattern of unlawful trading, it was not shown by a preponderance of the evidence that his participation in these trades was intentional. However, in its Amended Order, the Commission identified a number of independent factors — i.e., factors significant apart from the suspicious trading pattern — that supported its inference of intent. Specifically, it found that Gelbstein was at the center of the bucketed trades, that he was a longtime friend of SMayer, that he stood next to SMayer in the trading pit, and that he could not help but be aware of the pattern of trading that he was facilitating. See id. The Commission thus reasonably concluded that Gelbstein not only had the opportunity to accommodate SMayer, but also that his close relationship with SMayer gave him a motive to do so. Cf. United States v. Knowles, 66 F.3d 1146, 1156 (11th Cir.1995) (“Although association alone is insufficient to prove participation, [it] is one factor that can be considered as evidence of a defendant’s participation in a conspiracy.” (internal quotation marks omitted)). Moreover, in deferring to the ALJ’s credibility findings, the Commission implicitly found that Gelbstein’s failure to retain trading cards was deliberate, see Note 8 supra, that he did not provide credible testimony about his knowledge of accommodation trading in the pit, and that the Division’s witnesses were credible even though some of them testified as a condition of settlement with the Commission. None of these findings were erroneous as a matter of law. See Yellow Freight Systems v. Reich, 38 F.3d 76, 81 (2d Cir.1994) (credibility determinations entitled to special deference). There was, therefore, more than substantial evidence supporting the Commission’s inference that Gelbstein knowingly participated in the trades.", "position": 54}, "ad8348f2-f65b-466c-a107-1dbddc8c8f18": {"case_id": "b03eb665-d709-4bac-8b4e-12809204a46b", "opinion_id": "744327e5-f4d8-4af0-9106-b7c10cb1f7ae", "text": "Sorkvist, on the other hand, did attempt to make a showing of mitigation and rehabilitation to rebut the presumption of unfitness. He noted that he did not profit from the unlawful transactions, that he fully cooperated with all phases of the administrative proceeding, that he provided records to the Division and did not violate any recordkeeping requirements, that he had no prior or subsequent violations of the Act, that he participated in trades at prevailing prices at which other brokers also would have executed trades, and that he has since given up all customer business and now trades only for his own account. See id. The Commission nevertheless rejected his showing on the grounds that his failure to make a profit from his accommodation trades was insignificant in light of the fact that he was a willing aceommodator whose ready assistance to other brokers in bucketing their customer orders undermined the integrity of the market; that his decision to trade solely for his own account did not evidence rehabilitation because his misconduct took place while he was trading for his own account; and that the passage of time, without more, does not establish rehabilitation. See id. We find that the Commission’s rejection of Sorkvist’s rebuttal evidence was not unreasonable and that its explanation adequately supports the conclusion that Sorkvist poses a substantial risk to the market and is therefore unfit to act as a commission registrant.", "position": 71}, "df351ec4-ad1e-4d7e-94a9-15030c276a30": {"case_id": "b03eb665-d709-4bac-8b4e-12809204a46b", "opinion_id": "744327e5-f4d8-4af0-9106-b7c10cb1f7ae", "text": "4 . Specifically, the ALJ found that Reddy had violated Section 4b(A) of the CEA, which prohibits cheating and defrauding in connection with commodity futures contracts; Section 4b(B) of the CEA, which prohibits the entering of false records; Section 4b(C) of the CEA, which prohibits deception in connection with the execution of orders for futures contracts; Section 4b(D) of the CEA, which prohibits the bucketing of customer orders and the filling of customer orders by offset; Section 138(a) of the Commission Rules, 17 C.F.R. § 1.38(a), which prohibits noncompetitive trading; Section 4c(a)(A) of the CEA, which prohibits wash sales, fictitious sales, and accommodation trades; and Section 4c(a)(B) of the CEA, which prohibits the causing of prices that are not true or bona fide to be reported, registered, or recorded. It also found that Sorkvist had violated Sections 4b(A), 4b(C), 4b(D), 4c(a)(A), and 4c(a)(B) of the CEA as well as Section 1.38(a) of the Commission Rules.", "position": 93}, "83acb25c-bb73-4fff-bad0-1ae35db87b4a": {"case_id": "9dd318f0-42c2-4ac9-90fe-f21860587dba", "opinion_id": "d43d6916-43d2-4332-9225-164ef6b8e4e4", "text": "A transaction referred to in paragraph (1) is a transaction that—\n(A)(i) is, of the character of, or is commonly known to the trade as, a “wash sale” or “accommodation trade”; ....", "position": 264}, "1ef6af99-b58d-46a5-a535-1c5bfdd567ac": {"case_id": "9dd318f0-42c2-4ac9-90fe-f21860587dba", "opinion_id": "d43d6916-43d2-4332-9225-164ef6b8e4e4", "text": "37 . Compare 7 U.S.C. § 6c(a)(5) (explaining that \"any trading, practice, or conduct ... that ... is, is of the character of, or is commonly known to the trade as, ‘spoofing’ (bidding or offering with the intent to cancel the bid or offer before execution)” is illegal) (emphasis added), with id. § 6c(a)(2)(A)(i) (outlining the wash sale provision, which prohibits any transaction that “is, of the character of, or is commonly known , to the trade as, a 'wash sale’ or ‘accommodation trade’ ”).", "position": 266}, "42f476a9-d19e-4ea8-a2e2-98a50ef46723": {"case_id": "65bf285c-02b8-43be-a6f8-4139e6579a4c", "opinion_id": "189c7c04-4677-4338-8bf8-dae9efe2e8cb", "text": "The pecan operations of both parties are primarily on the wholesale level. Although Plaintiff and Defendant could be characterized as competitors in the market, because their geographic sales areas do not typically overlap, they do not generally compete. From time to time, shortages of certain grades of pecans have prompted representatives of both parties to contact other pecan wholesalers in an attempt to fill the shortages through what may be described as an “accommodation trade,” meaning pecans of one grade are swapped for pecans of another grade, or an “accommodation sale,” meaning that pecans are purchased by one party from the other for a negotiated price. Defendant has made several such accommodation sales to South Carolina businesses. Between 1987-1993 Defendant sold 886,856 pounds of pecans to South Carolina businesses for a total invoice price of $1.4 million. (Def.Exh. F94). Of that $1.4 million sales, $167,429 was .to Plaintiff. During that same time, Defendant also traded pecans with a South Carolina business and shipped several sample pecans free of charge.", "position": 9}, "7e288de5-f317-407e-9b70-6648aba1041c": {"case_id": "988199b1-257a-4f16-bead-1c00437689ed", "opinion_id": "187fa2e5-adab-4096-8754-90d045059955", "text": "B. Accommodation Trade Counts", "position": 111}, "c57a4f78-2b50-473d-9e71-7b802322a293": {"case_id": "988199b1-257a-4f16-bead-1c00437689ed", "opinion_id": "187fa2e5-adab-4096-8754-90d045059955", "text": "Defendants Dempsey, Nowak, Ryan, and Anixter move to dismiss those counts of the indictment which allege “accommodation trade” violations. The relevant statute provides in relevant part:", "position": 112}, "79fbf33f-42b0-4676-bc3f-5ab4f67ca8d1": {"case_id": "988199b1-257a-4f16-bead-1c00437689ed", "opinion_id": "187fa2e5-adab-4096-8754-90d045059955", "text": "It shall be unlawful for any person to offer to enter into, enter into, or confirm the execution of, any transaction involving any commodity ... if such transaction is, is of the character of, or is commonly known to the trade as, a[n] ... accommodation trade...", "position": 113}, "b3cd1c85-824b-4129-b07c-db4edabe085c": {"case_id": "988199b1-257a-4f16-bead-1c00437689ed", "opinion_id": "187fa2e5-adab-4096-8754-90d045059955", "text": "Defendants next argue that the accommodation trade statute is unconstitutionally vague as applied to them. An example of such a count, in relevant part, is as follows:", "position": 115}, "be612312-2e12-438a-823e-34ea337c59a0": {"case_id": "988199b1-257a-4f16-bead-1c00437689ed", "opinion_id": "187fa2e5-adab-4096-8754-90d045059955", "text": "On or about January 6, 1988 ... JAMES D. NOWAK, ... knowingly offered to enter, entered and confirmed the execution of a contract of sale for the delivery of soybeans by entering a prearranged accommodation trade, as a money pass of $187.50 from ... Nowak to another trader...", "position": 116}, "6ee418d9-be2b-4d8b-a7ba-a6e2783c4b48": {"case_id": "988199b1-257a-4f16-bead-1c00437689ed", "opinion_id": "187fa2e5-adab-4096-8754-90d045059955", "text": "Count 123. Defendants claim that they don’t know that the statute proscribes that with which they are charged in part because the statute does not define the descriptive phrases “of the character of” or “commonly known in the trade as”. Since neither of these two phrases is used in any of the accommodation trade counts, defendants’ vagueness challenge of these phrases is without merit. Defendants argue that the language which is used in the indictment does not “tell[] [them] what they have done that is claimed to have violated the law other than the bare allegation that they conducted a ‘pre-arranged’ accommodation trade”. As the government correctly notes, each alleged accommodation trade informs the defendant of the date of the alleged trade, the fact that it was pre-arranged, the person who participated with the defendant in the trade, the purpose of the trade (a “money pass”), and the amount of money actually passed. This is enough information to inform a person of ordinary intelligence of the charges against them. And these defendants are not just ordinary people of ordinary intelligence. They are members of an industry which utilizes its own unique jargon practically as a second language. When a statute uses industry jargon to define what is prohibited, a member of that industry cannot complain that that definition does not put him on notice that his contemplated conduct would violate that statute. See e.g., Precious Metals Associates, Inc. v. CFTC, 620 F.2d 900, 907-908 (1st Cir.1980).", "position": 117}, "2af90c20-e96e-4150-a5e3-b16e186fd89c": {"case_id": "189aef5b-5641-4403-9bd7-625d4ae35b94", "opinion_id": "79945626-8ccb-44e8-8462-4de7263ff02a", "text": "Defendant Danny Scheck was indicted and charged with mail and wire fraud and with violating certain provisions of the Commodity Exchange Act. After a seven week trial, defendant Scheck was found guilty on Count 10, which charged that defendant Scheck aided and abetted defendant Robert Mosky in cheating and defrauding Mosky’s customer in violation of 7 U.S.C. §§ 6b(l)(A) and 13c(a). The jury was unable to reach a verdict on the other 19 counts in which defendant Scheck was named, and the court declared a mistrial on those 19 counts. In April, 1991, defendant Scheck entered into a plea agreement with the government. Pursuant to the agreement, Scheck pled guilty to two misdemeanor counts of accommodation trading in violation of 7 U.S.C. § 6c(a)(3)(A). The agreement further provided, in accordance with Fed.R.Crim.P. 11(e)(1)(C), “that as a part of the sentence the court shall order restitution in an amount not to exceed the amount of loss calculated pursuant to Guideline § 2F1.1(b)(1)(C).” Plea Agreement at II16. The parties also agreed that the government would recommend that the court impose a fine and term of probation within the applicable guideline ranges.", "position": 2}, "8f1034a5-835c-4943-b0c1-b0e40a97db66": {"case_id": "d183858e-bb05-4693-9516-796d163780a5", "opinion_id": "2e352387-cdbe-4292-a553-9a8d1a52896d", "text": "7 U.S.C. § 6b, thirteen counts of mail fraud, five counts of wire fraud, and one count of conspiracy to violate the Racketeer Influenced and Corrupt Organizations Act. Cox was also convicted of ten misdemeanor counts of entering into prearranged accommodation trades in violation of § 4c(a)(A) of the Act, 7 U.S.C. § 6c(a)(A). In May 1991, the Urnted States District Court for the Northern District of Ilhnois sentenced Cox to thirty months imprisonment and three years of supervised release and ordered him to pay over $15,000 in restitution.", "position": 6}, "c130d326-eda7-46b4-9ef7-b610f27c661a": {"case_id": "6a440b32-b9bf-452c-a823-faf75f3d7026", "opinion_id": "4a409eff-647d-4b39-9842-11be653879fd", "text": "7 . The complete text of 7 U.S.C. § 6c(a) reads: § 6c. Prohibited transactions — Commodities specifically listed\n(a) It shall be unlawful for any person to offer to enter into, enter into, or confirm the execution of, any transaction involving any commodity, which is or may be used for (1) hedging any transaction in interstate commerce in such commodity or the products or byproducts thereof, or (2) determining the price basis of any such transaction in interstate commerce in such commodity, or (3) delivering any such commodity sold, shipped, or received in interstate commerce for the fulfillment thereof—\n(A) if such transaction is, is of the character of, or is commonly known to the trade as, a “wash sale,” “cross trade,” or “accommodation trade,” or is a fictitious sale;\n(B) if such transaction involves any commodity specifically set forth in section 2 of this title, prior to the enactment of the Commodity Futures Trading Commission Act of 1974, and if such transaction is of the character of, or is commonly known to the traders, an “option”, “privilege”, “indemnity”, “bid”, “offer”, “put”, “call” “advance guaranty”, or “decline guaranty”, or\n(C) if such transaction is used to cause any price to be reported, registered, or recorded which is not a true and bona fide price. Nothing in this section shall be construed to prevent the exchange of futures in connection with cash commodity transactions or of futures for cash commodities, or of transfer trades or office trades if made in accordance with board of trade rules applying to such transactions and such rules shall have been approved by the Commission.", "position": 82}, "ea7d153e-c08f-4eca-a825-40f10631a165": {"case_id": "380d92e4-5d97-4618-82a4-00a65de7ce42", "opinion_id": "018328d0-2366-4a50-aa7f-91ad2adf0dd1", "text": "Count XXXIII alleges that Merrill Lynch and the exchanges\n7\nviolated section 4c of the CEA, 7 U.S.C. § 6c (1976 & Supp. V 1981), in that on the day his trading account was liquidated, \"there were no bona fide buyers and sellers in the silver of the CBOT and ... the execution of the order [which liquidated his account] was a fictitious sale and/or accommodation trade\" prohibited under the statute. With respect to count XXXIII, the 1985 decision stated:", "position": 30}, "9c92f5b2-139f-4738-8e38-ae210d48cdbb": {"case_id": "ab646462-d465-47ba-b98e-31740ce9eef8", "opinion_id": "d88bc201-21d7-4c14-9ce0-70fd3d3a31e6", "text": "Under the present indictment, defendants Baker and Newberger are not coequal defendants with regard to their potential culpability. Baker is charged in a total of 48 counts. He is named as a participant in the RICO conspiracy and is also charged with a substantive violation of RICO. On the basis of the latter allegation, the Government is seeking forfeiture from Baker. Of the total charges against Baker, 24 counts allege violations of the CME. Four of these CME counts allege that Baker entered into prearranged accommodation trades for the purpose of creating fictitious trading losses for tax purposes. Of the remaining counts, 11 involve allegations of wire fraud and eight involve allegations of mail fraud. Finally, Baker is charged with two counts of aiding and abetting other traders who violated the CME.", "position": 18}, "d6ff7806-a963-4860-a117-eeac503e3b0f": {"case_id": "3661789c-fd6e-4683-936f-dda1f5f59ff8", "opinion_id": "efdba0c8-e1e2-4176-ad8d-a2f61dae9aef", "text": "The various prior decisions on the subject of “wash sales” had concerned transactions that were virtually risk-free, often prearranged, and intentionally designed to mislead, see, e.g., Sundheimer v. CFTC, 688 F.2d 150 (2d Cir.1982); In re Platt, 24 Agric.Dec. 93 (1965), or to serve other illicit purposes, see, e.g., In re Goldwurm, 7 Agric.Dec. at 275 (offsetting transactions to create artificial tax losses); In re Eisen, 22 Agric.Dec. 758 (1963) (“accommodation trades”). The transactions in this case, by contrast, are claimed to have been designed only to minimize risk and to fulfill a purpose generally considered legitimate in the industry. Consequently, a broker might well believe the conduct in this case to be factually distinguishable from the Commission’s prior case law; and indeed the ALT acknowledged this distinction in propounding a “legitimate market purpose” test herein for conduct alleged to constitute “wash sales”. [1977-80 Transfer Binder] Comm.Fut.L.Rep. (CCH) 1120,908, at 23,-688.", "position": 21}, "a65eaef3-ac09-4e29-b9a6-b85928845bc2": {"case_id": "f330c912-f7f2-4711-a292-71a833a24c0c", "opinion_id": "15476d8c-cb9d-406c-88d1-549a800482ca", "text": "15. That your Defendant GORDON LEWIS did unlawfully engage in a “wash” sale accommodation trade and ficticious [sic] sale with the intent to create a privilege indemnity or advanee or decline guarantee, all contrary to Title 7 § 6(c)[a & B] [sic].", "position": 38}, "fce87046-47a8-4fa7-ab25-84c9d9082181": {"case_id": "f330c912-f7f2-4711-a292-71a833a24c0c", "opinion_id": "15476d8c-cb9d-406c-88d1-549a800482ca", "text": "(a) It shall be unlawful for any person to offer to enter into, enter into, or confirm the execution of, any transaction involving any commodity, which is or may be used for (1) hedging any transaction in interstate commerce in such commodity or the products or byproducts thereof, or (2) determining the price basis of any such transaction in interstate commerce in such commodity, or (3) delivering any such commodity sold, shipped, or received in interstate commerce for the fulfillment thereof—\n(A) if such transaction is, is of the character of, or is commonly known to the trade as, a “wash sale,” “cross trade,” or “accommodation trade,” or is a fictitious sale;\n(B) if such transaction involves any commodity specifically set forth in section 2 of this title, prior to the enactment of the Commodity Futures Trading Commission Act of 1974, and if such transaction is of the character of, or is commonly known to the trade as, an “option”, “privilege”, “indemnity”, “bid”, j“offer”, “put”, “call”, “advance guaranty”, “decline guaranty”.", "position": 43}, "73b887e6-c68f-482b-a204-8f1a6c22dc92": {"case_id": "485a8c32-c335-4c2b-8868-75d340d66dcd", "opinion_id": "edaeb0a8-5359-44fb-9aab-99cca348c0e0", "text": "On January 16, 1979, the Commission’s Division of Enforcement filed a complaint alleging that petitioner’s felony conviction made him unfit for registration with the Commission. See Commodity Exchange Act §§ 8a(2)(B) & (3), 7 U.S.C. §§ 12a(2)(B) & (3). The complaint also alleged that petitioner had violated or aided and abetted violations of section 9(b) of the Commodity Exchange Act, 7 U.S.C. § 13(b), which forbids market price manipulations, and section 4e(a)(A), 7 U.S.C. § 6c(a)(A), which forbids conduct “of the character of” accommodation trades.", "position": 4}, "8bf6dc9a-28f5-45c6-8845-f50ef6e4f130": {"case_id": "485a8c32-c335-4c2b-8868-75d340d66dcd", "opinion_id": "edaeb0a8-5359-44fb-9aab-99cca348c0e0", "text": "Following the hearing, the Administrative Law Judge held that the evidence of mitigation was insubstantial and the claim of rehabilitation was premature. He suspended petitioner’s registration as a floor broker for six months, enjoined him from further violations of the Act, suspended his trading privileges for twenty-four months, and fined him $200,000. On appeal, the Commission reversed the Administrative Law Judge’s holding of a section 9(b) violation because petitioner’s guilty plea did not encompass all the elements of market manipulation under the Commodity Exchange Act. The Commission held, however, that the transactions covered by the plea were “tantamount to” accommodation trades and violated section 4c(a)(A). The Commission concluded that petitioner’s registration should be revoked rather than suspended, reduced the monetary penalty to $100,000, and approved the remaining sanctions.", "position": 6}, "d5ba90fe-c828-4773-be7a-a75134a0f8c8": {"case_id": "485a8c32-c335-4c2b-8868-75d340d66dcd", "opinion_id": "edaeb0a8-5359-44fb-9aab-99cca348c0e0", "text": "The Commission’s holding that the transactions in question violated section 4c(a)(A) because they were “tantamount to” accommodation trades involved an imprecise, and therefore objectionable, choice of language. Section 4e(a)(A) forbids transactions which are “of the character of” accommodation trades, and it is quite apparent that the Commission equated the terms “tantamount to” and “of the character of”. However, the Commission would be well advised to adhere to the language of the statutes they are enforcing.", "position": 10}, "d808a1e6-da23-40fb-8d4d-49ebc35db224": {"case_id": "485a8c32-c335-4c2b-8868-75d340d66dcd", "opinion_id": "edaeb0a8-5359-44fb-9aab-99cca348c0e0", "text": "Petitioner contends, in any event, that the transactions were not of the character of accommodation trades, because, he says, an accommodation trade must be a fictitious transaction, not a real one. The Commission defines “accommodation trading” as “[w]ash trading entered into by a trader, usually to assist another with illegal trades” and defines “wash trading” in turn as “[ejntering into, or purporting to enter into, transactions to give the appearance that purchases or sales ... have been made, usually not resulting in a change in the traders’ market position.” Committee on Agriculture, Nutrition and Forestry, 95th Cong.2d Sess., Futures Trading Act of 1978, Glossary of Terms Used in Commodity Futures Trading (Comm. Print 1979). “The essential and identifying characteristic of a ‘wash sale’ seems to be the intent not to make genuine, bona fide trading transactions in stocks or commodities.” Commodity Futures Trading Commission v. Savage, 611 F.2d 270, 284 (9th Cir. 1979) (quoting In re Jean Goldwurm, 7 Agric. Dec. 265, 274 (1948), with emphasis added). It is this intent, the absence of good-faith, arms-length trading, and the undisclosed prearrangement for losses and gains, that demonstrates the “accommodation” nature of the transactions in the instant case.", "position": 11}, "3014f2b4-e1f7-44f1-8dc0-09100d6f7bb8": {"case_id": "485a8c32-c335-4c2b-8868-75d340d66dcd", "opinion_id": "edaeb0a8-5359-44fb-9aab-99cca348c0e0", "text": "There is no unconstitutional ambiguity in identifying an accommodation trade in these terms. As a practical matter, see Cargill, Inc. v. Hardin, 452 F.2d 1154, 1163 (8th Cir. 1971), cert. denied, 406 U.S. 932, 92 S.Ct. 1770, 32 L.Ed.2d 135 (1972), Pressner’s prearranged transactions in the oil company’s stock were accommodations for the oil company, criminally unlawful ones at that. That real sales rather than fictitious ones were contemplated does not change the artificial character of the arrangement. Pri- or administrative use of the term “accommodation trade” was consistent with this practical, everyday meaning. See, e.g., In re Julian M. Marks, 22 Agric.Dec. 761 (1963); In re Irwin M. Eisen, 22 Agric.Dec. 758, 759 (1963); In re Julian M. Marks, 20 Agric.Dec. 457, 458, 459 (1961).", "position": 12}, "c93260d8-482a-4679-982b-70fa31d0e427": {"case_id": "628fc08a-95ea-4e37-a83d-753638439ce7", "opinion_id": "235faf83-35af-4f95-aad2-8df379bd72b7", "text": "Section 4c provides that it shall be “unlawful for any person to offer to enter into, enter into, or confirm the execution of, any transaction involving any commodity, which is or may be used for (1) hedging any transaction in interstate commerce in such commodity or the .products or byproducts thereof, or (2) determining the price basis of any such transaction in interstate commerce in such commodity, or (3) delivering any such commodity sold, shipped, or received in interstate commerce for the fulfillment thereof—\n“(A) if such transaction is, is of the character of, or is commonly known to the trade as, a ‘wash sale,’ ‘cross trade,’ or ‘accommodation trade,’ or is a fictitious sale;\n“(B) if such transaction is, is of the character of, or is commonly known to the trade as, a ‘privilege,’ ‘indemnity,’ ‘bid,’ ‘offer,’ ‘put,’ ‘call,’ ‘advance guaranty,’ or ‘decline guaranty,’ or\n“(C) if such transaction is used to cause any price to.be reported, registered, or recorded which is not a true and bona fide price.”", "position": 9}, "f90c2c23-8177-493d-b6f4-5ed56722b1b6": {"case_id": "4779a742-da3b-4bd1-a63a-9e8a0291f6cf", "opinion_id": "cbc29a45-f0ba-46e2-893f-cd1c14ac11bf", "text": "2 “Sec. 4c. It shall be unlawful for any person to offer to enter into, enter into, or confirm the execution of, any transaction involving any commodity, which is or may be used for (1) hedging any transaction in interstate commerce in such commodity or the products or byproducts thereof, or (2) determining the price basis of any such transaction in interstate commerce in such commodity, or (3) delivering any such commodity sold, shipped, or received in interstate commerce for the fulfillment thereof — (A) if such transaction is, is of the character of, or is commonly known to the trade as, a ‘wash sale,’ ‘cross trade,’ or ‘accommodation trade,’ or is a fictitious sale; (B) if such transaction is, is of the character of, or is commonly known to the trade as, a ‘privilege,’ ‘indemnity,’ ‘bid,’ ‘offer,’ ‘put,’ ‘call,’ ‘advance guaranty,’ or ‘decline guaranty,’ or (0) if such transaction is used to cause any price to be reported, registered, or recorded which is not a true and bona fide price.” (7 U.S.C.A. § 6c.)", "position": 32}, "8ebd9cdb-a66e-4979-8bdc-5b03cb57b1df": {"case_id": "73a740a8-72b0-4fe8-bd15-f66932ed07fc", "opinion_id": "7f5ffb5d-fb13-4ef0-9df6-59cfbffe3c39", "text": "On February 9, 1988, a federal grand jury indicted Thompson B. Sanders (“Sanders”), a former CBOT member, on charges of wire fraud, interstate transportation of stolen property, and various violations of the CEA. The indictment specifically alleged that, during 1986, Sanders participated in a scheme whereby unauthorized persons were allowed access to the CBOT trading floor in order to conduct trades on Sanders’ behalf. Profitable trades were placed in Sanders’ account through non-competitive accommodation trades while unprofitable trades could not be traced to Sanders because of the unauthorized traders’ disguises and false identities. The scheme allowed Sanders to participate in futures contract transactions without risk of loss. On September 14, 1988, a jury convicted Sanders on all counts.", "position": 11}, "71c9ca11-21f4-42c8-ab48-d2f3e1ae3386": {"case_id": "b5c2cc8f-acf1-4758-9b37-aa750463d139", "opinion_id": "a75efcd5-b9f4-42ba-8bb2-008381680396", "text": "With its complaint, the CFTC filed eleven lengthy affidavits of its investigators, AITC customers, and a former AITC employee. Seven more affidavits were filed July 15, 1976. A preliminary injunction issued July 16, 1976, restraining appellant from violating section 4b of the Act by cheating or attempting to cheat a customer by making false reports or engaging in offsetting trades with a customer; from engaging in “wash” or accommodation trades; from holding himself out to the public as a commodity trading advisor without being registered pursuant to section 4m of the Act; from taking the offsetting position from that of customers of AITC and engaging in fictitious trades involving the accounts of AITC customers while acting as a commodity trading advisor to AITC, in violation of section 4o of the Act.", "position": 22}, "4f5a5981-6fb5-47b4-9906-21bd456053ff": {"case_id": "b5c2cc8f-acf1-4758-9b37-aa750463d139", "opinion_id": "a75efcd5-b9f4-42ba-8bb2-008381680396", "text": "Savage’s opposition affidavit admits that he entered into most of the alleged transactions. He contends, however, that his affidavit brings into dispute a critical element of each section of the Act that he is charged with having violated. He argues that violation of these sections requires a fraudulent intent or knowing violation — the element of scienter. His affidavit denies: (1) an intent to enter into prearranged accommodation trades; (2) knowledge that he entered into trades away from the market price; and (3) an intent to serve as an intermediary to shift funds between accounts of AITC customers. If, as appellant contends, a fraudulent intent or knowing violation is necessary to run afoul of sections 4b, 4c and 4o (1) of the Act, then his intent and knowledge are material to the violation and his opposition affidavit has raised a genuine issue of material fact.", "position": 67}, "f33b0058-7324-47b9-990b-65798da1c814": {"case_id": "b5c2cc8f-acf1-4758-9b37-aa750463d139", "opinion_id": "a75efcd5-b9f4-42ba-8bb2-008381680396", "text": "Section 4c of the Act prohibits “wash trading,” “cross trading,” “accommodation trading,” or fictitious sales or using a transaction to cause a false price to be reported.", "position": 80}, "d855bbe5-7ee7-4ba6-a2f8-e7cba2090474": {"case_id": "b5c2cc8f-acf1-4758-9b37-aa750463d139", "opinion_id": "a75efcd5-b9f4-42ba-8bb2-008381680396", "text": "§ 6c. Prohibited transactions — Commodities specifically listed\n(a) It shall be unlawful for any person to offer to enter into, enter into, or confirm the execution of, any transaction involving any commodity, which is or may be used for (1) hedging any transaction in interstate commerce in such commodity or the products or byproducts thereof, or (2) determining the price basis of any such transaction in interstate commerce in such commodity, or (3) delivering any such commodity sold, shipped, or received in interstate commerce for the fulfillment thereof—\n(A) If such transaction is, is of the character of, or is commonly known to the trade as, a “wash sale,” “cross trade,” or “accommodation trade,” or is a fictitious sale;\n(B) If such transaction involves any commodity specifically set forth in section 2 of this title, prior to the enactment of the Commodity Futures Trading Commission Act of 1974, and if such transaction is of the character of, or is commonly known to the trade as, an “option”, “privilege”, “indemnity”, “bid”, “offer”, “put”, “call”, “advance guaranty”, or “decline guaranty”, or\n(C) If such transaction is used to cause any price to be reported, registered, or recorded which is not a true and bona fide price.", "position": 101}, "4e87ae3b-35ad-419d-8876-4b93f90e45d8": {"case_id": "b5c2cc8f-acf1-4758-9b37-aa750463d139", "opinion_id": "a75efcd5-b9f4-42ba-8bb2-008381680396", "text": "13 . See Commodity Exchange Authority, Memorandum on Definitions of Certain Trade Practices Prohibited by the Commodity Exchange Act, May 25, 1966 which defines: (a) “wash trading” as “entering into or purporting to enter into transactions, for the purpose of giving the appearance that purchases and sales are being or have been made but without actually taking a position in the market”; (b) “cross trading” as “indirectly bucketing a customer’s order, or indirectly offsetting the buying order of one customer against the selling order of another customer, or wash trading by means of transactions with another floor broker who is engaged in a similar type of trading”; and (c) “accommodation trading” as “wash trading entered into by one broker to assist another broker to make cross trades, wash trades, . . .”", "position": 117}, "f054ed9b-94a0-44a4-9330-c0540ddf7398": {"case_id": "e1b894e7-d61a-44ed-9bb8-d4f7bdc802bb", "opinion_id": "fc3d6898-efab-4a0e-8135-055b0e0beb74", "text": "The government appeals from a judgment ordering the refund to the taxpayer of certain sums paid under protest upon assessment for stamp taxes. It raises the question of whether or not certain transactions known in the parlance of the Board of Trade as “accommodation trades” or “position loans” are sales, agreements of sale, or agreements to sell, and as such, subject to the excise tax levied under section 800, et seq., Schedule A (4) of the Revenue Act of 1926, 44 Stat. 101, 26 U.S. C.A. § 901 (4), now 26 U.S.C.A. §§ 903, 921(b) (2), and § 900 note.", "position": 1}, "eade8a68-7fae-4a15-bd5c-c15bc31bb445": {"case_id": "e1b894e7-d61a-44ed-9bb8-d4f7bdc802bb", "opinion_id": "fc3d6898-efab-4a0e-8135-055b0e0beb74", "text": "With the exception of sales by the actual producers of the grain, all sales for future delivery of grain in the Chicago market are conducted through the clearing house of the Board of Trade. For the purpose of keeping the records of all such sales, an elaborate system of bookkeeping has been devised whereby the position of each trader is shown on each day. Under the rules of the clearing house, every contract must be cleared through it, and upon such clearing, the clearing house becomes substituted for the buying and selling parties, and entitled to all the rights and subject to all the liabilities of each with respect to the particular contract. (It will be noted that the transfer of the contract involved in this substitution is specifically exempted by the statute from the incidence of the tax.) The clearing house requires a daily settlement of all open accounts, and in addition, a graduated scale of margin deposits in order to protect itself from loss in case of failure or forced liquidation which might result in flooding the marltet with the particular commodity thereby causing violent fluctuations in the price of the commodity. Under this margin rule, a trader who carried contracts for short sales of 10,000,000 bushels of a grain would be required to make a deposit with the clearing house at a higher rate than one who carried similar contracts for 2,-000,000 bushels. To avoid this requirement, trading members have devised a system of so-called accommodation trades or position loans. Thus, a member having a short position of, say, 2,000,000 bushels, will accommodate a member having a short position of 10,000,000, by permitting the latter to transfer temporarily to him part of his contracts, with the understanding that the transferor is to retain all the benefits or burdens of the contracts which are to be transferred back to the original contracting party upon demand of either party to the accommodation trade. The margin deposits are to be supplied by the original party, so that the other in no way changes its status except for one very important feature, namely, in case of default of the party accommodated, the party accommodating must assume the liability of the contract. In other words, in lending its position to the original party, both contemplate that the transaction is a purely nominal one, and that the lender will be called upon for nothing, and that when the time comes for performance, the original party will resume its position under the contract and perform it. If, in the meantime, it becomes impossible for it to .perform, the lender is obligated to the clearing house to do so, in spite of the original intention of both parties.", "position": 4}, "5f5915bb-1733-4aa7-b89e-f3660e8f2f45": {"case_id": "e1b894e7-d61a-44ed-9bb8-d4f7bdc802bb", "opinion_id": "fc3d6898-efab-4a0e-8135-055b0e0beb74", "text": "The taxes which appellee was permitted by the District Court to recover arose out of a number of transactions. Since they all involve similar facts and identical principles, we examine only one of them. On March 11, 1929, appellee was short 15,-000,000 bushels of wheat, for the top 2,000,-000 of which it was required to maintain a deposit of seven and a half cents a bushel. On the same day, the Continental Grain Company was short only 3,000,000 bushels. It was required to maintain a deposit of only three cents a bushel on all contracts up to 5,000,000. As an accommodation, therefore, it took over contracts for 2,000,-000 bushels, thereby enabling the appellee to withdraw $150,000 from deposit on its own account, $60,000 of which it thereupon deposited for the Continental for the contracts the latter assumed. The contracts were turned back on April 22, 1929. All parties agree that the sole purpose of the transfer of the contracts was to enable appellee to avoid the requirement of the larger margin rate. The transaction was brought about by means of a telephone communication or an office meeting, rather than in the wheat pit, as required by Board of Trade rules for regular contracts of purchase or sale. The loan and the return of the position were reported respectively by appellee and the Continental Company as accommodation trades to the Grain Futures Administration of the Department of Agriculture in the daily reports which were required by law to be made to that Department.", "position": 5}, "0fc49a0f-73fd-4378-8ef1-07865fbc30bb": {"case_id": "e1b894e7-d61a-44ed-9bb8-d4f7bdc802bb", "opinion_id": "fc3d6898-efab-4a0e-8135-055b0e0beb74", "text": "In support <jf its contention that the acts here involved constituted no sale, agreement of sale or agreement to sell, appellee submitted as exhibits a series of specimen records of the two types of transactions, the regular sale, and the accommodation trade. It is unnecessary for us to describe these exhibits, except to say that they indicate that there is a substantial difference between the records of an actual, completed sale which all parties agree is subject to the tax, and those of such a transaction as is here sought to be taxed, although both show up on the final records of the clearing house as sales. Appellant argues that because the transfer is recorded by the clearing house as a sale, with no indication on its records of its accommodation character, and because the Board of Trade will recognize such transfer only on the basis of the assumption by the accommodating party of liability to fulfill the contract in case of default by the accommodated one, it must be considered a sale, agreement of sale or agreement to sell, subject to the tax. It apparently considers immaterial the fact that the transaction was brought about by the irregular method of an office or telephone communication, rather than in the pit. It argues that the government should be able to tax transactions according to the official records of the clearing house without having to refer to private agreements which negative their effect, or having to inspect subordinate records in order to determine how the transaction took place.", "position": 6}, "9c08d112-03e5-4b4d-ace4-3d75c2ac1207": {"case_id": "f5807ad4-ec70-4ad8-80ce-375e95fe01bd", "opinion_id": "a565f749-11ff-42e9-936a-0c3c469764f7", "text": "Commodities specifically listed\n(a) It shall be unlawful for any person to offer to enter into, enter into, or confirm the execution of, any transaction involving any commodity, which is or may be used for (1) hedging any transaction in interstate commerce in such commodity or the products or by-products thereof, or (2) determining the price basis of any such transaction in interstate commerce in such commodity, or (3) delivering any such commodity sold, shipped, or received in interstate commerce for the fulfillment thereof—\n(A) if such transaction is, is of the character of, or is commonly known to the trade as, a “wash sale,” “cross trade,” or “accommodation trade,” or is a fictitious sale;\n(B) if such transaction involves any commodity specifically set forth in section 2 of this title, prior to October 23, 1974, and if such transaction is of the character of, or is commonly known to the trade as, an “option”, “privilege”, “indemnity”, “bid”, “offer”, “put”, “call”, “advance guaranty”, or “decline guaranty”, or\n(C) if such transaction is used to cause any price to be reported, registered or recorded which is not a true and bona fide price.", "position": 161}, "f01caa59-6653-45d8-b8f9-6cb806ed62e0": {"case_id": "163ab6ab-7625-460d-8e79-294fc8ef7085", "opinion_id": "a3e83657-686d-4d53-b97e-26ba301f7fb2", "text": "Petitioner’s broker, Mr. Buckwalter, was charged by the CFTC and ultimately was found to have violated 7 U.S.C. sec. 6c(a) and 17 C.F.R. sec. 1.38 by executing trades that were wash sales and accommodation trades and by causing non-bona fide prices to be reported to the NYMEX. See In the Matter of Stanley Buckwalter, et al., CFTC docket No. 80-28, Comm. Fut. L. Rep. (CCH) [1984-1986 Transfer Binder] par. 22,782, at 31,268 (Sept. 27, 1985). Those findings against Mr. Buckwalter were based, in large part, on petitioner’s 1977 and 1978 spreads.", "position": 49}, "99ecef0d-0665-4edc-89fa-e1fa506514a0": {"case_id": "163ab6ab-7625-460d-8e79-294fc8ef7085", "opinion_id": "a3e83657-686d-4d53-b97e-26ba301f7fb2", "text": "). Mr. Buckwalter ultimately was found to have violated that provision of law, as well as CFTC regulation 1.38 (17 C.F.R. sec. 1.38 (1977)), by executing wash sales and accommodation trades and causing the reporting of prices which were not true and bona fide. See In the Matter of Stanley Buckwalter, et. al., supra at 31,268. Such findings were based, in large part, on petitioner’s 1977 and 1978 spreads as analyzed by Mr. O’Brien in an expert witness report. In the instant case, Mr. O’Brien submitted an expert witness report substantially identical to the one he submitted in the Buckwalter case.", "position": 67}, "c6704e62-947d-450e-8fc3-7c305d960b74": {"case_id": "163ab6ab-7625-460d-8e79-294fc8ef7085", "opinion_id": "a3e83657-686d-4d53-b97e-26ba301f7fb2", "text": "Although the findings in Buckwalter are not determinative of the issues in the instant case, the analysis in that case was based on the same transactions. The analysis in Buckwalter thus is helpful in setting the framework for our analysis in the instant case. First, however, we must ascertain the meaning of the terms “accommodation trades” and “wash sales” in the context of commodities futures law. For purposes of commodities law, “accommodation trading” is defined as wash trading entered into by a trader, usually to assist another with illegal trades, and “wash trading” is defined as entering into, or purporting to enter into, transactions to give the appearance that purchases or sales have been made, usually without a change in the trader’s market position. Sundheimer v. Commodity Futures Trading Commission, 688 F.2d 150, 152 (2d Cir. 1982) (quoting from Committee on Agriculture, Nutrition, and Forestry, 95th Cong. 2d Sess., Futures Trading Act of 1978, Glossary of Terms Used in Commodity Futures Trading (Comm. Print 1979)). The essential and identifying characteristic of a wash sale seems to be the intent not to make a genuine, bona fide trading transaction. Sundheimer v. CFTC, supra (quoting CFTC v. Savage, 611 F.2d 270, 284 (9th Cir. 1979), and In re Goldwurm, 7 Agric. Dec. 265, 274 (1948)", "position": 68}, "c9aa6fe6-3188-48be-9898-b11a904f49ad": {"case_id": "163ab6ab-7625-460d-8e79-294fc8ef7085", "opinion_id": "a3e83657-686d-4d53-b97e-26ba301f7fb2", "text": "Petitioner has introduced no evidence whatsoever to indicate that his 1977 and 1978 spread transactions would not fit under the foregoing descriptions of wash trades and accommodation trades. Indeed, the fact that petitioner exactly broke even, exclusive of commissions, on each of his three series of spreads supports a conclusion that the trades were rigged or prearranged and not bona fide, competitive, market trades. That each series of spreads exactly broke even seems to us too convenient to be explained away by the long arm of coincidence. See Mahoney v. Commissioner, 808 F.2d at 1220. The thinness of the NYMEX gold and silver futures markets apparently allowed the group of brokers charged and sanctioned by the CFTC to prearrange the transactions without substantial threat of market volatility beyond their control. As was noted in another case describing the NYMEX silver coin market as a “thin, infrequently traded market with low daily volume,” “the possibilities are enhanced that such market prices that are reported may be because of discretionary determination by exchange officials or improper influence by market participants rather than a reflection of supply and demand, technical trading signals, world and national news reports or independently occurring events.” See Gittemeier v. Smith Barney, Harris Upham & Co., CFTC docket No. R 80-1255-81-182, Comm. Fut. L. Rep. (CCH) [1982-1984 Transfer Binder] par. 21,929, at 28,006 (Nov. 30, 1983), and articles cited therein.", "position": 71}, "34fb67d7-b6fb-448b-9747-456f77636e68": {"case_id": "163ab6ab-7625-460d-8e79-294fc8ef7085", "opinion_id": "a3e83657-686d-4d53-b97e-26ba301f7fb2", "text": "The absence of split fills in the execution of petitioner’s spreads also indicates a lack of competitive trades. Mr. O’Brien’s expert report asserted that it was highly unlikely that these comparatively large multicontract lots could be competitively traded at a single price and time of execution on futures markets which otherwise had very limited volume. As was similarly noted in Buckwalter, it is an unexplained, “seemingly odd coincidence that so frequently when a large order appeared on the floor another trader appeared willing to take the entire order.” See In the Matter of Stanley Buckwalter, et. al., supra at 31,250. Petitioner has not advanced sufficient evidence to persuade us that the spreads in issue were executed in accordance with all the rules of the NYMEX. In fact, the exact equality of all gains and losses, the thinness of the silver coin and 400-ounce gold markets, and the absence of split fills, when taken together, indicate that the 1977 and 1978 spreads were wash sales or accommodation trades in violation of the rules of the NYMEX. We accordingly find that the per se rule of section 108(b) is not available with respect to petitioner’s 1977 and 1978 spread transactions. Cook v. Commissioner, supra.", "position": 72}, "ab26ccd9-8bc2-4ca5-9b0c-1df478f8b399": {"case_id": "163ab6ab-7625-460d-8e79-294fc8ef7085", "opinion_id": "a3e83657-686d-4d53-b97e-26ba301f7fb2", "text": "Petitioner’s argument apparently is based on the reasoning that the disallowance of the 1977 and 1978 spreads should cause the nonrecognition of all other transactions on the NYMEX in gold and silver coin futures. Petitioner’s reasoning, however, overlooks several vital facts with regard to his 1976 spreads: (1) Those transactions were held in an account with Chartered New England Corp., not Rosenberg Commodities, and there is no evidence whatsoever that the floor broker for those 1976 spreads was Mr. Buckwalter or any other broker sanctioned by the CFTC; (2) none of the prearranged transactions at issue in the Buckwalter case took place before July 5, 1977, i.e., several months after petitioner’s 1976 spreads were completed; and (3) the record contains no evidence whatsoever to indicate that petitioner’s 1976 spreads were wash trades, accommodation trades, or any other sorts of trades which were not bona fide, competitive, market trades. As such, petitioner clearly has faded to show that the income from the 1976 spreads reported on his 1977 tax return is not properly includable in taxable income. Rule 142(a). We therefore find that petitioner is not entitled to any reduction in his 1977 taxable income on account of his 1976 spreads.", "position": 80}, "168d06f3-6d67-46ba-905c-47d1c30f793c": {"case_id": "163ab6ab-7625-460d-8e79-294fc8ef7085", "opinion_id": "a3e83657-686d-4d53-b97e-26ba301f7fb2", "text": "Sec. 6c. Wash sales; cross trades; fictitious sales; privileges; offers; puts; calls; guaranties\n(a) It shall be unlawful for any person to offer to enter into, enter into, or confirm the execution of, any transaction involving any commodity, which is or may be used for (1) hedging any transaction in interstate commerce in such commodity or the products or by-products thereof, or (2) determining the price basis for any such transaction in interstate commerce in such commodity, or (3) delivering any such commodity sold, shipped, or received in interstate commerce for the fulfillment thereof—\n(A) if such transaction is, is of the character of, or is commonly known to the trade as, a “wash sale,” “cross trade,” or “accommodation trade,” or is a fictitious sale;\n(B) if such transaction involves any commodity specifically set forth in section 2 of this title, prior to October 23, 1974, and if such transaction is of the character of, or is commonly known to the trade as, an “option,” “privilege,” “indemnity,” “bid,” “offer,” “put,” “call,” “advance guaranty,” or “decline guaranty,” or\n(C) if such transaction is used to cause any price to be reported, registered, or recorded which is not a true and bona fide price.", "position": 105}, "b98a0947-e0ba-46d9-9aa2-3f78a6b8f0eb": {"case_id": "163ab6ab-7625-460d-8e79-294fc8ef7085", "opinion_id": "a3e83657-686d-4d53-b97e-26ba301f7fb2", "text": "The rules of the NYMEX, as well as the provisions of the Commodity Exchange Act, prohibit wash trading, accommodation trading, and causing prices to be reported which are not true and bona fide.", "position": 52}, "cc776f37-91a7-401c-bbed-a037ed74e8ad": {"case_id": "edb9048b-fc06-4c6c-ab48-b2cc81fe920a", "opinion_id": "ae45a603-22de-4cf4-a88a-81838468ca64", "text": "After a three-month jury trial, Ryan was convicted of 1) entering into a prearranged accommodation trade in violation of § 4c(a)(A) of the Act, 7 U.S.C. § 6e(a)(3)(A); 2) aiding and abetting another trader in offsetting orders in violation of § 4d(D) of the Act, 7 U.S.C. § 6b(l)(D); 3) filling customer orders by offset in violation of § 4d(D) of the Act, 7 U.S.C. § 6b(1)(D); and 4) entering a false trading record in violation of § 4b(B) of the Act, 7 U.S.C. § 6b(1)(B). Ryan was also convicted of one violation of the wire fraud statute. The district court found Ryan was a minor participant in the wrongdoing and sentenced him to three years of probation and two months of home detention. See United States v. Dempsey, 768 F.Supp. 1277, 1285 (N.D.Ill.1991). The court also fined Ryan $1,000 and ordered him to pay $325 in restitution and $225 in a special assessment. See id. at 1291-92.", "position": 8}, "bff03876-f046-498f-a040-99a028c5660a": {"case_id": "edb9048b-fc06-4c6c-ab48-b2cc81fe920a", "opinion_id": "ae45a603-22de-4cf4-a88a-81838468ca64", "text": "Finally, the Commission addressed the question of whether Ryan should be prohibited from trading. The Commission found a clear nexus between Ryan’s misconduct and the proper functioning of the market. See id. Ryan proposed to trade as a floor trader, which is a role that would place him in a position to repeat his criminal activity. This fact together with the Commission’s perception that Ryan’s felony convictions were aggravated by a pattern of related illegal conduct of accommodation trades, curb trading, and felony wire fraud convinced the Commission that Ryan failed to overcome the presumption that his continued access to Commission-regulated markets would pose a threat to their integrity. See id. at *12-*13. Consequently, the Commission ordered a trading ban of six years, a cease and desist order, and a registration denial.", "position": 39}, "f7b3e3e5-d0a1-481b-bbf6-d76259025c40": {"case_id": "762db66a-3fdd-4bfb-86b6-68c7e94caf9a", "opinion_id": "b634b53d-3514-4d67-9b7f-8d940fea7a0c", "text": "(A) if such transaction is, is of the character of, or is commonly known to the trade as, a \"wash sale,\" \"cross trade,” or \"accommodation trade,” or is a fictitious sale; or\n(B) if such transaction is used to cause any price to be reported, registered, or recorded which is not a true and bona fide price.", "position": 55}, "4ce4a366-ea1f-4e75-9279-13d1cf4feb47": {"case_id": "9a678ffc-239a-4e9d-bb73-a7b6a631aa93", "opinion_id": "501854f6-ddb3-44b9-9656-b55f3bf70b89", "text": "This appeal presents the same question presented to this court in the case, United States v. Uhlmann Grain Co., 84 F.2d 901, namely, the taxability or non-taxability under section 800 et seq. of Schedule A(4), Tit. 8, of the Revenue Act of 1926, 44 Stat. 102, 26 U.S.C.A. §§ 903, 921(b)(2), of a series of transactions known on the Chicago Board of Trade where they occurred, as accommodation trades or position loans. Since we analyzed and described the transactions in our opinion in that case, we do not repeat that analysis here but refer to our former opinion wherein we held that the transactions did not constitute sales within the meaning of the statute, hence were not subject to the tax imposed upon sales, agreements of sale, or agreements to sell. In reaching that decision we did not have the benefit of a decision of the Supreme Court in Dupont v. United States, 300 U.S. 150, 57 S.Ct. 391, 393, 81 L.Ed. 570, subsequently announced, in which the Court stated that it was moved' to grant certiorari because of a conflict of decision, referring to the Uhlmann case in which the Government had not applied for certiorari. Tn our opinion in that case we had distinguished the decision of the Second Circuit Court of Appeals in the Dupont case (83 F.2d 951) on the ground that the transaction there involved constituted a sale, hence was not applicable to the facts presented by the case before us.", "position": 1}, "a3c0b070-b9cd-47fd-b76a-7023c477a0d5": {"case_id": "6b3cf783-ed92-46bc-8686-bb81541ec508", "opinion_id": "de790786-5d66-49d2-9cd2-a5d3f4823e15", "text": "2 . Among other things, these provisions make it ■ unlawful to: (1) \"cheat or defraud or attempt to cheat or defraud\" a customer, (§ 6b(a)); (2) \"become the buyer in respect to any selling order of [a customer], or become the seller in respect to any buying order of [a customer]\" without the customer's prior consent, (§ 6b(D)); (3) enter into a transaction that is known as a \" 'wash sale,' 'cross-trade,' or ‘accommodation trade,' or is a fictitious sale,” (§ 6c(a)(A)); or (4) to engage in a transaction that \"is used to cause any price to be reported, registered, or recorded which is not a true and bona fide price,” (§ 6c(a)(B)).", "position": 40}, "a60befdc-2271-41b0-9258-cd398463fbbb": {"case_id": "2ece9de6-3aca-4b2c-8812-ab84f744f528", "opinion_id": "64535d6c-6cd7-45ec-afcf-1a6619d10cff", "text": "Defendants, in connection with the sale of commodities futures contracts in contravention of Section 4c of the Commodity Exchange Act, by use of the means and instrumentalities of interstate commerce and the exchanges, participated in, aided and abetted and conspired among themselves (a) to unlawfully enter into or report transactions, commodity [sic] known to the trade as a “wash sale,” “cross trade,” or “accommodation trade,” or a fictitious sale, and (b) to enter into and to report falsely transactions at prices which were not true and bona fide prices.", "position": 46}}