{"e3987ce9-4f46-4a81-a40e-7e004cd33bd2": {"case_id": "4562681c-23ae-4b2e-a2f2-299224ce3f7b", "opinion_id": "e0b50495-aa47-4190-b77c-78b6b7d9cbe2", "paragraph_id": "98b9d343-c234-403f-a2f6-5507f35d1517", "position": 1, "text": "The five counterclaims determined to involve fact questions were based upon breach of contract (counts IX & X), Merrill Lynch’s efforts to manipulate the silver market contrary to Sections 8, 9 and 13 of the Commodity Exchange Act (count XI), Merrill Lynch’s alleged execution of a fictitious sale and/or an accommodation trade in violation of Section 4c of the Commodity Exchange Act (count XII), and violations of federal antitrust law (count XVI).", "label": "potential value"}, "9b17d0f1-f60a-435f-ac2c-67924771e9d3": {"case_id": "4562681c-23ae-4b2e-a2f2-299224ce3f7b", "opinion_id": "e0b50495-aa47-4190-b77c-78b6b7d9cbe2", "paragraph_id": "4895563c-f7d2-4f6b-845d-066d16f35a3a", "position": 1, "text": "As a result, the execution of the trade liquidating his account was a fictitious sale and/or accommodation trade prohibited under the Act.", "label": "high value"}, "bd81f0ab-5b17-4c36-be79-107d8108cfee": {"case_id": "36b1d142-dea3-4e38-a975-acdf1ba55ef7", "opinion_id": "da316963-cbb0-457a-ac1e-69a1e544f91f", "paragraph_id": "b4d7259b-3561-443c-b9c5-b7ec1091dcc4", "position": 1, "text": "The defendants argue that the district court erred in its instructions regarding their creation of false records and accommodation trading; that the trading-by-offset provision is unconstitutionally vague; that the court wrongly admitted prejudicial hearsay declarations that were not in furtherance of the conspiracy; and that the court erred in sentencing.", "label": "certain value"}, "83182dad-98ed-4b0f-a7d0-da8301140966": {"case_id": "36b1d142-dea3-4e38-a975-acdf1ba55ef7", "opinion_id": "da316963-cbb0-457a-ac1e-69a1e544f91f", "paragraph_id": "3a34570a-f522-4425-8dcf-e13905d0b696", "position": 0, "text": "The defendants’ claim regarding accommodation trading suffers the same fate.", "label": "potential value"}, "d77ad7e0-ce58-420d-b3b6-a40c2e01603c": {"case_id": "36b1d142-dea3-4e38-a975-acdf1ba55ef7", "opinion_id": "da316963-cbb0-457a-ac1e-69a1e544f91f", "paragraph_id": "3a34570a-f522-4425-8dcf-e13905d0b696", "position": 1, "text": "They claim that the district court erred in refusing to instruct the jury that the misdemeanor offense of accommodation trading, see 7 U.S.C. § 6c(a)(3)(A), is a lesser included offense of filling by offset under § 6b(D).", "label": "potential value"}, "1788dff3-42aa-4c28-b0c9-1fe1b8b33482": {"case_id": "36b1d142-dea3-4e38-a975-acdf1ba55ef7", "opinion_id": "da316963-cbb0-457a-ac1e-69a1e544f91f", "paragraph_id": "193db641-580d-4114-b00f-b8a393265002", "position": 3, "text": "Nevertheless, violation of the misdemeanor offense (§ 6c(a)(3)(A)) requires that a defendant conduct an “accommodation trade,” which the district court defined as a. transaction in which one trader cooperatively and non-competitively trades with another to avoid market risk “while giving the appearance that the trade has been executed in the competitive market.”", "label": "high value"}, "d170144a-c24c-4b8b-a852-b3b2103ffac5": {"case_id": "36b1d142-dea3-4e38-a975-acdf1ba55ef7", "opinion_id": "da316963-cbb0-457a-ac1e-69a1e544f91f", "paragraph_id": "193db641-580d-4114-b00f-b8a393265002", "position": 7, "text": "Thus, because “accommodation trading” requires an element not required in filling by offset, the former is not necessarily included in the latter.", "label": "high value"}, "8dbe1e52-2012-489a-892e-52f364b1c0b0": {"case_id": "36b1d142-dea3-4e38-a975-acdf1ba55ef7", "opinion_id": "da316963-cbb0-457a-ac1e-69a1e544f91f", "paragraph_id": "7618dd22-723f-4357-9067-e77f38e7187e", "position": 8, "text": "He was also acquitted on three of seven false record charges, one of ten fill-by-offset charges, and his only accommodation trading count.", "label": "potential value"}, "ebc84b71-9d12-4334-b906-84f7d51b94fa": {"case_id": "b03eb665-d709-4bac-8b4e-12809204a46b", "opinion_id": "744327e5-f4d8-4af0-9106-b7c10cb1f7ae", "paragraph_id": "2e0f6851-f795-41cb-9d37-c44efd0b1d64", "position": 2, "text": "The complaint also alleged that Sorkvist had engaged in 19 trade-practice violations, primarily “accommodation” trades.", "label": "potential value"}, "b0f9b2a1-05be-4720-a089-bd3a7e17783d": {"case_id": "b03eb665-d709-4bac-8b4e-12809204a46b", "opinion_id": "744327e5-f4d8-4af0-9106-b7c10cb1f7ae", "paragraph_id": "be3c78d9-d943-4ce8-ab00-818b5205ea3b", "position": 4, "text": "They testified that during the period in question they engaged in accommodation trading with SMayer, albeit being understandably unable to identify particular trades.", "label": "potential value"}, "20d8c2ef-e74e-46be-af06-51cc347536f3": {"case_id": "b03eb665-d709-4bac-8b4e-12809204a46b", "opinion_id": "744327e5-f4d8-4af0-9106-b7c10cb1f7ae", "paragraph_id": "312a2c4b-6a16-4be8-b2d9-45f573742228", "position": 6, "text": "Moreover, in deferring to the ALJ’s credibility findings, the Commission implicitly found that Gelbstein’s failure to retain trading cards was deliberate, see Note 8 supra, that he did not provide credible testimony about his knowledge of accommodation trading in the pit, and that the Division’s witnesses were credible even though some of them testified as a condition of settlement with the Commission.", "label": "potential value"}, "c597c249-0c26-4d9f-bfd1-1e974baeffdc": {"case_id": "b03eb665-d709-4bac-8b4e-12809204a46b", "opinion_id": "744327e5-f4d8-4af0-9106-b7c10cb1f7ae", "paragraph_id": "ad8348f2-f65b-466c-a107-1dbddc8c8f18", "position": 3, "text": "The Commission nevertheless rejected his showing on the grounds that his failure to make a profit from his accommodation trades was insignificant in light of the fact that he was a willing aceommodator whose ready assistance to other brokers in bucketing their customer orders undermined the integrity of the market; that his decision to trade solely for his own account did not evidence rehabilitation because his misconduct took place while he was trading for his own account; and that the passage of time, without more, does not establish rehabilitation.", "label": "potential value"}, "8ea7c34e-f915-4f1c-ac83-0ec2f1ceee9d": {"case_id": "b03eb665-d709-4bac-8b4e-12809204a46b", "opinion_id": "744327e5-f4d8-4af0-9106-b7c10cb1f7ae", "paragraph_id": "df351ec4-ad1e-4d7e-94a9-15030c276a30", "position": 1, "text": "Specifically, the ALJ found that Reddy had violated Section 4b(A) of the CEA, which prohibits cheating and defrauding in connection with commodity futures contracts; Section 4b(B) of the CEA, which prohibits the entering of false records; Section 4b(C) of the CEA, which prohibits deception in connection with the execution of orders for futures contracts; Section 4b(D) of the CEA, which prohibits the bucketing of customer orders and the filling of customer orders by offset; Section 138(a) of the Commission Rules, 17 C.F.R. § 1.38(a), which prohibits noncompetitive trading; Section 4c(a)(A) of the CEA, which prohibits wash sales, fictitious sales, and accommodation trades; and Section 4c(a)(B) of the CEA, which prohibits the causing of prices that are not true or bona fide to be reported, registered, or recorded.", "label": "potential value"}, "ddb4de94-e5c7-4833-b493-0d09902504b1": {"case_id": "9dd318f0-42c2-4ac9-90fe-f21860587dba", "opinion_id": "d43d6916-43d2-4332-9225-164ef6b8e4e4", "paragraph_id": "83acb25c-bb73-4fff-bad0-1ae35db87b4a", "position": 0, "text": "A transaction referred to in paragraph (1) is a transaction that—\n(A)(i) is, of the character of, or is commonly known to the trade as, a “wash sale” or “accommodation trade”; ....", "label": "no value"}, "7928c45e-9b72-4b06-9eb6-d531e6225eab": {"case_id": "9dd318f0-42c2-4ac9-90fe-f21860587dba", "opinion_id": "d43d6916-43d2-4332-9225-164ef6b8e4e4", "paragraph_id": "1ef6af99-b58d-46a5-a535-1c5bfdd567ac", "position": 2, "text": "§ 6c(a)(2)(A)(i) (outlining the wash sale provision, which prohibits any transaction that “is, of the character of, or is commonly known , to the trade as, a 'wash sale’ or ‘accommodation trade’ ”).", "label": "no value"}, "aa194e25-9606-4208-9d4a-c8a4f73b35a2": {"case_id": "65bf285c-02b8-43be-a6f8-4139e6579a4c", "opinion_id": "189c7c04-4677-4338-8bf8-dae9efe2e8cb", "paragraph_id": "42f476a9-d19e-4ea8-a2e2-98a50ef46723", "position": 2, "text": "From time to time, shortages of certain grades of pecans have prompted representatives of both parties to contact other pecan wholesalers in an attempt to fill the shortages through what may be described as an “accommodation trade,” meaning pecans of one grade are swapped for pecans of another grade, or an “accommodation sale,” meaning that pecans are purchased by one party from the other for a negotiated price.", "label": "high value"}, "efc43a6e-3408-48de-a858-96e127788c5a": {"case_id": "988199b1-257a-4f16-bead-1c00437689ed", "opinion_id": "187fa2e5-adab-4096-8754-90d045059955", "paragraph_id": "7e288de5-f317-407e-9b70-6648aba1041c", "position": 1, "text": "Accommodation Trade Counts", "label": "no value"}, "7a21e5ef-d247-4c43-bc57-81e404b19b1b": {"case_id": "988199b1-257a-4f16-bead-1c00437689ed", "opinion_id": "187fa2e5-adab-4096-8754-90d045059955", "paragraph_id": "c57a4f78-2b50-473d-9e71-7b802322a293", "position": 0, "text": "Defendants Dempsey, Nowak, Ryan, and Anixter move to dismiss those counts of the indictment which allege “accommodation trade” violations.", "label": "potential value"}, "3f068155-4c9b-4318-a94b-fa3dcab62254": {"case_id": "988199b1-257a-4f16-bead-1c00437689ed", "opinion_id": "187fa2e5-adab-4096-8754-90d045059955", "paragraph_id": "79fbf33f-42b0-4676-bc3f-5ab4f67ca8d1", "position": 0, "text": "It shall be unlawful for any person to offer to enter into, enter into, or confirm the execution of, any transaction involving any commodity ... if such transaction is, is of the character of, or is commonly known to the trade as, a[n] ... accommodation trade...", "label": "potential value"}, "6a977b99-8fce-4b9a-874d-343c14064352": {"case_id": "988199b1-257a-4f16-bead-1c00437689ed", "opinion_id": "187fa2e5-adab-4096-8754-90d045059955", "paragraph_id": "b3cd1c85-824b-4129-b07c-db4edabe085c", "position": 0, "text": "Defendants next argue that the accommodation trade statute is unconstitutionally vague as applied to them.", "label": "certain value"}, "725c34fa-5c46-436d-b9d9-408c62af442d": {"case_id": "988199b1-257a-4f16-bead-1c00437689ed", "opinion_id": "187fa2e5-adab-4096-8754-90d045059955", "paragraph_id": "be612312-2e12-438a-823e-34ea337c59a0", "position": 1, "text": "JAMES D. NOWAK, ... knowingly offered to enter, entered and confirmed the execution of a contract of sale for the delivery of soybeans by entering a prearranged accommodation trade, as a money pass of $187.50 from ...", "label": "certain value"}, "7ce9b4cb-b6e5-40e6-a5cf-c3595764bc06": {"case_id": "988199b1-257a-4f16-bead-1c00437689ed", "opinion_id": "187fa2e5-adab-4096-8754-90d045059955", "paragraph_id": "6ee418d9-be2b-4d8b-a7ba-a6e2783c4b48", "position": 2, "text": "Since neither of these two phrases is used in any of the accommodation trade counts, defendants’ vagueness challenge of these phrases is without merit.", "label": "potential value"}, "36f75cc0-5795-4464-806c-3cfebf69b435": {"case_id": "988199b1-257a-4f16-bead-1c00437689ed", "opinion_id": "187fa2e5-adab-4096-8754-90d045059955", "paragraph_id": "6ee418d9-be2b-4d8b-a7ba-a6e2783c4b48", "position": 3, "text": "Defendants argue that the language which is used in the indictment does not “tell[] [them] what they have done that is claimed to have violated the law other than the bare allegation that they conducted a ‘pre-arranged’ accommodation trade”.", "label": "potential value"}, "e7e49eb5-a457-45f5-8af6-f502912f8c0a": {"case_id": "988199b1-257a-4f16-bead-1c00437689ed", "opinion_id": "187fa2e5-adab-4096-8754-90d045059955", "paragraph_id": "6ee418d9-be2b-4d8b-a7ba-a6e2783c4b48", "position": 4, "text": "As the government correctly notes, each alleged accommodation trade informs the defendant of the date of the alleged trade, the fact that it was pre-arranged, the person who participated with the defendant in the trade, the purpose of the trade (a “money pass”), and the amount of money actually passed.", "label": "certain value"}, "3e927f7b-3360-4bd9-b78b-8efb036c40ea": {"case_id": "189aef5b-5641-4403-9bd7-625d4ae35b94", "opinion_id": "79945626-8ccb-44e8-8462-4de7263ff02a", "paragraph_id": "2af90c20-e96e-4150-a5e3-b16e186fd89c", "position": 4, "text": "Pursuant to the agreement, Scheck pled guilty to two misdemeanor counts of accommodation trading in violation of 7 U.S.C. § 6c(a)(3)(A).", "label": "potential value"}, "69bacf82-2968-46bb-82ff-86a8f68a99a7": {"case_id": "d183858e-bb05-4693-9516-796d163780a5", "opinion_id": "2e352387-cdbe-4292-a553-9a8d1a52896d", "paragraph_id": "8f1034a5-835c-4943-b0c1-b0e40a97db66", "position": 1, "text": "Cox was also convicted of ten misdemeanor counts of entering into prearranged accommodation trades in violation of § 4c(a)(A) of the Act, 7 U.S.C. § 6c(a)(A).", "label": "potential value"}, "49eae3ee-e991-44e0-9054-3a1f1529a937": {"case_id": "6a440b32-b9bf-452c-a823-faf75f3d7026", "opinion_id": "4a409eff-647d-4b39-9842-11be653879fd", "paragraph_id": "c130d326-eda7-46b4-9ef7-b610f27c661a", "position": 3, "text": "It shall be unlawful for any person to offer to enter into, enter into, or confirm the execution of, any transaction involving any commodity, which is or may be used for (1) hedging any transaction in interstate commerce in such commodity or the products or byproducts thereof, or (2) determining the price basis of any such transaction in interstate commerce in such commodity, or (3) delivering any such commodity sold, shipped, or received in interstate commerce for the fulfillment thereof—\n(A) if such transaction is, is of the character of, or is commonly known to the trade as, a “wash sale,” “cross trade,” or “accommodation trade,” or is a fictitious sale;\n(B) if such transaction involves any commodity specifically set forth in section 2 of this title, prior to the enactment of the Commodity Futures Trading Commission Act of 1974, and if such transaction is of the character of, or is commonly known to the traders, an “option”, “privilege”, “indemnity”, “bid”, “offer”, “put”, “call” “advance guaranty”, or “decline guaranty”, or\n(C) if such transaction is used to cause any price to be reported, registered, or recorded which is not a true and bona fide price.", "label": "potential value"}, "3a2a5a2b-24ba-46fb-8ca1-990513b06c9a": {"case_id": "380d92e4-5d97-4618-82a4-00a65de7ce42", "opinion_id": "018328d0-2366-4a50-aa7f-91ad2adf0dd1", "paragraph_id": "ea7d153e-c08f-4eca-a825-40f10631a165", "position": 0, "text": "Count XXXIII alleges that Merrill Lynch and the exchanges\n7\nviolated section 4c of the CEA, 7 U.S.C. § 6c (1976 & Supp. V 1981), in that on the day his trading account was liquidated, \"there were no bona fide buyers and sellers in the silver of the CBOT and ... the execution of the order [which liquidated his account] was a fictitious sale and/or accommodation trade\" prohibited under the statute.", "label": "certain value"}, "3d110076-d488-4c89-955a-78d17680a74b": {"case_id": "ab646462-d465-47ba-b98e-31740ce9eef8", "opinion_id": "d88bc201-21d7-4c14-9ce0-70fd3d3a31e6", "paragraph_id": "9c92f5b2-139f-4738-8e38-ae210d48cdbb", "position": 5, "text": "Four of these CME counts allege that Baker entered into prearranged accommodation trades for the purpose of creating fictitious trading losses for tax purposes.", "label": "potential value"}, "d8c7fd63-1563-4e59-8259-dda8824e19af": {"case_id": "3661789c-fd6e-4683-936f-dda1f5f59ff8", "opinion_id": "efdba0c8-e1e2-4176-ad8d-a2f61dae9aef", "paragraph_id": "d6ff7806-a963-4860-a117-eeac503e3b0f", "position": 0, "text": "The various prior decisions on the subject of “wash sales” had concerned transactions that were virtually risk-free, often prearranged, and intentionally designed to mislead, see, e.g., Sundheimer v. CFTC, 688 F.2d 150 (2d Cir.1982); In re Platt, 24 Agric.Dec. 93 (1965), or to serve other illicit purposes, see, e.g., In re Goldwurm, 7 Agric.Dec. at 275 (offsetting transactions to create artificial tax losses); In re Eisen, 22 Agric.Dec. 758 (1963) (“accommodation trades”).", "label": "certain value"}, "18d7b9c9-95ae-454b-b9c3-c35c93e4eb2e": {"case_id": "f330c912-f7f2-4711-a292-71a833a24c0c", "opinion_id": "15476d8c-cb9d-406c-88d1-549a800482ca", "paragraph_id": "a65eaef3-ac09-4e29-b9a6-b85928845bc2", "position": 1, "text": "That your Defendant GORDON LEWIS did unlawfully engage in a “wash” sale accommodation trade and ficticious [sic] sale with the intent to create a privilege indemnity or advanee or decline guarantee, all contrary to Title 7 § 6(c)[a & B] [sic].", "label": "potential value"}, "458c1500-dfa2-450c-afb9-628a0e474b45": {"case_id": "f330c912-f7f2-4711-a292-71a833a24c0c", "opinion_id": "15476d8c-cb9d-406c-88d1-549a800482ca", "paragraph_id": "fce87046-47a8-4fa7-ab25-84c9d9082181", "position": 1, "text": "It shall be unlawful for any person to offer to enter into, enter into, or confirm the execution of, any transaction involving any commodity, which is or may be used for (1) hedging any transaction in interstate commerce in such commodity or the products or byproducts thereof, or (2) determining the price basis of any such transaction in interstate commerce in such commodity, or (3) delivering any such commodity sold, shipped, or received in interstate commerce for the fulfillment thereof—\n(A) if such transaction is, is of the character of, or is commonly known to the trade as, a “wash sale,” “cross trade,” or “accommodation trade,” or is a fictitious sale;\n(B) if such transaction involves any commodity specifically set forth in section 2 of this title, prior to the enactment of the Commodity Futures Trading Commission Act of 1974, and if such transaction is of the character of, or is commonly known to the trade as, an “option”, “privilege”, “indemnity”, “bid”, j“offer”, “put”, “call”, “advance guaranty”, “decline guaranty”.", "label": "potential value"}, "7b8d1e56-b0e3-4b7f-a22a-809d3fc20efd": {"case_id": "485a8c32-c335-4c2b-8868-75d340d66dcd", "opinion_id": "edaeb0a8-5359-44fb-9aab-99cca348c0e0", "paragraph_id": "73b887e6-c68f-482b-a204-8f1a6c22dc92", "position": 2, "text": "The complaint also alleged that petitioner had violated or aided and abetted violations of section 9(b) of the Commodity Exchange Act, 7 U.S.C. § 13(b), which forbids market price manipulations, and section 4e(a)(A), 7 U.S.C. § 6c(a)(A), which forbids conduct “of the character of” accommodation trades.", "label": "potential value"}, "93e8d011-81c1-4f86-b47b-51686c348095": {"case_id": "485a8c32-c335-4c2b-8868-75d340d66dcd", "opinion_id": "edaeb0a8-5359-44fb-9aab-99cca348c0e0", "paragraph_id": "8bf6dc9a-28f5-45c6-8845-f50ef6e4f130", "position": 3, "text": "The Commission held, however, that the transactions covered by the plea were “tantamount to” accommodation trades and violated section 4c(a)(A).", "label": "potential value"}, "b0480965-4030-4ab6-b295-46861d6d4394": {"case_id": "485a8c32-c335-4c2b-8868-75d340d66dcd", "opinion_id": "edaeb0a8-5359-44fb-9aab-99cca348c0e0", "paragraph_id": "d5ba90fe-c828-4773-be7a-a75134a0f8c8", "position": 0, "text": "The Commission’s holding that the transactions in question violated section 4c(a)(A) because they were “tantamount to” accommodation trades involved an imprecise, and therefore objectionable, choice of language.", "label": "potential value"}, "c6b3c54e-3fae-4571-a793-966684a62a5f": {"case_id": "485a8c32-c335-4c2b-8868-75d340d66dcd", "opinion_id": "edaeb0a8-5359-44fb-9aab-99cca348c0e0", "paragraph_id": "d808a1e6-da23-40fb-8d4d-49ebc35db224", "position": 0, "text": "Petitioner contends, in any event, that the transactions were not of the character of accommodation trades, because, he says, an accommodation trade must be a fictitious transaction, not a real one.", "label": "certain value"}, "f07516c8-dcae-4e0c-a00a-1a0fc38432c1": {"case_id": "485a8c32-c335-4c2b-8868-75d340d66dcd", "opinion_id": "edaeb0a8-5359-44fb-9aab-99cca348c0e0", "paragraph_id": "3014f2b4-e1f7-44f1-8dc0-09100d6f7bb8", "position": 3, "text": "Pri- or administrative use of the term “accommodation trade” was consistent with this practical, everyday meaning.", "label": "potential value"}, "5228139d-772b-4694-bc30-0386fe528e8c": {"case_id": "485a8c32-c335-4c2b-8868-75d340d66dcd", "opinion_id": "edaeb0a8-5359-44fb-9aab-99cca348c0e0", "paragraph_id": "d5ba90fe-c828-4773-be7a-a75134a0f8c8", "position": 1, "text": "Section 4e(a)(A) forbids transactions which are “of the character of” accommodation trades, and it is quite apparent that the Commission equated the terms “tantamount to” and “of the character of”.", "label": "potential value"}, "f8cee115-a1d6-4d4d-a40d-6b3eaf7e5581": {"case_id": "485a8c32-c335-4c2b-8868-75d340d66dcd", "opinion_id": "edaeb0a8-5359-44fb-9aab-99cca348c0e0", "paragraph_id": "d808a1e6-da23-40fb-8d4d-49ebc35db224", "position": 1, "text": "The Commission defines “accommodation trading” as “[w]ash trading entered into by a trader, usually to assist another with illegal trades” and defines “wash trading” in turn as “[ejntering into, or purporting to enter into, transactions to give the appearance that purchases or sales ... have been made, usually not resulting in a change in the traders’ market position.”", "label": "high value"}, "83430929-f690-40ef-955c-4b85c1336e01": {"case_id": "485a8c32-c335-4c2b-8868-75d340d66dcd", "opinion_id": "edaeb0a8-5359-44fb-9aab-99cca348c0e0", "paragraph_id": "3014f2b4-e1f7-44f1-8dc0-09100d6f7bb8", "position": 0, "text": "There is no unconstitutional ambiguity in identifying an accommodation trade in these terms.", "label": "potential value"}, "ff3200f2-05a4-4357-859d-752c16497307": {"case_id": "628fc08a-95ea-4e37-a83d-753638439ce7", "opinion_id": "235faf83-35af-4f95-aad2-8df379bd72b7", "paragraph_id": "c93260d8-482a-4679-982b-70fa31d0e427", "position": 0, "text": "Section 4c provides that it shall be “unlawful for any person to offer to enter into, enter into, or confirm the execution of, any transaction involving any commodity, which is or may be used for (1) hedging any transaction in interstate commerce in such commodity or the .products or byproducts thereof, or (2) determining the price basis of any such transaction in interstate commerce in such commodity, or (3) delivering any such commodity sold, shipped, or received in interstate commerce for the fulfillment thereof—\n“(A) if such transaction is, is of the character of, or is commonly known to the trade as, a ‘wash sale,’ ‘cross trade,’ or ‘accommodation trade,’ or is a fictitious sale;\n“(B) if such transaction is, is of the character of, or is commonly known to the trade as, a ‘privilege,’ ‘indemnity,’ ‘bid,’ ‘offer,’ ‘put,’ ‘call,’ ‘advance guaranty,’ or ‘decline guaranty,’ or\n“(C) if such transaction is used to cause any price to.be reported, registered, or recorded which is not a true and bona fide price.”", "label": "potential value"}, "31c119fc-f82f-4752-8b4f-aaf32a31c957": {"case_id": "4779a742-da3b-4bd1-a63a-9e8a0291f6cf", "opinion_id": "cbc29a45-f0ba-46e2-893f-cd1c14ac11bf", "paragraph_id": "f90c2c23-8177-493d-b6f4-5ed56722b1b6", "position": 2, "text": "It shall be unlawful for any person to offer to enter into, enter into, or confirm the execution of, any transaction involving any commodity, which is or may be used for (1) hedging any transaction in interstate commerce in such commodity or the products or byproducts thereof, or (2) determining the price basis of any such transaction in interstate commerce in such commodity, or (3) delivering any such commodity sold, shipped, or received in interstate commerce for the fulfillment thereof — (A) if such transaction is, is of the character of, or is commonly known to the trade as, a ‘wash sale,’ ‘cross trade,’ or ‘accommodation trade,’ or is a fictitious sale; (B) if such transaction is, is of the character of, or is commonly known to the trade as, a ‘privilege,’ ‘indemnity,’ ‘bid,’ ‘offer,’ ‘put,’ ‘call,’ ‘advance guaranty,’ or ‘decline guaranty,’ or (0) if such transaction is used to cause any price to be reported, registered, or recorded which is not a true and bona fide price.”", "label": "potential value"}, "c700b474-5cc0-4685-b883-27c47da530ec": {"case_id": "73a740a8-72b0-4fe8-bd15-f66932ed07fc", "opinion_id": "7f5ffb5d-fb13-4ef0-9df6-59cfbffe3c39", "paragraph_id": "8ebd9cdb-a66e-4979-8bdc-5b03cb57b1df", "position": 2, "text": "Profitable trades were placed in Sanders’ account through non-competitive accommodation trades while unprofitable trades could not be traced to Sanders because of the unauthorized traders’ disguises and false identities.", "label": "potential value"}, "a3f62384-41f6-41c0-b318-9eddd95dfba0": {"case_id": "b5c2cc8f-acf1-4758-9b37-aa750463d139", "opinion_id": "a75efcd5-b9f4-42ba-8bb2-008381680396", "paragraph_id": "71c9ca11-21f4-42c8-ab48-d2f3e1ae3386", "position": 2, "text": "A preliminary injunction issued July 16, 1976, restraining appellant from violating section 4b of the Act by cheating or attempting to cheat a customer by making false reports or engaging in offsetting trades with a customer; from engaging in “wash” or accommodation trades; from holding himself out to the public as a commodity trading advisor without being registered pursuant to section 4m of the Act; from taking the offsetting position from that of customers of AITC and engaging in fictitious trades involving the accounts of AITC customers while acting as a commodity trading advisor to AITC, in violation of section 4o of the Act.", "label": "potential value"}, "a6dda8bf-a33c-442d-9fad-9c42f09765eb": {"case_id": "b5c2cc8f-acf1-4758-9b37-aa750463d139", "opinion_id": "a75efcd5-b9f4-42ba-8bb2-008381680396", "paragraph_id": "4f5a5981-6fb5-47b4-9906-21bd456053ff", "position": 3, "text": "His affidavit denies: (1) an intent to enter into prearranged accommodation trades; (2) knowledge that he entered into trades away from the market price; and (3) an intent to serve as an intermediary to shift funds between accounts of AITC customers.", "label": "potential value"}, "03b2f37b-7fe4-4640-85c2-52743730a1e1": {"case_id": "b5c2cc8f-acf1-4758-9b37-aa750463d139", "opinion_id": "a75efcd5-b9f4-42ba-8bb2-008381680396", "paragraph_id": "f33b0058-7324-47b9-990b-65798da1c814", "position": 0, "text": "Section 4c of the Act prohibits “wash trading,” “cross trading,” “accommodation trading,” or fictitious sales or using a transaction to cause a false price to be reported.", "label": "potential value"}, "4fe03e62-f04c-41c8-ab2d-e2d50aab6225": {"case_id": "b5c2cc8f-acf1-4758-9b37-aa750463d139", "opinion_id": "a75efcd5-b9f4-42ba-8bb2-008381680396", "paragraph_id": "d855bbe5-7ee7-4ba6-a2f8-e7cba2090474", "position": 3, "text": "If such transaction is, is of the character of, or is commonly known to the trade as, a “wash sale,” “cross trade,” or “accommodation trade,” or is a fictitious sale;\n(B)", "label": "no value"}, "ddf448b3-311a-49d5-a23c-3a50fcd8e5d2": {"case_id": "b5c2cc8f-acf1-4758-9b37-aa750463d139", "opinion_id": "a75efcd5-b9f4-42ba-8bb2-008381680396", "paragraph_id": "4e87ae3b-35ad-419d-8876-4b93f90e45d8", "position": 1, "text": "See Commodity Exchange Authority, Memorandum on Definitions of Certain Trade Practices Prohibited by the Commodity Exchange Act, May 25, 1966 which defines: (a) “wash trading” as “entering into or purporting to enter into transactions, for the purpose of giving the appearance that purchases and sales are being or have been made but without actually taking a position in the market”; (b) “cross trading” as “indirectly bucketing a customer’s order, or indirectly offsetting the buying order of one customer against the selling order of another customer, or wash trading by means of transactions with another floor broker who is engaged in a similar type of trading”; and (c) “accommodation trading” as “wash trading entered into by one broker to assist another broker to make cross trades, wash trades, . . .”", "label": "high value"}, "6aebbd1e-f342-4a27-a1c1-1d124ee14f33": {"case_id": "e1b894e7-d61a-44ed-9bb8-d4f7bdc802bb", "opinion_id": "fc3d6898-efab-4a0e-8135-055b0e0beb74", "paragraph_id": "f054ed9b-94a0-44a4-9330-c0540ddf7398", "position": 1, "text": "It raises the question of whether or not certain transactions known in the parlance of the Board of Trade as “accommodation trades” or “position loans” are sales, agreements of sale, or agreements to sell, and as such, subject to the excise tax levied under section 800, et seq., Schedule A (4) of the Revenue Act of 1926, 44 Stat. 101, 26 U.S. C.A. § 901 (4), now 26 U.S.C.A. §§ 903, 921(b) (2), and § 900 note.", "label": "potential value"}, "8eb29eb2-906b-4e12-a9cf-591d0683b9f3": {"case_id": "e1b894e7-d61a-44ed-9bb8-d4f7bdc802bb", "opinion_id": "fc3d6898-efab-4a0e-8135-055b0e0beb74", "paragraph_id": "eade8a68-7fae-4a15-bd5c-c15bc31bb445", "position": 6, "text": "To avoid this requirement, trading members have devised a system of so-called accommodation trades or position loans.", "label": "certain value"}, "265abc5e-0c8a-479c-895e-2ab73fa87495": {"case_id": "e1b894e7-d61a-44ed-9bb8-d4f7bdc802bb", "opinion_id": "fc3d6898-efab-4a0e-8135-055b0e0beb74", "paragraph_id": "eade8a68-7fae-4a15-bd5c-c15bc31bb445", "position": 7, "text": "Thus, a member having a short position of, say, 2,000,000 bushels, will accommodate a member having a short position of 10,000,000, by permitting the latter to transfer temporarily to him part of his contracts, with the understanding that the transferor is to retain all the benefits or burdens of the contracts which are to be transferred back to the original contracting party upon demand of either party to the accommodation trade.", "label": "potential value"}, "6c18c860-0ce5-4dbd-a7f5-f7f0bae0b339": {"case_id": "e1b894e7-d61a-44ed-9bb8-d4f7bdc802bb", "opinion_id": "fc3d6898-efab-4a0e-8135-055b0e0beb74", "paragraph_id": "5f5915bb-1733-4aa7-b89e-f3660e8f2f45", "position": 9, "text": "The loan and the return of the position were reported respectively by appellee and the Continental Company as accommodation trades to the Grain Futures Administration of the Department of Agriculture in the daily reports which were required by law to be made to that Department.", "label": "certain value"}, "d16e3eff-7fe1-4984-b992-52b5b4b7ca3b": {"case_id": "e1b894e7-d61a-44ed-9bb8-d4f7bdc802bb", "opinion_id": "fc3d6898-efab-4a0e-8135-055b0e0beb74", "paragraph_id": "0fc49a0f-73fd-4378-8ef1-07865fbc30bb", "position": 0, "text": "In support <jf its contention that the acts here involved constituted no sale, agreement of sale or agreement to sell, appellee submitted as exhibits a series of specimen records of the two types of transactions, the regular sale, and the accommodation trade.", "label": "potential value"}, "5f24ada7-2526-494b-a243-313299712bc1": {"case_id": "f5807ad4-ec70-4ad8-80ce-375e95fe01bd", "opinion_id": "a565f749-11ff-42e9-936a-0c3c469764f7", "paragraph_id": "9c08d112-03e5-4b4d-ace4-3d75c2ac1207", "position": 1, "text": "It shall be unlawful for any person to offer to enter into, enter into, or confirm the execution of, any transaction involving any commodity, which is or may be used for (1) hedging any transaction in interstate commerce in such commodity or the products or by-products thereof, or (2) determining the price basis of any such transaction in interstate commerce in such commodity, or (3) delivering any such commodity sold, shipped, or received in interstate commerce for the fulfillment thereof—\n(A) if such transaction is, is of the character of, or is commonly known to the trade as, a “wash sale,” “cross trade,” or “accommodation trade,” or is a fictitious sale;\n(B) if such transaction involves any commodity specifically set forth in section 2 of this title, prior to October 23, 1974, and if such transaction is of the character of, or is commonly known to the trade as, an “option”, “privilege”, “indemnity”, “bid”, “offer”, “put”, “call”, “advance guaranty”, or “decline guaranty”, or\n(C) if such transaction is used to cause any price to be reported, registered or recorded which is not a true and bona fide price.", "label": "potential value"}, "16f69316-b38f-4425-bded-a706433f361d": {"case_id": "163ab6ab-7625-460d-8e79-294fc8ef7085", "opinion_id": "a3e83657-686d-4d53-b97e-26ba301f7fb2", "paragraph_id": "f01caa59-6653-45d8-b8f9-6cb806ed62e0", "position": 0, "text": "Petitioner’s broker, Mr. Buckwalter, was charged by the CFTC and ultimately was found to have violated 7 U.S.C. sec. 6c(a) and 17 C.F.R. sec. 1.38 by executing trades that were wash sales and accommodation trades and by causing non-bona fide prices to be reported to the NYMEX.", "label": "potential value"}, "490868ee-65d2-4695-b33b-596dca3551af": {"case_id": "163ab6ab-7625-460d-8e79-294fc8ef7085", "opinion_id": "a3e83657-686d-4d53-b97e-26ba301f7fb2", "paragraph_id": "99ecef0d-0665-4edc-89fa-e1fa506514a0", "position": 1, "text": "Mr. Buckwalter ultimately was found to have violated that provision of law, as well as CFTC regulation 1.38 (17 C.F.R. sec. 1.38 (1977)), by executing wash sales and accommodation trades and causing the reporting of prices which were not true and bona fide.", "label": "potential value"}, "ded178ec-832b-46a6-aea3-6c5d284cf731": {"case_id": "163ab6ab-7625-460d-8e79-294fc8ef7085", "opinion_id": "a3e83657-686d-4d53-b97e-26ba301f7fb2", "paragraph_id": "c6704e62-947d-450e-8fc3-7c305d960b74", "position": 2, "text": "First, however, we must ascertain the meaning of the terms “accommodation trades” and “wash sales” in the context of commodities futures law.", "label": "potential value"}, "8c24c266-7b84-4e02-bd7d-e38cc9cb6435": {"case_id": "163ab6ab-7625-460d-8e79-294fc8ef7085", "opinion_id": "a3e83657-686d-4d53-b97e-26ba301f7fb2", "paragraph_id": "c6704e62-947d-450e-8fc3-7c305d960b74", "position": 3, "text": "For purposes of commodities law, “accommodation trading” is defined as wash trading entered into by a trader, usually to assist another with illegal trades, and “wash trading” is defined as entering into, or purporting to enter into, transactions to give the appearance that purchases or sales have been made, usually without a change in the trader’s market position.", "label": "high value"}, "b1baa858-f946-4a65-bcfb-fb1e0d6d41c9": {"case_id": "163ab6ab-7625-460d-8e79-294fc8ef7085", "opinion_id": "a3e83657-686d-4d53-b97e-26ba301f7fb2", "paragraph_id": "c9aa6fe6-3188-48be-9898-b11a904f49ad", "position": 0, "text": "Petitioner has introduced no evidence whatsoever to indicate that his 1977 and 1978 spread transactions would not fit under the foregoing descriptions of wash trades and accommodation trades.", "label": "potential value"}, "d5ffce27-71ba-4c23-b2eb-bab6805c4ff7": {"case_id": "163ab6ab-7625-460d-8e79-294fc8ef7085", "opinion_id": "a3e83657-686d-4d53-b97e-26ba301f7fb2", "paragraph_id": "34fb67d7-b6fb-448b-9747-456f77636e68", "position": 5, "text": "In fact, the exact equality of all gains and losses, the thinness of the silver coin and 400-ounce gold markets, and the absence of split fills, when taken together, indicate that the 1977 and 1978 spreads were wash sales or accommodation trades in violation of the rules of the NYMEX.", "label": "potential value"}, "14dd41eb-a74a-4c32-beb1-21639c6030dd": {"case_id": "163ab6ab-7625-460d-8e79-294fc8ef7085", "opinion_id": "a3e83657-686d-4d53-b97e-26ba301f7fb2", "paragraph_id": "ab26ccd9-8bc2-4ca5-9b0c-1df478f8b399", "position": 2, "text": "Those transactions were held in an account with Chartered New England Corp., not Rosenberg Commodities, and there is no evidence whatsoever that the floor broker for those 1976 spreads was Mr. Buckwalter or any other broker sanctioned by the CFTC; (2) none of the prearranged transactions at issue in the Buckwalter case took place before July 5, 1977, i.e., several months after petitioner’s 1976 spreads were completed; and (3) the record contains no evidence whatsoever to indicate that petitioner’s 1976 spreads were wash trades, accommodation trades, or any other sorts of trades which were not bona fide, competitive, market trades.", "label": "potential value"}, "a5feba88-711f-4cad-958c-9a2fd060aa58": {"case_id": "163ab6ab-7625-460d-8e79-294fc8ef7085", "opinion_id": "a3e83657-686d-4d53-b97e-26ba301f7fb2", "paragraph_id": "168d06f3-6d67-46ba-905c-47d1c30f793c", "position": 2, "text": "It shall be unlawful for any person to offer to enter into, enter into, or confirm the execution of, any transaction involving any commodity, which is or may be used for (1) hedging any transaction in interstate commerce in such commodity or the products or by-products thereof, or (2) determining the price basis for any such transaction in interstate commerce in such commodity, or (3) delivering any such commodity sold, shipped, or received in interstate commerce for the fulfillment thereof—\n(A) if such transaction is, is of the character of, or is commonly known to the trade as, a “wash sale,” “cross trade,” or “accommodation trade,” or is a fictitious sale;\n(B) if such transaction involves any commodity specifically set forth in section 2 of this title, prior to October 23, 1974, and if such transaction is of the character of, or is commonly known to the trade as, an “option,” “privilege,” “indemnity,” “bid,” “offer,” “put,” “call,” “advance guaranty,” or “decline guaranty,” or\n(C) if such transaction is used to cause any price to be reported, registered, or recorded which is not a true and bona fide price.", "label": "potential value"}, "a2decc7b-fe83-4dc5-92bd-23876de1dbd2": {"case_id": "163ab6ab-7625-460d-8e79-294fc8ef7085", "opinion_id": "a3e83657-686d-4d53-b97e-26ba301f7fb2", "paragraph_id": "b98a0947-e0ba-46d9-9aa2-3f78a6b8f0eb", "position": 0, "text": "The rules of the NYMEX, as well as the provisions of the Commodity Exchange Act, prohibit wash trading, accommodation trading, and causing prices to be reported which are not true and bona fide.", "label": "potential value"}, "a72690af-55d8-4f86-a61a-78b681577096": {"case_id": "edb9048b-fc06-4c6c-ab48-b2cc81fe920a", "opinion_id": "ae45a603-22de-4cf4-a88a-81838468ca64", "paragraph_id": "cc776f37-91a7-401c-bbed-a037ed74e8ad", "position": 0, "text": "After a three-month jury trial, Ryan was convicted of 1) entering into a prearranged accommodation trade in violation of § 4c(a)(A) of the Act, 7 U.S.C. § 6e(a)(3)(A); 2) aiding and abetting another trader in offsetting orders in violation of § 4d(D) of the Act, 7 U.S.C. § 6b(l)(D); 3) filling customer orders by offset in violation of § 4d(D) of the Act, 7 U.S.C. § 6b(1)(D); and 4) entering a false trading record in violation of § 4b(B) of the Act, 7 U.S.C. § 6b(1)(B).", "label": "certain value"}, "4638fcec-0ade-4c5b-9cc6-19b6ab0199c8": {"case_id": "edb9048b-fc06-4c6c-ab48-b2cc81fe920a", "opinion_id": "ae45a603-22de-4cf4-a88a-81838468ca64", "paragraph_id": "bff03876-f046-498f-a040-99a028c5660a", "position": 4, "text": "This fact together with the Commission’s perception that Ryan’s felony convictions were aggravated by a pattern of related illegal conduct of accommodation trades, curb trading, and felony wire fraud convinced the Commission that Ryan failed to overcome the presumption that his continued access to Commission-regulated markets would pose a threat to their integrity.", "label": "potential value"}, "08037857-9c3e-45a0-a46e-6256004ea058": {"case_id": "762db66a-3fdd-4bfb-86b6-68c7e94caf9a", "opinion_id": "b634b53d-3514-4d67-9b7f-8d940fea7a0c", "paragraph_id": "f7b3e3e5-d0a1-481b-bbf6-d76259025c40", "position": 0, "text": "(A) if such transaction is, is of the character of, or is commonly known to the trade as, a \"wash sale,\" \"cross trade,” or \"accommodation trade,” or is a fictitious sale; or\n(B) if such transaction is used to cause any price to be reported, registered, or recorded which is not a true and bona fide price.", "label": "potential value"}, "58585a7b-9285-4365-9493-37988df984f6": {"case_id": "9a678ffc-239a-4e9d-bb73-a7b6a631aa93", "opinion_id": "501854f6-ddb3-44b9-9656-b55f3bf70b89", "paragraph_id": "4ce4a366-ea1f-4e75-9279-13d1cf4feb47", "position": 0, "text": "This appeal presents the same question presented to this court in the case, United States v. Uhlmann Grain Co., 84 F.2d 901, namely, the taxability or non-taxability under section 800 et seq. of Schedule A(4), Tit. 8, of the Revenue Act of 1926, 44 Stat. 102, 26 U.S.C.A. §§ 903, 921(b)(2), of a series of transactions known on the Chicago Board of Trade where they occurred, as accommodation trades or position loans.", "label": "potential value"}, "8f8480aa-5456-44a0-ab38-4472f68dfde9": {"case_id": "6b3cf783-ed92-46bc-8686-bb81541ec508", "opinion_id": "de790786-5d66-49d2-9cd2-a5d3f4823e15", "paragraph_id": "a3c0b070-b9cd-47fd-b76a-7023c477a0d5", "position": 1, "text": "Among other things, these provisions make it ■ unlawful to: (1) \"cheat or defraud or attempt to cheat or defraud\" a customer, (§ 6b(a)); (2) \"become the buyer in respect to any selling order of [a customer], or become the seller in respect to any buying order of [a customer]\" without the customer's prior consent, (§ 6b(D)); (3) enter into a transaction that is known as a \" 'wash sale,' 'cross-trade,' or ‘accommodation trade,' or is a fictitious sale,” (§ 6c(a)(A)); or (4) to engage in a transaction that \"is used to cause any price to be reported, registered, or recorded which is not a true and bona fide price,” (§ 6c(a)(B)).", "label": "potential value"}, "e2c08967-ff12-4bcf-a692-e122f0a4e668": {"case_id": "2ece9de6-3aca-4b2c-8812-ab84f744f528", "opinion_id": "64535d6c-6cd7-45ec-afcf-1a6619d10cff", "paragraph_id": "a60befdc-2271-41b0-9258-cd398463fbbb", "position": 0, "text": "Defendants, in connection with the sale of commodities futures contracts in contravention of Section 4c of the Commodity Exchange Act, by use of the means and instrumentalities of interstate commerce and the exchanges, participated in, aided and abetted and conspired among themselves (a) to unlawfully enter into or report transactions, commodity [sic] known to the trade as a “wash sale,” “cross trade,” or “accommodation trade,” or a fictitious sale, and (b) to enter into and to report falsely transactions at prices which were not true and bona fide prices.", "label": "potential value"}}