{"4aa63104-f93d-491e-a369-012a86d07437": {"case_id": "66150c16-76f8-4959-aa2f-d991369254a8", "opinion_id": "870f9a0d-f4ee-4aec-a6c9-4996704d839a", "paragraph_id": "6f358227-3079-42b3-8590-5a005a7fe7a3", "position": 0, "text": "The evidence of record establishes that the appellant’s marriage to another active duty soldier was one of convenience intended to enhance the financial situation of both spouses, i.e., enabling them to qualify for Basic Allowance for Quarters and Basic Allowance for Subsistence.", "label": "potential value"}, "3faed9c7-9c6d-4629-8adc-2798e67d91a0": {"case_id": "a1db99d8-094d-49a7-aedd-44a1b3d9ad79", "opinion_id": "8fb7766d-c477-4cba-80a8-507a729176c3", "paragraph_id": "aca9da59-0f7f-4e6a-abc9-2cf96a90cca3", "position": 2, "text": "She is awarded $888,281.65 in base pay, $20,602.33 in cost of living allowance, $320,135.40 in basic allowance for housing, $28,301.72 in basic allowance for subsistence, $26,493.76 in specialty pay, $25,765.50 for medical expenses, $13,261.02 for dental expenses, and $808.10 in unpaid annual leave.", "label": "potential value"}, "83fd3ae4-ede2-4f78-8aba-b2bb274aa120": {"case_id": "a1db99d8-094d-49a7-aedd-44a1b3d9ad79", "opinion_id": "8fb7766d-c477-4cba-80a8-507a729176c3", "paragraph_id": "62fc9dfd-71e9-4ff5-9c55-15af004fee4e", "position": 1, "text": "The Board's calculations reflected $888,281.65 for back pay owed, $20,602.33 for a cost of living allowance, $320,135.40 for basic allowance for housing, and $28,301.72 for basic allowance for subsistence.", "label": "potential value"}, "50ab8e7c-4127-465b-aeae-999f206493a0": {"case_id": "d20735e8-e4b4-4b87-9f07-39c8717b3dc2", "opinion_id": "916e498b-d64d-49a6-bf90-964e6db05520", "paragraph_id": "ca6a9017-a0ff-4ba7-a213-d5568a866f89", "position": 1, "text": "Title 37 U.S.C.A. § 251, provides that “Officers shall, at all times, be entitled to receive a basic allowance for subsistence on a monthly basis.”", "label": "certain value"}, "1956b72e-01be-4ffb-973b-00d0ae06b362": {"case_id": "26a3c0b9-69f4-430e-af52-b782962cf70b", "opinion_id": "8e790ec0-306f-41b0-8739-4b9053eb5155", "paragraph_id": "896fa6ed-0800-444a-ad05-990e0d7d5c10", "position": 0, "text": "Except as otherwise provided in this section or by any other provision of law, each member of the uniformed services entitled to receive basic pay shall be entitled to receive a basic allowance for subsistence in such amount and under such circumstances as are provided in this section.", "label": "certain value"}, "013b025b-8cb2-435d-ad2d-da9d8efd0af1": {"case_id": "26a3c0b9-69f4-430e-af52-b782962cf70b", "opinion_id": "8e790ec0-306f-41b0-8739-4b9053eb5155", "paragraph_id": "896fa6ed-0800-444a-ad05-990e0d7d5c10", "position": 1, "text": "* * * Officers shall, at all times, be entitled to receive a basic allowance for subsistence on a monthly basis.", "label": "certain value"}, "847d64dd-a08d-4d8d-b84e-71f4c56fd302": {"case_id": "00b7d090-3975-4641-9aaa-f5288220a72a", "opinion_id": "7fa3a63b-c0ff-4a88-9bef-a7633c192c68", "paragraph_id": "772aa037-2d85-47cf-8e96-430864788c18", "position": 0, "text": "“Except as otherwise provided in this section or by any other provisions of law, each member of the uniformed services entitled to receive basic pay shall be entitled to receive a basic allowance for subsistence in such amount and under such circumstances as are provided in this section.", "label": "certain value"}, "8d949ba4-2b92-4333-88cd-de74589101c8": {"case_id": "00b7d090-3975-4641-9aaa-f5288220a72a", "opinion_id": "7fa3a63b-c0ff-4a88-9bef-a7633c192c68", "paragraph_id": "772aa037-2d85-47cf-8e96-430864788c18", "position": 1, "text": "* * * Officers shall, at all times, be entitled to receive a basic allowance for subsistence on a monthly basis.", "label": "certain value"}, "0b0f501b-588d-4ba2-a474-4642f802b481": {"case_id": "9222c6a6-d2e0-460d-9277-b3bd87c250ba", "opinion_id": "340c2ad3-1c02-477f-999e-e87d9baef856", "paragraph_id": "c2eda114-8cea-4e76-8d7a-fd6815caa48e", "position": 1, "text": "Officers entitled to “basic pay” are entitled to a basic allowance for subsistence, in lieu of the provision of meals in kind, and a basic allowance for quarters, unless quarters provided by the military are occupied by the officer.", "label": "certain value"}, "3fd34ee0-f0df-4863-b5e5-839622ac2fda": {"case_id": "9222c6a6-d2e0-460d-9277-b3bd87c250ba", "opinion_id": "340c2ad3-1c02-477f-999e-e87d9baef856", "paragraph_id": "d7f192bf-d72f-41af-9264-a74facde3717", "position": 7, "text": "However, Congress has in other statutes recognized the nontaxable nature of the basic allowance for quarters and the basic allowance for subsistence received pursuant to 37 U.S.C. secs. 402-403 (1976); in computing the “regular compensation” of a member of the uniformed services, 37 U.S.C. sec. 101(25) (1976) requires that the “Federal tax advantage” from the nontaxable character of such allowances be taken into account.", "label": "high value"}, "aab64b4e-aa65-4635-8efa-ea325bb0f3cb": {"case_id": "2924d251-ef32-4aef-98d4-9118100cde78", "opinion_id": "ec279cfa-c1dc-4bab-8c67-9cf4b98e9536", "paragraph_id": "8bd4e452-db0b-450b-b8bb-04bba2460eaa", "position": 1, "text": "Statutory Provisions\n# # * # %\nd. Members of the Air Force who are entitled to receive a basic allowance for subsistence pursuant to this part shall be entitled to receive the following amounts: Officers: $47.88 per month.", "label": "certain value"}, "c27206ec-0fc9-4f8b-95fd-2070242e709a": {"case_id": "2924d251-ef32-4aef-98d4-9118100cde78", "opinion_id": "ec279cfa-c1dc-4bab-8c67-9cf4b98e9536", "paragraph_id": "00cdfb20-6f8b-47ed-92e9-df1fb33ace79", "position": 3, "text": "Commissioned or warrant officers are entitled at all times to_ receive basic allowance for subsistence * * * Commissioned or warrant officers will not be deprived of this basic allowance for subsistence because of conditions described below:", "label": "certain value"}, "0bb684aa-2d25-4392-b678-3c3049404ff6": {"case_id": "7f1c9545-300c-4c7f-bbf2-193eb2708c27", "opinion_id": "5d38a950-2eb8-424f-a27f-8d9d7ea44394", "paragraph_id": "63fbf7b4-fd2c-466a-843e-bcc740678f42", "position": 1, "text": "This included base pay, basic allowance for quarters, and basic allowance for subsistence, as well as reimbursement for the government quarters and travel expenses.", "label": "potential value"}, "5537336d-261e-4c42-a732-38784c746221": {"case_id": "49875567-d0a4-4620-8c98-516ed254e622", "opinion_id": "e65d19f2-a45d-4ec1-8699-555a0d222193", "paragraph_id": "e20ae84d-f784-4802-ba88-3e831c4044e8", "position": 2, "text": "Mr. Barna, wrongly, has been denied $286,533.79 for basic monthly pay, basic allowance for subsistence, and basic allowance for housing at the rank of Staff Sei’geant, which he is entitled to under 37 U.S.C. §§ 204, 402 and 403 (2012); (3)", "label": "certain value"}, "ece4d92f-a928-4127-be82-aec76d17476a": {"case_id": "ffc704b9-2cfb-4092-bacb-e24c6c78cc04", "opinion_id": "4f0ba4ba-8525-4dca-8d9d-751993ed46be", "paragraph_id": "449b402f-92e7-414d-a9b9-3d05a3252c0b", "position": 5, "text": "Consequently, the Claims Court held that Dehne was entitled to basic pay and the Basic Allowance for Subsistence for the five years of constructive service the Air Force Board had credited to his record in addition to the pay differential entitlement the Air Force had previously offered Dehne.", "label": "potential value"}, "609b8ef4-37bc-49f0-8815-bfb8544d3a09": {"case_id": "b1e57225-6433-4353-ade1-37299ee795a0", "opinion_id": "51f8d4ed-2de2-445d-9011-50253814b34b", "paragraph_id": "2a602618-1289-4a54-8f96-1b55b1c1d571", "position": 3, "text": "See 37 U.S.C. § 301a(a)(l) (1994) (“a member of a uniformed service who is entitled to basic pay is also entitled to aviation career incentive pay____”); id. § 402(a) (1994 & Supp. IV 1998) (same; basic allowance for subsistence); id. § 403(a)(1) (1994 & Supp. IV 1998) (same; basic allowance for housing); id. § 403a(a)(l) (1994) (\"a member of a uniformed service entitled to basic allowance for quarters is entitled to ____)”, repealed, National Defense Authorization Act for Fiscal Year 1998, Pub. L. No. 105-85, § 603(c)(1), 111 Stat. 1629, 1781 (1997).", "label": "potential value"}, "43a598f1-a92b-43d2-83d3-a252fd09eb27": {"case_id": "03766ee1-8844-4a62-86bd-11d354206d1c", "opinion_id": "799b5cd9-b4ca-4e62-a2ab-ec7d2d8c69e3", "paragraph_id": "a5517cfc-4c36-452b-a110-bcab275132e3", "position": 1, "text": "The overpayment was based on the following elements: Base Pay, Basic Allowance for Quarters, and Basic Allowance for Subsistence.", "label": "potential value"}, "274c996e-d1d9-4f48-b8a1-d035bf2969f7": {"case_id": "100bea42-ee50-4358-9918-4f966ba3f560", "opinion_id": "6717b65a-34e7-4821-b727-42a0ddddf45a", "paragraph_id": "b21ac0ab-4bf6-42da-9471-588695fb8d73", "position": 1, "text": "Plaintiff is entitled to the correction of his military records to reflect active duty from September 30,1983 to October 31, 1985, and is entitled to back payment for that period of time, including basic pay, basic allowance for quarters at the with dependents rate, basic allowance for subsistence, the variable housing allowance, and annual leave pay, all at appropriate rates applicable to the location where the plaintiff was assigned to duty prior to his improper release.", "label": "potential value"}, "5290c201-b279-4f5a-9194-be590a0db274": {"case_id": "c56d7ab2-810d-4cea-badc-945bf5b33973", "opinion_id": "6a31999f-48a3-4ffa-8767-e7d72ddf222b", "paragraph_id": "51b99919-c5a2-4ab3-ac75-0bb39051e6e9", "position": 3, "text": "As part of these so-called work day entitlements, plaintiff claims eligibility for Basic Allowance for Subsistence (BAS) and Basic Allowance for Quarters (BAQ).", "label": "certain value"}, "c1ab593b-9d08-4497-85e6-2cebc15376a4": {"case_id": "c56d7ab2-810d-4cea-badc-945bf5b33973", "opinion_id": "6a31999f-48a3-4ffa-8767-e7d72ddf222b", "paragraph_id": "e17caa79-a17f-4944-8371-2e8747aae1e5", "position": 0, "text": "Chapter 13 (Basic Allowance for Subsistence (BAS))", "label": "no value"}, "9b37ae69-4ca3-4374-b63f-bc62955c8a09": {"case_id": "4f169d51-65a6-49c9-b1e3-f1cd227df1e3", "opinion_id": "d7c37cfd-c580-4bf9-ab17-138384fbdf8f", "paragraph_id": "27e9fe4d-9438-4aa1-9b3b-fb3280628996", "position": 1, "text": "Basic allowance for subsistence pursuant to 37 U.S.C. § 402 (1982).", "label": "potential value"}, "f424d811-6f27-4e85-ab33-8f8646d786ec": {"case_id": "4f169d51-65a6-49c9-b1e3-f1cd227df1e3", "opinion_id": "d7c37cfd-c580-4bf9-ab17-138384fbdf8f", "paragraph_id": "89371f84-c0f2-4112-a8e8-65a31280997c", "position": 0, "text": "Officers’ direct compensation includes basic pay, basic allowance for quarters, basic allowance for subsistence, and housing allowance.", "label": "certain value"}, "5b3ac6a9-64e2-4379-997a-773fc3cbbb0c": {"case_id": "4f169d51-65a6-49c9-b1e3-f1cd227df1e3", "opinion_id": "d7c37cfd-c580-4bf9-ab17-138384fbdf8f", "paragraph_id": "b389e7b2-f51a-4205-b5ba-59ba9ca6bda7", "position": 4, "text": "Other than the amounts for basic pay, basic allowance for quarters, basic allowance for subsistence, and variable housing allowance, the amounts claimed by plaintiff listed on the “Personal Statement of Military Compensation,” however, fall far short of this standard.", "label": "potential value"}, "7617772b-91f4-4ed6-93ca-ac79aba53fd3": {"case_id": "4f169d51-65a6-49c9-b1e3-f1cd227df1e3", "opinion_id": "d7c37cfd-c580-4bf9-ab17-138384fbdf8f", "paragraph_id": "d15ce2d7-02e3-497b-90d8-f7b301673a83", "position": 0, "text": "Having concluded that the plaintiff should receive constructive, active duty, basic, back pay for the period October 1,1983 through October 31,1985, the parties agree that, once the proper REFRAD date is determined, the plaintiff is entitled to: (1) a basic allowance for quarters at the with dependant's rate, pursuant to 37 U.S.C. § 403 (1982); (2) a basic allowance for subsistence, pursuant to 37 U.S.C. § 402 (1982); and (3) a variable housing allowance, pursuant to 37 U.S.C. § 403a (1982).", "label": "potential value"}, "0ff1f32d-2257-4c8e-b5cb-b056e911b3fd": {"case_id": "4f169d51-65a6-49c9-b1e3-f1cd227df1e3", "opinion_id": "d7c37cfd-c580-4bf9-ab17-138384fbdf8f", "paragraph_id": "e44050d0-804b-4eaf-b713-28871909c500", "position": 1, "text": "Plaintiff is entitled to the correction of his military records to reflect active duty from September 30,1983 to October 31, 1985, and is entitled to back payment for that period of time, including basic pay, basic allowance for quarters at the with dependents rate, basic allowance for subsistence, the variable housing allowance, and annual leave pay, all at the appropriate rates applicable to the location where the plaintiff was assigned to duty prior to his improper release.", "label": "potential value"}, "25d1044e-200e-4578-860d-9cf943f3463e": {"case_id": "8fd153b3-6407-47b7-b7cb-429a2b84cdd3", "opinion_id": "9d8470d4-45bd-4e22-89cf-f69ff6eec6e5", "paragraph_id": "b916a6b1-d4ae-42e5-b236-a64de27d7c48", "position": 0, "text": "Generally, it is provided that each member of a uniformed service who is entitled to basic pay is entitled to a basic allowance for subsistence and for quarters, depending on rank and length of service.", "label": "certain value"}, "5acb45b1-3274-4cf0-9f51-3f148b443301": {"case_id": "8fd153b3-6407-47b7-b7cb-429a2b84cdd3", "opinion_id": "9d8470d4-45bd-4e22-89cf-f69ff6eec6e5", "paragraph_id": "4121a252-8586-40ec-b0f0-593550500c7b", "position": 0, "text": "¡The basic allowances for subsistence and quarters are granted by law independently of whether the member is required to travel and are entirely unrelated to expenses incurred in travel.", "label": "certain value"}, "5cb1d7d8-418b-4a59-a777-aaa1255d80d4": {"case_id": "8fd153b3-6407-47b7-b7cb-429a2b84cdd3", "opinion_id": "9d8470d4-45bd-4e22-89cf-f69ff6eec6e5", "paragraph_id": "4121a252-8586-40ec-b0f0-593550500c7b", "position": 1, "text": "In other words, the expenses incurred for travel, meals and lodging are not allocable to the basic allowances for subsistence and quarters and have no relation to the member’s statutory right to receive these basic allowances.", "label": "certain value"}, "0e9db295-d288-4e3a-907a-df2daf443f68": {"case_id": "8fd153b3-6407-47b7-b7cb-429a2b84cdd3", "opinion_id": "9d8470d4-45bd-4e22-89cf-f69ff6eec6e5", "paragraph_id": "3fb2fd50-1f96-407b-98b4-859bdeb70727", "position": 0, "text": "Rev. Rul. 63-64 lield that Rev. Rul. 55-572 is distinguishable notwithstanding the statement therein that the basic allowances for subsistence and quarters are granted by law independently of whether the member is required to travel and are entirely unrelated to expenses incurred in travel; that the expenses incurred for travel, meals, and lodging are not allocable to the basic allowances for subsistence and quarters and that such allowances are not considered as reimbursement for additional expenses incurred by reason of such travel.", "label": "certain value"}, "76c60b21-6a33-4a2a-b388-45c205321b82": {"case_id": "8fd153b3-6407-47b7-b7cb-429a2b84cdd3", "opinion_id": "9d8470d4-45bd-4e22-89cf-f69ff6eec6e5", "paragraph_id": "aad66a89-30ff-452a-9b16-78c0fda76952", "position": 1, "text": "Both those in the permanent military service and reservists, while on active military duty, receive the basic allowances for subsistence and quarters as a matter of law, and in both instances such allowances are excluded from gross income.", "label": "high value"}, "7324dd0f-cf81-43ab-a49f-cd5ef93e1be7": {"case_id": "8fd153b3-6407-47b7-b7cb-429a2b84cdd3", "opinion_id": "9d8470d4-45bd-4e22-89cf-f69ff6eec6e5", "paragraph_id": "a8f99e02-5ba4-48c6-92c8-67f51b6e7b2f", "position": 0, "text": "To allocate to or offset deductible travel expenses by the nontaxable basic allowances for subsistence and quarters would in effect be imposing a tax burden on such allowances.", "label": "certain value"}, "12d82d4c-e146-4302-9cd2-648eefb6b8c4": {"case_id": "8fd153b3-6407-47b7-b7cb-429a2b84cdd3", "opinion_id": "9d8470d4-45bd-4e22-89cf-f69ff6eec6e5", "paragraph_id": "a8f99e02-5ba4-48c6-92c8-67f51b6e7b2f", "position": 2, "text": "Accordingly, I would hold that respondent erred in his determination that petitioner’s lodging expenses are to be offset by his basic allowances for subsistence and quarters.", "label": "potential value"}, "b54ef70a-1734-4c8c-99f4-0b87a6b69ed9": {"case_id": "8fd153b3-6407-47b7-b7cb-429a2b84cdd3", "opinion_id": "9d8470d4-45bd-4e22-89cf-f69ff6eec6e5", "paragraph_id": "3115878a-522d-4ecc-8099-7abb6fbb8325", "position": 0, "text": "The basic allowances for subsistence and quarters are provided for in title 37 of the United States Code.", "label": "no value"}, "135cdd52-5195-4837-ba95-9544ef91da9b": {"case_id": "70dca513-6a21-4945-8b3e-e79b0f47c2da", "opinion_id": "e963f441-208f-45a6-96e0-b67daa792308", "paragraph_id": "f3a42c64-3937-442b-b276-7d5806cfe8eb", "position": 2, "text": "Citing the provisions of 5 U.S.C. § 5596 (addressing back pay due to unjustified personnel action) and 37 U.S.C. § 402 (governing basic allowance for subsistence), plaintiff claims that he is entitled to back pay and allowances from his discharge date of July 6, 2001 until the end of his enlistment period on July 24, 2002.", "label": "potential value"}, "caf04158-31b1-4099-ac57-427953205b60": {"case_id": "851985bc-9bf9-47ee-b47d-b6fb13c738b5", "opinion_id": "6e739b5e-2b35-46e8-b99b-6f7b8a74e751", "paragraph_id": "da75fc01-87a0-41c7-b851-9e6d59ec68fa", "position": 4, "text": "Furthermore, \"pay and allowances” can be defined as \" ‘regular compensation’ or ‘regular military compensation (RMC)’ [and] means the total of the following elements that a member of a uniformed service accrues or receives, directly or indirectly, in cash or in kind eveiy payday: basic pay, basic allowance for housing, basic allowance for subsistence; and [the] Federal tax advantage accruing to the aforementioned allowances because they are not subject to Federal income tax.”", "label": "potential value"}, "ac1e38ff-aaaf-479b-b754-e5c7567df4e8": {"case_id": "81e9ca82-6b70-42a5-80d0-b458df60dc78", "opinion_id": "c613faf4-bf90-4c54-b4a9-f14526c1860c", "paragraph_id": "a811e0a1-5022-48b4-86d4-19b089668d97", "position": 2, "text": "Additionally, she received base pay, basic allowance for quarters, and basic allowance for subsistence for 11 July 1999.", "label": "potential value"}, "6c1fcf31-e756-417b-8b9e-9f45c5dd089e": {"case_id": "a1ad12fd-b1fe-4144-9c9d-ed01ff80b2f6", "opinion_id": "eb30000c-36f0-4872-b5ee-30325a0edcc1", "paragraph_id": "46bab247-220b-492b-9219-5c5d9167a649", "position": 1, "text": "Basic allowance for subsistence:", "label": "no value"}, "e11be763-04a8-4453-b00b-afe9472d40b0": {"case_id": "09a8c8c6-f6d4-4178-b6de-6a01820e7984", "opinion_id": "8a97fc10-9688-45a6-b1bf-7ac41b38671e", "paragraph_id": "03cfa7a6-bfda-4eac-aa68-92e08179c627", "position": 0, "text": "Basic Allowance for Subsistence (BAS)", "label": "no value"}, "3dcf4b03-8a3e-43a2-86c1-2e7936d05463": {"case_id": "50694cf8-bb53-4c03-b6e6-e658605ea9f4", "opinion_id": "5282c2b6-ee47-4d35-93bc-c96618998391", "paragraph_id": "8841be02-9106-413a-a865-6ade5c2b5edf", "position": 0, "text": "While stationed in Germany, Holly received OHA in addition to basic pay (BP) under 37 U.S.C. § 204 (1988), and basic allowances for subsistence (BAS) and quarters (BAQ) under 37 U.S.C. §§ 402 and 403 (1988).", "label": "potential value"}, "b900fd94-78b3-4c19-9044-92e3e6162b6b": {"case_id": "4aac0415-5a91-4d78-b3b8-3183f9ca9bd7", "opinion_id": "fc200c8d-a4d2-4b34-8f79-267246d7c3f9", "paragraph_id": "9af42392-d8e0-4cbc-8ffe-c5c85898560c", "position": 2, "text": "Basic Allowance for Subsistence (BAS)\n(iv) Variable Housing Allowance (VHA)\n(v) Aviation Career Incentive Pay (ACIP)\n(vi) Aviation Officer Continuation Pay (AOCP)\n(vii)", "label": "potential value"}, "f545c4f7-25c8-406f-9014-14e1992b660d": {"case_id": "7ab4e546-a9b0-4d53-a075-f4448d2a3061", "opinion_id": "1badd04a-da44-4ccc-8896-54b800caa442", "paragraph_id": "f4ed44ef-2855-4377-95d8-254bb6778f45", "position": 0, "text": "In a bench trial, the military judge convicted appellant, contrary to his pleas, of attempting to conspire with Rebecca M. Petrie to steal military pay entitlements by falsely claiming that they were married, attempting to knowingly sign various official documents falsely stating he was married, and forging his squadron section commander’s signature to a basic allowance for subsistence (BAS) form.", "label": "potential value"}, "dd16dc71-b8ce-4318-80e5-7890b0d31414": {"case_id": "66ecd5eb-6425-4408-8a9f-0a92fb6460a7", "opinion_id": "9d44f380-a4a9-46ee-9997-825701435f9c", "paragraph_id": "444b620d-448f-4e18-9228-bc5948ea94be", "position": 1, "text": "There, in late 1991 and early 1992, the appellant made data entries in his computerized finance records to pay himself more than $1,200 in Basic Allowance for Subsistence (BAS) for which he was not eligible.", "label": "potential value"}, "5b9c954b-dc12-425a-888d-a6162bdf5c23": {"case_id": "1661cf94-f8f9-4585-b92f-1c87106282f4", "opinion_id": "8240ec32-7d5f-4547-9b24-ecd09e566007", "paragraph_id": "67541aab-202e-4421-8651-453787dc359a", "position": 0, "text": "On February 20,1992, Air Force officials at Shaw Air Force Base, South Carolina, charged appellant with stealing pay entitlements; conspiring with Ms. Petri to do so by altering her brother’s Ohio marriage certificate to make it falsely appear she and appellant were married on April 20, 1991; knowingly signing various official documents falsely stating he was married; and forging his commander’s signature to a form to receive back BAS [basic allowance for subsistence] pay as of April 20, 1991.", "label": "potential value"}, "fa85cb8e-70ee-4aa5-b39b-d919e3a54e72": {"case_id": "63b3cdd1-ff09-4555-8c43-a38a0c219d69", "opinion_id": "07edf74c-2e80-44b2-859c-11ec2b72a538", "paragraph_id": "451c8a40-b194-4e81-b03c-f386eb82f267", "position": 0, "text": "The term “regular compensation” or “regular military compensation (RMC)” means the total of the following elements that a member of a uniformed service accrues or receives, directly or indirectly, in cash or in kind every payday: basic pay, basic allowance for quarters (including any variable housing allowance or station housing allowance), basic allowance for subsistence; and Federal tax advantage accruing to the aforementioned allowances because they are not subject to Federal income tax.", "label": "no value"}, "30be53bb-d13d-49cd-8e3d-1d3ba21bcd4d": {"case_id": "f6a4a455-0975-4d83-aa41-640e04909e91", "opinion_id": "cdbb9336-e2a5-4846-ac6b-0876e1f8b92b", "paragraph_id": "e946a0be-24e0-45f6-99f8-4825f2845b84", "position": 4, "text": "In particular, he was not entitled to a basic allowance for subsistence (“BAS”), DoDFMR, vol. 7A, ch. 03, Table 3-1-6, nor to an overseas cost-of-living allowance (“COLA”).", "label": "potential value"}, "5cc47bbf-db1b-4529-8456-09354ef78212": {"case_id": "9d649774-9be6-4d44-aa55-74b18e988af8", "opinion_id": "457e769e-06ea-4544-96c7-923e000a8ae9", "paragraph_id": "9b129b7f-41ef-4552-9341-e04939f44d03", "position": 1, "text": "The First Cause of Action also alleged a violation of the following statutes: 10 U.S.C. § 633 (requiring 28 years of active commissioned service before retirement), see, e.g., Compl. HH 2, 14; 10 U.S.C. § 1214 (\"No member of the armed forces may be retired or separated for physical disability without a full and fair hearing if he demands it.”), see, e.g., Compl. HH9-11, 22, 24, 29, 39-44, 52(a)-(f); 37 U.S.C. § 204 (\"Pay and Allowances of the Uniformed Services”), see, e.g., Compl. HH 2, 14; 37 U.S.C. § 402 (“Basic Allowance for Subsistence”), see, e.g., Compl. HH 2, 14, 46-51; 37 U.S.C. § 403 (\"Basic Allowance for Housing\"), see, e.g., Compl. HH2, 14, 46-51; 10 U.S.C. § 1074 (\"Medical and Dental Care for Members and Certain Former Members”), see, e.g„ Compl. HH 2, 14, 46-51; 10 U.S.C. § 1552(a)(1) (\"Secretary of a military department may correct any military record ... to correct or remove an injustice.”).", "label": "potential value"}, "f1cca7f5-a73e-4231-aaa0-205157b0d21c": {"case_id": "f7b21bae-fbb4-4e0c-8b72-839d2eb6d81b", "opinion_id": "962bbcd5-50ad-4407-ba38-fd9f2c16a495", "paragraph_id": "65db32d0-61b6-475d-bd4b-9175571bbe4e", "position": 0, "text": "The issue in appellant’s case is whether his pleas of guilty to stealing basic allowance for quarters (BAQ) and basic allowance for subsistence (BAS) were improvident under the wrongful withholding theory of larceny.", "label": "potential value"}, "e2de04a5-ad77-449b-a4fc-05a26b75b0f0": {"case_id": "a51803c8-fb47-465e-a2ff-2d1a61ed8fc1", "opinion_id": "f482c7f3-3b9b-4feb-ace6-d29cb12c620e", "paragraph_id": "64487df2-4dc8-4ad7-86ba-96f7e583be69", "position": 4, "text": "Thomas’s “other” income consisted of five allowances that he received from the Coast Guard: (1) a Basic Allowance for Quarters, (2) a cost of living allowance, (3) a clothing allowance, (4) a food allowance called Basic Allowance for Subsistence, and (5) a Valuable Housing Allowance.", "label": "certain value"}, "8c5e5f16-6ae0-4cab-b0d1-771e1cbfbd72": {"case_id": "cc1facbc-eae2-4a0d-8a8c-7b4af1044715", "opinion_id": "2ac16120-9965-49d7-90f1-c77dc0d63700", "paragraph_id": "b46523de-4646-493f-b920-896e0924ef63", "position": 1, "text": "Joshua also claims for the first time on appeal that his Basic Allowance for Subsistence should not have been included in the calculation of his child support obligation.", "label": "potential value"}, "957f6bac-8222-41dc-b1ef-0851d4260ba9": {"case_id": "4a68e744-743d-40af-adc3-0b272045f36b", "opinion_id": "bb3771c5-d3f8-4264-aebb-8027d248e7f5", "paragraph_id": "9d769ac7-1197-48e4-84ac-395eaa61a7df", "position": 3, "text": "He contends that BAS OFF, or basic allowance for subsistence for officers, and BAQPD, or bachelor’s allowance for quarters with dependents, are not income under the Internal Revenue Code.", "label": "certain value"}, "946a7010-8358-4453-bb2d-24da276dc329": {"case_id": "25376c43-0616-4dcc-a3c7-b821d2b96a8e", "opinion_id": "1426e298-e14c-489b-aa3d-af42d43fb912", "paragraph_id": "9e1b08e3-cd44-4350-9a36-5ff774605f69", "position": 2, "text": "Office of the Secretary of Defense, Basic Allowance for Subsistence (BAS), http://militarypay.defense.gov/ pay/bas/.", "label": "potential value"}, "9d1264c5-84bd-41c3-bad6-2b73e5ad88fe": {"case_id": "ddfca6a1-1951-4594-97d8-abb45a8b5442", "opinion_id": "9d65377b-57a1-46c0-8209-46f39374fd32", "paragraph_id": "993b0882-2d65-4da4-a4c3-e07d5f3ddee3", "position": 1, "text": "In calculating temporary support, the court included in his gross income nontaxable military allowances, a basic allowance for housing (BAH) and a basic allowance for subsistence (BAS).", "label": "potential value"}, "450debf5-1cc6-487f-9846-6a96ba6e63c7": {"case_id": "ddfca6a1-1951-4594-97d8-abb45a8b5442", "opinion_id": "9d65377b-57a1-46c0-8209-46f39374fd32", "paragraph_id": "79647c0a-3a9c-4fdf-9fe1-fd28a2b1214b", "position": 5, "text": "Moreover, Basic Allowance for Quarters (BAQ [(now BAH)]), Basic Allowance for Subsistence (BAS) .", "label": "no value"}, "ee8da778-841c-4d72-b192-c6a859b1d8c9": {"case_id": "ddfca6a1-1951-4594-97d8-abb45a8b5442", "opinion_id": "9d65377b-57a1-46c0-8209-46f39374fd32", "paragraph_id": "a1f3903e-a128-4b2b-96f7-5432d08e8d30", "position": 1, "text": "In any event, federal law defines ‘regular compensation’ or ‘regular military compensation’ as [including] ‘. . . basic allowance for housing [and] basic allowance for subsistence . . . .’ ” (Massey, supra, at p. 283, citing 37 U.S.C. § 101(25), italics added by Massey court.)", "label": "no value"}, "78806b8c-90e7-4650-b4bb-99f4179b24b9": {"case_id": "4d352f6f-eee8-4c79-a886-a814a247aec5", "opinion_id": "30c590b1-a56f-4b9e-8bae-160f05c1e52b", "paragraph_id": "aff0533e-94a0-4e1d-b43d-63cc07904b54", "position": 2, "text": "Subparagraph (f) (1) (E) provides that, when a parent (such as Aaron) is an active-duty member of the Armed Forces, his income includes his base pay and drill pay, as well as any basic allowance for subsistence and housing, whether paid directly or received in kind.", "label": "potential value"}, "cd9fbbce-a2f1-4d8b-b40c-a95ed51d9fa2": {"case_id": "56c2c1b4-98a9-4bef-851a-5fc03762fcf8", "opinion_id": "bf05567b-a090-4059-9ac5-4a5523eb1940", "paragraph_id": "28d3d97f-9bbc-42fa-9047-c34d4e44bf9a", "position": 1, "text": "Basic Allowance for Subsistence (“BAS”) = $59.44 per week.", "label": "potential value"}, "aab02269-e4b0-4e09-a9cc-08045e8a187f": {"case_id": "2c95c492-66f8-4c89-b198-61a476f79b92", "opinion_id": "24e64d8b-00e9-446b-8988-5b06823555c9", "paragraph_id": "a8279df5-2efb-46cf-b8b2-97a80ef19807", "position": 2, "text": "Basic allowance for subsistence, whether paid directly to the parent or received in-kind; and\n(iv)", "label": "potential value"}, "5c66054f-1cdc-4ba0-8fff-31ad2270ab2c": {"case_id": "67731c17-4027-4c94-a708-68377a7a4783", "opinion_id": "b8f14438-3022-472b-ac96-3ce5cd337850", "paragraph_id": "db2f6a1f-633d-4909-9cd1-429e38b5fe30", "position": 0, "text": "Further evidence of the compensatory character of the Basic Allowances for Quarters may be found in 37 U.S.C.A. § 1009(b)-(d) (West Supp. 1976) in which the phrase “element of compensation” is used to describe collectively the following items: monthly basic pay, basic allowance for subsistence and the basic allowance for quarters.", "label": "high value"}, "77139e3a-2828-4991-bac7-f9fd014abc57": {"case_id": "67731c17-4027-4c94-a708-68377a7a4783", "opinion_id": "b8f14438-3022-472b-ac96-3ce5cd337850", "paragraph_id": "db2f6a1f-633d-4909-9cd1-429e38b5fe30", "position": 5, "text": "Furthermore, 37 U.S.C. § 101(25) (Supp. V 1975) defines the terms “regular compensation” and “regular military compensation (RMC)” as “... the total of the following elements that a member of a uniformed service accrues or receives, directly or indirectly in cash or in kind every payday: basic pay, basic allowance for quarters, basic allowance for subsistence, and federal tax advantage accruing to the aforementioned allowances because they are not subject to Federal income tax,” (emphasis added).", "label": "no value"}, "a028a4e7-381f-4a0f-9a89-0a9c8728b6e8": {"case_id": "bc4acb93-5ce8-4fa8-a81b-161812fe438c", "opinion_id": "a90ca7c4-996f-42a4-ab03-79bd5095065d", "paragraph_id": "fd65eaa4-db6e-46bd-b4af-410b9d7f35e9", "position": 0, "text": "Aecord-ing to the transcript of the hearing, the trial court held that the basic allowance for subsistence and housing should not be used for the purpose of calculating child support.", "label": "certain value"}, "7d690782-ad30-47a0-8815-2230c5cbf4a4": {"case_id": "bc4acb93-5ce8-4fa8-a81b-161812fe438c", "opinion_id": "a90ca7c4-996f-42a4-ab03-79bd5095065d", "paragraph_id": "6bc64c6c-2dfa-4b04-a15f-586a75b1a71a", "position": 12, "text": "Noteworthy is the Code of Federal Regulation, which provides in 32 C.F.R. § 733.3 that under the child support guidelines, gross pay includes not only the basic salary but the basic allowance housing; however the basic allowance for subsistence is excluded.", "label": "high value"}, "4d49cb19-8857-4d73-beec-c459c02fd43b": {"case_id": "bc4acb93-5ce8-4fa8-a81b-161812fe438c", "opinion_id": "a90ca7c4-996f-42a4-ab03-79bd5095065d", "paragraph_id": "0cd0e4cd-0aee-4cb4-ba19-5e75b6a8b49f", "position": 4, "text": "Moreover, Basic Allowance for Quarters (BAQ), Basic Allowance for Subsistence (BAS) ... and military ... payments can constitute large portions of a soldier’s ... total income.", "label": "certain value"}, "b869dfcd-d598-47a6-aec4-74888a852a43": {"case_id": "2a4d6490-e184-4838-bf16-81ed663b4d82", "opinion_id": "87012e82-0a3b-49d3-b380-47fc4d7b32f4", "paragraph_id": "576767bc-9937-42cb-8501-ce012f373fcb", "position": 0, "text": "Taylor is paid a “base pay”, or salary, as well as a basic allowance for housing and a basic allowance for subsistence.", "label": "potential value"}, "14a822f1-ed3c-41e6-adef-388817032375": {"case_id": "2a4d6490-e184-4838-bf16-81ed663b4d82", "opinion_id": "87012e82-0a3b-49d3-b380-47fc4d7b32f4", "paragraph_id": "576767bc-9937-42cb-8501-ce012f373fcb", "position": 2, "text": "The basic allowance for subsistence is paid to qualifying military personnel to offset the cost of food for those who live off of the military base.", "label": "high value"}, "4d93bcef-eb10-48b7-b6fe-5b7cc3f31c9b": {"case_id": "b8d19dfc-da1a-40eb-843b-21113c98da8b", "opinion_id": "1a37f80b-9e41-4e43-9aaa-fe5da14ef4d7", "paragraph_id": "2d7324d2-8e9e-4a94-976d-2a7b1d10fd23", "position": 1, "text": "Peterson argues that military allowances, in particular, monthly basic allowances for quarters (BAQ), a variable housing allowance (VHA) and a basic allowance for subsistence (BAS) from the United States Air Force, are not wages or a species of remuneration that are subject to garnishment under § 659 for child support payments.", "label": "potential value"}, "a26779d2-c1a5-472b-ab01-f1ebfbec9c1c": {"case_id": "b8d19dfc-da1a-40eb-843b-21113c98da8b", "opinion_id": "1a37f80b-9e41-4e43-9aaa-fe5da14ef4d7", "paragraph_id": "0bf1406c-486f-4ce8-86bc-fa28af9fcaf5", "position": 1, "text": "On November 17, 1981, the trial court entered its order, finding that Sgt. Peterson’s net income had increased by 50% since the date of the agreement, by virtue of his receiving from his employer, the United States Air Force, a monthly allowance for quarters (BAQ), a variable housing allowance (VHA), and a basic allowance for subsistence (BAS), all for the purpose of Sgt. Peterson’s off-base housing.", "label": "potential value"}, "ff305f13-f859-48d6-878c-e3eeaedabdf7": {"case_id": "baa22299-df72-42c9-875c-cf3b869d2ab8", "opinion_id": "ab63a47a-4f4e-4ed8-8556-6ed893557461", "paragraph_id": "36b50a19-2aaa-4f0f-8d11-eb376fe425ca", "position": 6, "text": "The court found the OHA and COLA payments included $325 for Basic Allowance for Subsistence (“BAS”) and $1,310 for Basic Allowance for Housing (“BAH”) in 2011.", "label": "potential value"}, "5b8240f3-6cf9-4fd6-a279-0e65ddb21c26": {"case_id": "9b949ca7-eecd-4281-a5a2-043ca3581fc4", "opinion_id": "875569a0-a1ed-405c-af2e-ddcdd8ee63a1", "paragraph_id": "d79905ac-5dd8-45f9-a390-81f196e705a3", "position": 4, "text": "This is further borne out by Army Regulation 35-1460, relied upon by plaintiffs, which is titled: “Basic Allowance for Subsistence.”", "label": "potential value"}, "c779263a-8bf0-4863-acb3-c909cb2f167a": {"case_id": "5af938f0-565f-41e0-bde3-d3dbf405487b", "opinion_id": "7176a269-4011-4e21-9fd9-77b8d7f220d6", "paragraph_id": "7dbc9849-7fc7-4e2e-b5c8-8254f7dcccfa", "position": 2, "text": "For definitions of these items, see DoD 5000.12-M. (i) Basic pay (including Military Service academy cadet and midshipman pay), (ii) Basic allowance for quarters for members with dependents, and for members without dependents in grade E-7 or higher, (iii) Basic allowance for subsistence for commissioned and warrant officers, (iv) Special pay for physicians, dentists, optometrists & veterinarians, (v) Submarine pay. (vi) Flying pay (all crew members), (vii) Diving pay. (viii)", "label": "certain value"}, "9b7f4b7f-404a-4cc4-b539-54dbd38bf2de": {"case_id": "49924046-5b86-4ab4-92d3-7a8323b989a2", "opinion_id": "2caca803-2167-47dd-895b-5b84ee6b50f3", "paragraph_id": "39e460c2-a05c-47f1-9c90-872421a160ca", "position": 0, "text": "In addition to a soldier’s base pay, Congress has provided an allowance for quarters to supplement off-base housing expenses (BAQ), a variable housing allowance (VHA) and a basic allowance for subsistence (BAS).", "label": "potential value"}, "5c2880e7-0f11-49b1-8ad6-c6e2c44b17d5": {"case_id": "459c6228-83c5-47ba-b012-91b5d85eea45", "opinion_id": "b9ec8a62-02f1-4bdb-831c-1cc99ede3958", "paragraph_id": "b57e46ac-a2af-4e0f-8a5a-1fc41016fa58", "position": 2, "text": "Recibía, además, un subsidio mensual (“Basic Allowance for Subsistence\") de $267.10, para un ingreso neto mensual de $1,946.70.", "label": "potential value"}, "20a10aef-ca9d-4bb0-8674-e2d1ecdd6820": {"case_id": "930daf38-9eb3-42e6-b860-e37edf19fa52", "opinion_id": "28590e08-7f61-4d37-bdad-3c264f1067fb", "paragraph_id": "9351f7a0-60c4-4f09-bf26-acacc92aa68b", "position": 0, "text": "In Peterson v. Peterson, supra, Mr. Peterson, a Technical Sergeant in the United States Air Force, appealed from an order increasing his child support payments on the basis that his income increased due to his receiving BAQ, VHA and BAS (basic allowance for subsistence) (food allotment).", "label": "potential value"}, "45f1a7c5-dd13-4044-ad9a-ed36c72b4d09": {"case_id": "b154202a-5599-4959-9f02-fd13cb8f1fa5", "opinion_id": "c0ad1d2e-d7fc-4484-8153-31dc6547cc20", "paragraph_id": "7af69076-1925-45d7-bf05-9a600d073095", "position": 2, "text": "Each pay stub in Exhibit 14 contains a record of payment of basic allowances for subsistence, housing, and quarters.", "label": "potential value"}, "2aa335f9-83e3-48d7-9280-1ebc19ffd623": {"case_id": "92927879-0c24-4a74-a181-46f0401da56b", "opinion_id": "00352eb1-4d05-4067-b696-d9b81224ee48", "paragraph_id": "d5145201-e3b5-4148-a84c-b8966af2cd1a", "position": 0, "text": "“ ‘Gross income’ means, except as excluded in this division, the total of all earned and unearned income from all sources during the calendar year, whether or not the income is taxable, and includes, but is not limited to, income from salaries, wages, * * *; income of members of any branch of the United States armed services or national guard, including, but not limited to, amounts representing base pay, basic allowance for quarters, basic allowance for subsistence, supplemental subsistence allowance, cost of living adjustment, specialty pay, variable housing allowance, and pay for training or other types of required drills jji ^ »", "label": "high value"}, "c08f20c0-dd32-432f-81d6-9be682674d22": {"case_id": "92927879-0c24-4a74-a181-46f0401da56b", "opinion_id": "00352eb1-4d05-4067-b696-d9b81224ee48", "paragraph_id": "0bc58328-5fa9-45e2-b73a-54408088eb1c", "position": 0, "text": "The record indicates that in determining appellant’s gross annual income, the trial court included in appellant’s income his base pay, basic allowance for quarters, basic allowance for subsistence, specialty pay, and variable housing allowance.", "label": "potential value"}, "35ddd608-4e2c-4652-b752-8265a07cef12": {"case_id": "c387e715-7626-4dbd-9ce0-e5bd4a21b526", "opinion_id": "f024f413-9c94-40f2-90c4-49d0bada6996", "paragraph_id": "5f5c2371-e686-4580-92b4-9b1ef44bcc3f", "position": 0, "text": "{¶ 14} “Gross income includes income of members of any branch of the United States armed services or national guard, including, amounts representing base pay, basic allowance for quarters, basic allowance for subsistence, supplemental subsistence allowance, cost of living adjustment, specialty pay, variable housing allowance, and pay for training or other types of required drills; self-generated income; and potential cash flow from any source.”", "label": "high value"}, "55cf684f-02e6-4988-855e-e71a88ae405a": {"case_id": "d5db94db-485b-4f55-ab27-5590ddf1b757", "opinion_id": "ba7dca58-1e8b-446b-aa88-60f9f668c811", "paragraph_id": "a7e87c09-ff79-49cb-a0c4-a5a0dbfc2bba", "position": 1, "text": "Basic Allowance for Subsistence.", "label": "no value"}, "672fc91f-676a-4edc-b327-0c74aca8a499": {"case_id": "3ea063dc-6bcd-48dd-8014-9e7806860b88", "opinion_id": "ad4bceeb-0807-4a67-af96-3a0b9f051c67", "paragraph_id": "3b549088-54bd-463b-8cbf-c0dca1bbd288", "position": 0, "text": "Regulations promulgated pursuant to 42 U.S.C. § 659 (1975) (which provides for enforcement of support obligations of federal employees) clearly state that military pay designated “basic allowance for quarters” and “basic allowance for subsistence” are not garnishable.", "label": "high value"}, "de1819ec-289b-4cb5-803c-5295b7a27976": {"case_id": "eba77dc1-e259-462b-8bbf-836c30a2e9d7", "opinion_id": "9256c44d-ea7d-4be3-b8be-d1e0625ffbbd", "paragraph_id": "154f5f8d-6c2d-49e1-a110-adbc55d0b885", "position": 3, "text": "In any event, federal law defines “regular compensation” or “regular military compensation” as\n“the total of the following elements that a member of a uniformed service accrues or receives, directly or indirectly, in cash or in kind every payday: basic pay, basic allowance for housing, basic allowance for subsistence-, and Federal tax advantage accruing to the aforementioned allowances because they are not subject to Federal income tax” (37 USC § 101 [25] [emphasis added]).", "label": "no value"}}