{"6f358227-3079-42b3-8590-5a005a7fe7a3": {"case_id": "66150c16-76f8-4959-aa2f-d991369254a8", "opinion_id": "870f9a0d-f4ee-4aec-a6c9-4996704d839a", "text": "The evidence of record establishes that the appellant’s marriage to another active duty soldier was one of convenience intended to enhance the financial situation of both spouses, i.e., enabling them to qualify for Basic Allowance for Quarters and Basic Allowance for Subsistence. Appellant became incensed when his wife squandered money entrusted to her which resulted in their eviction from the house they were renting. Apparently motivated by extreme anger, appellant utilized interstate (Texas to Michigan) telephone facilities to request that a friend and former fellow soldier, Mr. V, murder the appellant’s wife. Subsequently, when Mr. V refused to agree to do so personally, the telephonic discussions turned to Vs arranging for a contract killer or “hit man” to perpetrate the intended homicide. As the designated beneficiary of his wife’s Serviceman’s Group Life Insurance policy, the appellant would have received $100,000.00 upon her death. He promised V that as soon as he received the insurance proceeds he would pay V $30,000.00 and that V could then pay the “hit man” and keep whatever money remained. Unbeknownst to appellant, immediately following the first telephone call Mr. V reported this solicitation to civilian law enforcement authorities in Michigan and thereafter became an undercover government agent. After V, acting on instructions from Michigan law enforcement and U.S. Army Criminal Investigation Command (CID) agents, purportedly agreed to carry out his request, the appellant, in several more interstate phone calls and in two face-to-face meetings in Killeen, Texas, provided Mr. V with information on the intended victim including where she lived and worked, the type of car she drove, her automobile license plate number, and her picture.", "position": 7}, "aca9da59-0f7f-4e6a-abc9-2cf96a90cca3": {"case_id": "a1db99d8-094d-49a7-aedd-44a1b3d9ad79", "opinion_id": "8fb7766d-c477-4cba-80a8-507a729176c3", "text": "Ms. Verbeek’s termination by the PHS Commissioned Corps is set aside and her separation on June 1, 2002 is invalidated. She shall be reinstated to duty at the appropriate rank. She is awarded $888,281.65 in base pay, $20,602.33 in cost of living allowance, $320,135.40 in basic allowance for housing, $28,301.72 in basic allowance for subsistence, $26,493.76 in specialty pay, $25,765.50 for medical expenses, $13,261.02 for dental expenses, and $808.10 in unpaid annual leave. This award is offset by her civilian earnings of $1,196,993.94, less moving costs of $2,118.10, resulting in an offset amount of $1,194,875.84. The total monetary award is thus $128,773.64, computed through December 31, 2013. The Public Health Service Commissioned Corps shall also provide Ms. Verbeck with commensurate back pay and allowances, consistent with this decision, for the period beginning January 1, 2014 and extending to the date Ms. Verbeck is reinstated to duty.", "position": 66}, "62fc9dfd-71e9-4ff5-9c55-15af004fee4e": {"case_id": "a1db99d8-094d-49a7-aedd-44a1b3d9ad79", "opinion_id": "8fb7766d-c477-4cba-80a8-507a729176c3", "text": "5 . The Board's calculations reflected $888,281.65 for back pay owed, $20,602.33 for a cost of living allowance, $320,135.40 for basic allowance for housing, and $28,301.72 for basic allowance for subsistence. Decision on Remand at 1, 3-4. Considering just these agreed elements, the total amount due before offset was accordingly $1,257,321.10.", "position": 74}, "ca6a9017-a0ff-4ba7-a213-d5568a866f89": {"case_id": "d20735e8-e4b4-4b87-9f07-39c8717b3dc2", "opinion_id": "916e498b-d64d-49a6-bf90-964e6db05520", "text": "It should also be noted that Congress has provided in other instances for subsistence allowances to be paid without reference to absence from home or post of duty. Title 37 U.S.C.A. § 251, provides that “Officers shall, at all times, be entitled to receive a basic allowance for subsistence on a monthly basis.” This is payable whether or not the officer concerned is at home, and he is not required to make any showing of any expenses. That applies to Army officers, but would indicate that Congress does not use the word “subsistence” in the narrow sense here urged by the defendant. It is interesting to note also that the allowance paid Army officers under that section is excludable from the gross income of the officer, without his making any showing of expenses incurred. Par. 8963 P H 1957, Memo. Treas. Dept. 3413 Cum.Bull. 1926 Part I, p. 29. ..", "position": 10}, "896fa6ed-0800-444a-ad05-990e0d7d5c10": {"case_id": "26a3c0b9-69f4-430e-af52-b782962cf70b", "opinion_id": "8e790ec0-306f-41b0-8739-4b9053eb5155", "text": "Except as otherwise provided in this section or by any other provision of law, each member of the uniformed services entitled to receive basic pay shall be entitled to receive a basic allowance for subsistence in such amount and under such circumstances as are provided in this section. * * * Officers shall, at all times, be entitled to receive a basic allowance for subsistence on a monthly basis. * * *", "position": 4}, "772aa037-2d85-47cf-8e96-430864788c18": {"case_id": "00b7d090-3975-4641-9aaa-f5288220a72a", "opinion_id": "7fa3a63b-c0ff-4a88-9bef-a7633c192c68", "text": "“Except as otherwise provided in this section or by any other provisions of law, each member of the uniformed services entitled to receive basic pay shall be entitled to receive a basic allowance for subsistence in such amount and under such circumstances as are provided in this section. * * * Officers shall, at all times, be entitled to receive a basic allowance for subsistence on a monthly basis. * * * >»", "position": 4}, "c2eda114-8cea-4e76-8d7a-fd6815caa48e": {"case_id": "9222c6a6-d2e0-460d-9277-b3bd87c250ba", "opinion_id": "340c2ad3-1c02-477f-999e-e87d9baef856", "text": "Moreover, we think that Congress never intended to pay any nontaxable “allowances” to retired officers serving as Junior ROTC instructors. Officers entitled to “basic pay” are entitled to a basic allowance for subsistence, in lieu of the provision of meals in kind, and a basic allowance for quarters, unless quarters provided by the military are occupied by the officer. See 37 U.S.C. secs. 402(c), 403 (1976). However, petitioner does not qualify for these allowances because entitlement to “basic pay” is restricted to members of the uniformed service on “active duty,” 37 U.S.C. sec. 204(a) (1976), and the statute authorizing retired officers to serve as Junior ROTC instructors expressly provides that such retired officers are not “considered to be on active duty * * * for any purpose.” 10 U.S.C. sec. 2031(d)(2) (1976), quoted swpra at page 672. Thus, if petitioner is entitled to any “allowances,” they must be provided by the provisions of the ROTC Vitalization Act. However, we do not construe this statute to provide for the payment of nontaxable allowances to retired officers serving as Junior ROTC instructors.", "position": 27}, "d7f192bf-d72f-41af-9264-a74facde3717": {"case_id": "9222c6a6-d2e0-460d-9277-b3bd87c250ba", "opinion_id": "340c2ad3-1c02-477f-999e-e87d9baef856", "text": "2 The exclusions for subsistence and quarters allowances were authorized by Treasury regulations and rulings in 1925 and 1926. See T.D. 3724, IV-2 C.B. 136 (1925); I.T. 2219, IV-2 C.B. 41 (1925), declared obsolete Rev. Rul. 67-466, 1967-2 C.B. 427; Mim. 3413, V-l C.B. 29 (1926), modified Rev. Rul. 55-572, 1955-2 C.B. 45, and declared obsolete Rev. Rul. 69-31,1969-1 C.B. 307. These rulings and regulations were issued as a result of the decision of the Court of Claims in Jones v. United States, 60 Ct. Cl. 552 (1925), allowing exclusion from income of the rental value of military quarters and amounts received as commutation of quarters by a major in active military service. See Rev. Rul. 60-66, 1960-1 C.B. 21,22. The statutory foundation for this exclusion, at least insofar as it relates to allowances paid in cash, is not immediately apparent from the current Internal Revenue Code. See Commissioner v. Kowalski, 434 U.S. 77, 94 n. 29 (1977). However, Congress has in other statutes recognized the nontaxable nature of the basic allowance for quarters and the basic allowance for subsistence received pursuant to 37 U.S.C. secs. 402-403 (1976); in computing the “regular compensation” of a member of the uniformed services, 37 U.S.C. sec. 101(25) (1976) requires that the “Federal tax advantage” from the nontaxable character of such allowances be taken into account.", "position": 42}, "8bd4e452-db0b-450b-b8bb-04bba2460eaa": {"case_id": "2924d251-ef32-4aef-98d4-9118100cde78", "opinion_id": "ec279cfa-c1dc-4bab-8c67-9cf4b98e9536", "text": "20101. Statutory Provisions\n# # * # %\nd. Members of the Air Force who are entitled to receive a basic allowance for subsistence pursuant to this part shall be entitled to receive the following amounts: Officers: $47.88 per month.", "position": 68}, "00cdfb20-6f8b-47ed-92e9-df1fb33ace79": {"case_id": "2924d251-ef32-4aef-98d4-9118100cde78", "opinion_id": "ec279cfa-c1dc-4bab-8c67-9cf4b98e9536", "text": "20104. Entitlement\na. Officers. Commissioned or warrant officers are entitled at all times to_ receive basic allowance for subsistence * * * Commissioned or warrant officers will not be deprived of this basic allowance for subsistence because of conditions described below:", "position": 70}, "63fbf7b4-fd2c-466a-843e-bcc740678f42": {"case_id": "7f1c9545-300c-4c7f-bbf2-193eb2708c27", "opinion_id": "5d38a950-2eb8-424f-a27f-8d9d7ea44394", "text": "The appellant accepted the authorized travel day, and applied for and received full military pay and allowances for that day. This included base pay, basic allowance for quarters, and basic allowance for subsistence, as well as reimbursement for the government quarters and travel expenses. Perhaps even more significantly, she received one reserve point for the travel day, which would have eventually increased her retirement pay. Art. 2(c)(3), UCMJ.", "position": 24}, "e20ae84d-f784-4802-ba88-3e831c4044e8": {"case_id": "49875567-d0a4-4620-8c98-516ed254e622", "opinion_id": "e65d19f2-a45d-4ec1-8699-555a0d222193", "text": "About a year and a half later, Mr. Barna filed a complaint in this court on February 2, 2015, and an amended complaint on November 12, 2015. In his amended complaint, Mr. Barna alleges four causes of action, that: (1) the BCNR’s decision was arbitrary, capricious, unsupported by evidence and contrary to law; (2) Mr. Barna, wrongly, has been denied $286,533.79 for basic monthly pay, basic allowance for subsistence, and basic allowance for housing at the rank of Staff Sei’geant, which he is entitled to under 37 U.S.C. §§ 204, 402 and 403 (2012); (3) Mr. Barna, wrongly, has been denied $6,102.00 for sixty days of unused leave which he is entitled to under 37 U.S.C. § 501 (2012); and (4) as an alternative to the second cause of action, Mr. Barna is entitled to $17,939.88 in separation pay under 10 U.S.C. § 1174 (2012). With regard to the first cause of action, Mr. Barna challenges two elements of the BCNR’s. decision: (1) the BCNR’s findings that the prosecution and administrative action against Mr. Barna that resulted in his discharge from the Marine Corps did not violate applicable rules, policies and regulations (Mr. Barna’s “discharge claim”); and (2) the BCNR’s denial of his request for a promotion to Staff Sergeant (Mr. Barna’s “promotion claim”). As relief, the amended complaint asks this court to set aside the BCNR’s decision and remand to the BCNR to facilitate the following actions: amend Mr. Barna’s Official Military Personnel File to show that he was promoted to Staff Sergeant on March 1, 2008; amend Mr. Barna’s Department of Defense Form 214 to reflect the rank of Staff Sergeant, the phrase “released from active duty” as the type of separation, Marine Corps Separation Manual (MAR-CORSEPMAN) § 1005 as the separation authority, and a separation code that is associated with the expiration of term of service; award Mr. Barna $6,102.00 for unused accrued leave; award Mr. Barna pay and allowances in the amount of $98,289.06", "position": 67}, "449b402f-92e7-414d-a9b9-3d05a3252c0b": {"case_id": "ffc704b9-2cfb-4092-bacb-e24c6c78cc04", "opinion_id": "4f0ba4ba-8525-4dca-8d9d-751993ed46be", "text": "The Claims Court determined that it had jurisdiction to review Dehne’s Tucker Act claim because the Air Force Board’s decision rendered Dehne a federal employee for purposes of judicial review of that decision. Dehne, 23 Cl.Ct. at 611-12. The Claims Court further found that 37 U.S.C. § 206(a) (1988) in light of 10 U.S.C. § 1552(c) (1988) provided the requisite pay-mandating statute Dehne needed as a basis for his Tucker Act claim. Dehne, 23 Cl.Ct. at 613-14. Substantively, the Claims Court determined that the Air Force Board had committed legal error by inserting the word “unpaid” between the words “inactive duty” and “points” when it awarded Dehne sufficient inactive duty points for Dehne to constructively meet federal service retirement requirements. Consequently, the Claims Court held that Dehne was entitled to basic pay and the Basic Allowance for Subsistence for the five years of constructive service the Air Force Board had credited to his record in addition to the pay differential entitlement the Air Force had previously offered Dehne. Id. at 615-19, 621.", "position": 7}, "2a602618-1289-4a54-8f96-1b55b1c1d571": {"case_id": "b1e57225-6433-4353-ade1-37299ee795a0", "opinion_id": "51f8d4ed-2de2-445d-9011-50253814b34b", "text": "1 . Plaintiff also claims entitlement to back pay or benefits pursuant to sections 301a, 402, 403, and 403a of Title 37. However, entitlement to pay or benefit under these sections is predicated on entitlement to basic pay. See 37 U.S.C. § 301a(a)(l) (1994) (“a member of a uniformed service who is entitled to basic pay is also entitled to aviation career incentive pay____”); id. § 402(a) (1994 & Supp. IV 1998) (same; basic allowance for subsistence); id. § 403(a)(1) (1994 & Supp. IV 1998) (same; basic allowance for housing); id. § 403a(a)(l) (1994) (\"a member of a uniformed service entitled to basic allowance for quarters is entitled to ____)”, repealed, National Defense Authorization Act for Fiscal Year 1998, Pub. L. No. 105-85, § 603(c)(1), 111 Stat. 1629, 1781 (1997). Moreover, section 301a, like 37 U.S.C. § 206(a)(1),(2), entitles a member to pay only for performance of aviation duty. See 37 U.S.C. § 301a(a)(l).", "position": 22}, "a5517cfc-4c36-452b-a110-bcab275132e3": {"case_id": "03766ee1-8844-4a62-86bd-11d354206d1c", "opinion_id": "799b5cd9-b4ca-4e62-a2ab-ec7d2d8c69e3", "text": "2 . The overpayment was based on the following elements: Base Pay, Basic Allowance for Quarters, and Basic Allowance for Subsistence. The overpayment initially was calculated erroneously as $591.05; on January 16, 1992, the overpayment initial amount was corrected to a total of $522.92. Defendant’s counterclaim in its October 22, 1992, answer, is based on the $591.05 amount.", "position": 128}, "b21ac0ab-4bf6-42da-9471-588695fb8d73": {"case_id": "100bea42-ee50-4358-9918-4f966ba3f560", "opinion_id": "6717b65a-34e7-4821-b727-42a0ddddf45a", "text": "(a) Plaintiff is entitled to the correction of his military records to reflect active duty from September 30,1983 to October 31, 1985, and is entitled to back payment for that period of time, including basic pay, basic allowance for quarters at the with dependents rate, basic allowance for subsistence, the variable housing allowance, and annual leave pay, all at appropriate rates applicable to the location where the plaintiff was assigned to duty prior to his improper release.", "position": 9}, "51b99919-c5a2-4ab3-ac75-0bb39051e6e9": {"case_id": "c56d7ab2-810d-4cea-badc-945bf5b33973", "opinion_id": "6a31999f-48a3-4ffa-8767-e7d72ddf222b", "text": "Plaintiff’s claims now are before the court on cross-motions for summary judgment. During preparation of the cross-motions for summary judgment, plaintiff’s claims have been narrowed to monetary claims asserted to result from the Board’s award of points to reconstruct 5 years of satisfactory Federal service for retirement. As so refined, plaintiff claims pay at the equivalent rate of lieutenant colonel in the Permanent Reserves during the period September 11, 1981, through September 10, 1987, for 63 days per year, minimum training needed to maintain eligibility for. satisfactory Federal service for retirement, and 48 days per year for the Additional Flying Training Periods (AFTPs) required to maintain flying proficiency in the ANG. As part of these so-called work day entitlements, plaintiff claims eligibility for Basic Allowance for Subsistence (BAS) and Basic Allowance for Quarters (BAQ). In addition, because there was no valid revocation in 1979 of plaintiff’s aeronautical orders, and no competent orders ever established disqualification from flight status, plaintiff claims entitlement to incentive pay for flights for the period September 12, 1981, to December 5, 1982. Defendant concedes that plaintiff is entitled to the difference in pay between the grade of major and the grade of lieutenant colonel for the period September 12, 1981, to December 5, 1982.", "position": 12}, "e17caa79-a17f-4944-8371-2e8747aae1e5": {"case_id": "c56d7ab2-810d-4cea-badc-945bf5b33973", "opinion_id": "6a31999f-48a3-4ffa-8767-e7d72ddf222b", "text": "Chapter 13 (Basic Allowance for Subsistence (BAS))", "position": 80}, "27e9fe4d-9438-4aa1-9b3b-fb3280628996": {"case_id": "4f169d51-65a6-49c9-b1e3-f1cd227df1e3", "opinion_id": "d7c37cfd-c580-4bf9-ab17-138384fbdf8f", "text": "3. Basic allowance for subsistence pursuant to 37 U.S.C. § 402 (1982).", "position": 126}, "89371f84-c0f2-4112-a8e8-65a31280997c": {"case_id": "4f169d51-65a6-49c9-b1e3-f1cd227df1e3", "opinion_id": "d7c37cfd-c580-4bf9-ab17-138384fbdf8f", "text": "Officers’ direct compensation includes basic pay, basic allowance for quarters, basic allowance for subsistence, and housing allowance. To direct compensation, this form adds a variety of items labeled indirect compensation. “The added value shown [for indirect compensation] is an estimate of the amounts you would have to pay each year for major entitlement programs if the Government did not provide them for you.” Id. These programs and privileges include medical care, death and survivor programs, retirement, commissary, exchanges, tax advantages, and morale, welfare and recreation activities. Essentially, plaintiff claims he should now receive compensation for the benefits he would have received had he actually been on active duty, regardless of any statutory entitlement thereto. Defendant, however, argues that, due to plaintiff’s failure to cite any statute or regulation entitling plaintiff to relief, this court lacks jurisdiction to grant the relief he now seeks.", "position": 164}, "b389e7b2-f51a-4205-b5ba-59ba9ca6bda7": {"case_id": "4f169d51-65a6-49c9-b1e3-f1cd227df1e3", "opinion_id": "d7c37cfd-c580-4bf9-ab17-138384fbdf8f", "text": "The present plaintiff offers to the court dollar figures from the “Personal Statement of Military Compensation” which supposedly represent the amount which various military privileges would have been worth to him while serving on constructive, active duty. The numbers are presented without basis of proof and without documentation regarding plaintiff’s particular situation. The court agrees with the reasoning included in the decision of the Court of Appeals for the District of Columbia Circuit in Dilley: plaintiff is entitled to reimbursement for “all pay and allowances that [he] would have received but for [his] illegal separation, to the extent that such sums can be calculated with a reasonable degree of certainty.” Dilley v. Alexander, 627 F.2d at 414. Other than the amounts for basic pay, basic allowance for quarters, basic allowance for subsistence, and variable housing allowance, the amounts claimed by plaintiff listed on the “Personal Statement of Military Compensation,” however, fall far short of this standard.", "position": 167}, "d15ce2d7-02e3-497b-90d8-f7b301673a83": {"case_id": "4f169d51-65a6-49c9-b1e3-f1cd227df1e3", "opinion_id": "d7c37cfd-c580-4bf9-ab17-138384fbdf8f", "text": "Having concluded that the plaintiff should receive constructive, active duty, basic, back pay for the period October 1,1983 through October 31,1985, the parties agree that, once the proper REFRAD date is determined, the plaintiff is entitled to: (1) a basic allowance for quarters at the with dependant's rate, pursuant to 37 U.S.C. § 403 (1982); (2) a basic allowance for subsistence, pursuant to 37 U.S.C. § 402 (1982); and (3) a variable housing allowance, pursuant to 37 U.S.C. § 403a (1982).", "position": 177}, "e44050d0-804b-4eaf-b713-28871909c500": {"case_id": "4f169d51-65a6-49c9-b1e3-f1cd227df1e3", "opinion_id": "d7c37cfd-c580-4bf9-ab17-138384fbdf8f", "text": "(a) Plaintiff is entitled to the correction of his military records to reflect active duty from September 30,1983 to October 31, 1985, and is entitled to back payment for that period of time, including basic pay, basic allowance for quarters at the with dependents rate, basic allowance for subsistence, the variable housing allowance, and annual leave pay, all at the appropriate rates applicable to the location where the plaintiff was assigned to duty prior to his improper release.", "position": 201}, "b916a6b1-d4ae-42e5-b236-a64de27d7c48": {"case_id": "8fd153b3-6407-47b7-b7cb-429a2b84cdd3", "opinion_id": "9d8470d4-45bd-4e22-89cf-f69ff6eec6e5", "text": "Generally, it is provided that each member of a uniformed service who is entitled to basic pay is entitled to a basic allowance for subsistence and for quarters, depending on rank and length of service. Members of the Rational Guard are included in this group.", "position": 30}, "4121a252-8586-40ec-b0f0-593550500c7b": {"case_id": "8fd153b3-6407-47b7-b7cb-429a2b84cdd3", "opinion_id": "9d8470d4-45bd-4e22-89cf-f69ff6eec6e5", "text": "¡The basic allowances for subsistence and quarters are granted by law independently of whether the member is required to travel and are entirely unrelated to expenses incurred in travel. In other words, the expenses incurred for travel, meals and lodging are not allocable to the basic allowances for subsistence and quarters and have no relation to the member’s statutory right to receive these basic allowances. Such members receive these basic allowances whether they are in travel status or not and the allowances are not considered as reimbursement for additional expenses incurred by reason of such travel. There appears to be no authority, therefore, for requiring members of the uniformed services to reduce their deductible travel expenses by the amount of such allowances in computing deductions for Federal income tax purposes.", "position": 37}, "3fb2fd50-1f96-407b-98b4-859bdeb70727": {"case_id": "8fd153b3-6407-47b7-b7cb-429a2b84cdd3", "opinion_id": "9d8470d4-45bd-4e22-89cf-f69ff6eec6e5", "text": "Rev. Rul. 63-64 lield that Rev. Rul. 55-572 is distinguishable notwithstanding the statement therein that the basic allowances for subsistence and quarters are granted by law independently of whether the member is required to travel and are entirely unrelated to expenses incurred in travel; that the expenses incurred for travel, meals, and lodging are not allocable to the basic allowances for subsistence and quarters and that such allowances are not considered as reimbursement for additional expenses incurred by reason of such travel. The reasons for its holding Rev. Rul. 55-572 distinguishable are stated in Rev. Rul. 63-64, as follows:", "position": 41}, "aad66a89-30ff-452a-9b16-78c0fda76952": {"case_id": "8fd153b3-6407-47b7-b7cb-429a2b84cdd3", "opinion_id": "9d8470d4-45bd-4e22-89cf-f69ff6eec6e5", "text": "In my opinion the distinction drawn is not tenable. Both those in the permanent military service and reservists, while on active military duty, receive the basic allowances for subsistence and quarters as a matter of law, and in both instances such allowances are excluded from gross income.", "position": 45}, "a8f99e02-5ba4-48c6-92c8-67f51b6e7b2f": {"case_id": "8fd153b3-6407-47b7-b7cb-429a2b84cdd3", "opinion_id": "9d8470d4-45bd-4e22-89cf-f69ff6eec6e5", "text": "To allocate to or offset deductible travel expenses by the nontaxable basic allowances for subsistence and quarters would in effect be imposing a tax burden on such allowances. In this respect I consider Rev. Rul. 63-64 invalid and not controlling in the present case. Accordingly, I would hold that respondent erred in his determination that petitioner’s lodging expenses are to be offset by his basic allowances for subsistence and quarters.", "position": 47}, "3115878a-522d-4ecc-8099-7abb6fbb8325": {"case_id": "8fd153b3-6407-47b7-b7cb-429a2b84cdd3", "opinion_id": "9d8470d4-45bd-4e22-89cf-f69ff6eec6e5", "text": "The basic allowances for subsistence and quarters are provided for in title 37 of the United States Code.", "position": 28}, "f3a42c64-3937-442b-b276-7d5806cfe8eb": {"case_id": "70dca513-6a21-4945-8b3e-e79b0f47c2da", "opinion_id": "e963f441-208f-45a6-96e0-b67daa792308", "text": "Plaintiff asserts that he was the subject of an unjustified personnel action. Pl.’s Resp. at 9. Citing the provisions of 5 U.S.C. § 5596 (addressing back pay due to unjustified personnel action) and 37 U.S.C. § 402 (governing basic allowance for subsistence), plaintiff claims that he is entitled to back pay and allowances from his discharge date of July 6, 2001 until the end of his enlistment period on July 24, 2002. Id. Plaintiff also claims that pursuant to SECNAVINST 1900.7G, para. 7(a)(2), he is entitled to separation pay because he has more than six years of active service. Id. Plaintiff argues that, in light of the “very light punishment” he received, his more than “15 years of excellent service,” and the “very troublesome time in his life during ... which the misconduct was alleged,” his ease “is not one of those extraordinary cases where denial is appropriate.” Id. at 10.", "position": 43}, "da75fc01-87a0-41c7-b851-9e6d59ec68fa": {"case_id": "851985bc-9bf9-47ee-b47d-b6fb13c738b5", "opinion_id": "6e739b5e-2b35-46e8-b99b-6f7b8a74e751", "text": "12 . A \"total forfeiture” is a forfeiture of all pay and allowances. \"Allowances shall be subject to forfeiture only when the sentence includes forfeiture of all pay and allowances.” R.C.M. 1003(b)(1). Furthermore, \"pay and allowances” can be defined as \" ‘regular compensation’ or ‘regular military compensation (RMC)’ [and] means the total of the following elements that a member of a uniformed service accrues or receives, directly or indirectly, in cash or in kind eveiy payday: basic pay, basic allowance for housing, basic allowance for subsistence; and [the] Federal tax advantage accruing to the aforementioned allowances because they are not subject to Federal income tax.” 37 U.S.C. § 101(25).", "position": 50}, "a811e0a1-5022-48b4-86d4-19b089668d97": {"case_id": "81e9ca82-6b70-42a5-80d0-b458df60dc78", "opinion_id": "c613faf4-bf90-4c54-b4a9-f14526c1860c", "text": "Pursuant to Reserve Orders JA 17747, one-day travel was authorized on 11 July 1999. Lieutenant Colonel Phillips received one point in travel pay for 11 July 1999. Additionally, she received base pay, basic allowance for quarters, and basic allowance for subsistence for 11 July 1999. Lieutenant Colonel Phillips reported for duty at 0630 hours on 12 July and was released from duty on 1530 hours on 23 July 1999.", "position": 8}, "46bab247-220b-492b-9219-5c5d9167a649": {"case_id": "a1ad12fd-b1fe-4144-9c9d-ed01ff80b2f6", "opinion_id": "eb30000c-36f0-4872-b5ee-30325a0edcc1", "text": "B. Basic allowance for subsistence:", "position": 48}, "03cfa7a6-bfda-4eac-aa68-92e08179c627": {"case_id": "09a8c8c6-f6d4-4178-b6de-6a01820e7984", "opinion_id": "8a97fc10-9688-45a6-b1bf-7ac41b38671e", "text": "Basic Allowance for Subsistence (BAS)", "position": 54}, "8841be02-9106-413a-a865-6ade5c2b5edf": {"case_id": "50694cf8-bb53-4c03-b6e6-e658605ea9f4", "opinion_id": "5282c2b6-ee47-4d35-93bc-c96618998391", "text": "While stationed in Germany, Holly received OHA in addition to basic pay (BP) under 37 U.S.C. § 204 (1988), and basic allowances for subsistence (BAS) and quarters (BAQ) under 37 U.S.C. §§ 402 and 403 (1988). The Army concedes that Holley is entitled to retroactive BP, BAS, and BAQ as if he had never been discharged. The parties disagree as to whether or not Holley is entitled to an OHA in addition to the basic housing allowance provided for under 37 U.S.C. § 403, during the period of his constructive service. After considering the parties’ written and oral arguments, the court concludes that Holley is entitled to OHA.", "position": 8}, "9af42392-d8e0-4cbc-8ffe-c5c85898560c": {"case_id": "4aac0415-5a91-4d78-b3b8-3183f9ca9bd7", "opinion_id": "fc200c8d-a4d2-4b34-8f79-267246d7c3f9", "text": "(i) Base Pay (BP)\n(ii) Basic Allowance for Quarters (BAQ)\n(iii) Basic Allowance for Subsistence (BAS)\n(iv) Variable Housing Allowance (VHA)\n(v) Aviation Career Incentive Pay (ACIP)\n(vi) Aviation Officer Continuation Pay (AOCP)\n(vii) Hospital Benefits (HB) and\n(viii) Accrued Leave (monetary equivalent) (AL).", "position": 23}, "f4ed44ef-2855-4377-95d8-254bb6778f45": {"case_id": "7ab4e546-a9b0-4d53-a075-f4448d2a3061", "opinion_id": "1badd04a-da44-4ccc-8896-54b800caa442", "text": "In a bench trial, the military judge convicted appellant, contrary to his pleas, of attempting to conspire with Rebecca M. Petrie to steal military pay entitlements by falsely claiming that they were married, attempting to knowingly sign various official documents falsely stating he was married, and forging his squadron section commander’s signature to a basic allowance for subsistence (BAS) form. Violations of Articles 80 and 123, UCMJ, 10 U.S.C. §§ 880 and 923. The military judge sentenced appellant to a bad-conduct discharge, 8 months confinement, and reduction to E-l, which the convening authority approved.", "position": 2}, "444b620d-448f-4e18-9228-bc5948ea94be": {"case_id": "66ecd5eb-6425-4408-8a9f-0a92fb6460a7", "opinion_id": "9d44f380-a4a9-46ee-9997-825701435f9c", "text": "After leaving Germany, the appellant was reassigned to the accounting and finance office at McGuire Air Force Base, New Jersey. There, in late 1991 and early 1992, the appellant made data entries in his computerized finance records to pay himself more than $1,200 in Basic Allowance for Subsistence (BAS) for which he was not eligible. Because of these entries, the appellant’s monthly pay and allowances were higher. This produced a larger “pot” of money, against which the Air Force would offset the appellant’s outstanding debt from the “casual” payments. As a result, the appellant had more income left over after each offset. These computer entries are the basis for the appellant’s larceny conviction.", "position": 7}, "67541aab-202e-4421-8651-453787dc359a": {"case_id": "1661cf94-f8f9-4585-b92f-1c87106282f4", "opinion_id": "8240ec32-7d5f-4547-9b24-ecd09e566007", "text": "On February 20,1992, Air Force officials at Shaw Air Force Base, South Carolina, charged appellant with stealing pay entitlements; conspiring with Ms. Petri to do so by altering her brother’s Ohio marriage certificate to make it falsely appear she and appellant were married on April 20, 1991; knowingly signing various official documents falsely stating he was married; and forging his commander’s signature to a form to receive back BAS [basic allowance for subsistence] pay as of April 20, 1991. The offenses spanned the period from May 1 to October 7, 1991, the date appellant and Ms. Petri entered into a formal marriage ceremony in Sumter, South Carolina. The charges were referred to trial on March 21,1992.", "position": 6}, "451c8a40-b194-4e81-b03c-f386eb82f267": {"case_id": "63b3cdd1-ff09-4555-8c43-a38a0c219d69", "opinion_id": "07edf74c-2e80-44b2-859c-11ec2b72a538", "text": "The term “regular compensation” or “regular military compensation (RMC)” means the total of the following elements that a member of a uniformed service accrues or receives, directly or indirectly, in cash or in kind every payday: basic pay, basic allowance for quarters (including any variable housing allowance or station housing allowance), basic allowance for subsistence; and Federal tax advantage accruing to the aforementioned allowances because they are not subject to Federal income tax.", "position": 14}, "e946a0be-24e0-45f6-99f8-4825f2845b84": {"case_id": "f6a4a455-0975-4d83-aa41-640e04909e91", "opinion_id": "cdbb9336-e2a5-4846-ac6b-0876e1f8b92b", "text": "Singleton was incarcerated on November 24, 1995 and remained incarcerated during the entire period in question. Even though he was incarcerated, he was entitled to pay for the entire period until January 11, 1997. Supra. He was not, however, entitled to all of his allowances. In particular, he was not entitled to a basic allowance for subsistence (“BAS”), DoDFMR, vol. 7A, ch. 03, Table 3-1-6, nor to an overseas cost-of-living allowance (“COLA”). Id. Nor was he entitled to COLA for his daughter during this period.", "position": 25}, "9b129b7f-41ef-4552-9341-e04939f44d03": {"case_id": "9d649774-9be6-4d44-aa55-74b18e988af8", "opinion_id": "457e769e-06ea-4544-96c7-923e000a8ae9", "text": "12 . The First Cause of Action also alleged a violation of the following statutes: 10 U.S.C. § 633 (requiring 28 years of active commissioned service before retirement), see, e.g., Compl. HH 2, 14; 10 U.S.C. § 1214 (\"No member of the armed forces may be retired or separated for physical disability without a full and fair hearing if he demands it.”), see, e.g., Compl. HH9-11, 22, 24, 29, 39-44, 52(a)-(f); 37 U.S.C. § 204 (\"Pay and Allowances of the Uniformed Services”), see, e.g., Compl. HH 2, 14; 37 U.S.C. § 402 (“Basic Allowance for Subsistence”), see, e.g., Compl. HH 2, 14, 46-51; 37 U.S.C. § 403 (\"Basic Allowance for Housing\"), see, e.g., Compl. HH2, 14, 46-51; 10 U.S.C. § 1074 (\"Medical and Dental Care for Members and Certain Former Members”), see, e.g„ Compl. HH 2, 14, 46-51; 10 U.S.C. § 1552(a)(1) (\"Secretary of a military department may correct any military record ... to correct or remove an injustice.”). See, e.g., Compl. HH 32, 53.", "position": 121}, "65db32d0-61b6-475d-bd4b-9175571bbe4e": {"case_id": "f7b21bae-fbb4-4e0c-8b72-839d2eb6d81b", "opinion_id": "962bbcd5-50ad-4407-ba38-fd9f2c16a495", "text": "The issue in appellant’s case is whether his pleas of guilty to stealing basic allowance for quarters (BAQ) and basic allowance for subsistence (BAS) were improvident under the wrongful withholding theory of larceny. Appellant argues that he cannot be guilty of wrongfully withholding BAQ or BAS because he and the Air Force are not in a fiduciary relationship. In support of this proposition he relies on Watkins, 32 M.J. at 529 and Castillo, 18 M.J. at 595. We agree.", "position": 5}, "64487df2-4dc8-4ad7-86ba-96f7e583be69": {"case_id": "a51803c8-fb47-465e-a2ff-2d1a61ed8fc1", "opinion_id": "f482c7f3-3b9b-4feb-ace6-d29cb12c620e", "text": "Thomas’s monthly child support obligation was calculated using the formula in Alaska Rule of Civil Procedure 90.3(a), which fixed his obligation at thirty-three percent of his adjusted income. To calculate his adjusted income, Thomas submitted a Child Support Guidelines Affidavit in which he estimated his total monthly income to be $2,992.23. This sum included $1,571.40 in base pay, which Thomas received as a quartermaster with rank E-5 in the United States Coast Guard. It also included $80 attributable to his permanent fund dividend and $1,340.83 in “other” income. Thomas’s “other” income consisted of five allowances that he received from the Coast Guard: (1) a Basic Allowance for Quarters, (2) a cost of living allowance, (3) a clothing allowance, (4) a food allowance called Basic Allowance for Subsistence, and (5) a Valuable Housing Allowance. He received the Variable Housing Allowance, as well as portions of both the Basie Allowance for Quarters and the cost of living allowance, because he did not live on the Coast Guard base.", "position": 6}, "b46523de-4646-493f-b920-896e0924ef63": {"case_id": "cc1facbc-eae2-4a0d-8a8c-7b4af1044715", "opinion_id": "2ac16120-9965-49d7-90f1-c77dc0d63700", "text": "29 . Joshua also claims for the first time on appeal that his Basic Allowance for Subsistence should not have been included in the calculation of his child support obligation. We decline to reach this contention because Joshua did not first raise it in the superior court. Preblich v. Zorea, 996 P.2d 730, 736 n. 17 (Alaska 2000) (\" 'Ordinarily an issue which was not raised in the trial court will not be treated on appeal.'\" (quoting Padgeft v. Theus, 484 P.2d 697, 700 (Alaska 1971))). And Joshua has not provided any argument or citation to legal authority to support his position. See Sengul v. CMS Franklin, Inc., 265 P.3d 320, 330 (Alaska 2011) (concluding that appellant abandoned issues because he \"failed to provide any more than cursory briefing devoid of citation to legal authority\" (citations omitted)).", "position": 116}, "9d769ac7-1197-48e4-84ac-395eaa61a7df": {"case_id": "4a68e744-743d-40af-adc3-0b272045f36b", "opinion_id": "bb3771c5-d3f8-4264-aebb-8027d248e7f5", "text": "The husband contends that the amount of child support is not in conformity with the child support chart. See In re: Guidelines for Child Support Enforcement, 301 Ark. 627, 784 S.W.2d 589 (1990). He argues that the amounts of pay that are designated on the earnings statement as BAS OFF and BAQPD do not constitute income since the guidelines provide that “income” for purposes of calculating child support shall be the same as income for federal income tax purposes. He contends that BAS OFF, or basic allowance for subsistence for officers, and BAQPD, or bachelor’s allowance for quarters with dependents, are not income under the Internal Revenue Code. The argument may have merit, but it is not one that we reach because the chancellor was not apprised of the issue, and we do not consider issues raised for the first time on appeal. Menard v. City of Carlisle, 309 Ark. 522, 834 S.W.2d 632 (1992).", "position": 16}, "9e1b08e3-cd44-4350-9a36-5ff774605f69": {"case_id": "25376c43-0616-4dcc-a3c7-b821d2b96a8e", "opinion_id": "1426e298-e14c-489b-aa3d-af42d43fb912", "text": "2 . BAS payments are for the meals of the service member himself and explicitly do not apply to family members. Office of the Secretary of Defense, Basic Allowance for Subsistence (BAS), http://militarypay.defense.gov/ pay/bas/. Brown argues that not only BAH but also BAS should have been excluded from his income for child support calculation purposes. Because Brown’s arguments as to BAH and BAS rest on the premise that payments are not to be included in income when they are received by or on behalf of a family member other than the child-support payer, see infra p. 1082, and BAS payments are strictly for the service member rather than family members, we reject without need of further discussion his contentions as to BAS.", "position": 45}, "993b0882-2d65-4da4-a4c3-e07d5f3ddee3": {"case_id": "ddfca6a1-1951-4594-97d8-abb45a8b5442", "opinion_id": "9d65377b-57a1-46c0-8209-46f39374fd32", "text": "Soloman is a member of the United States Navy. In calculating temporary support, the court included in his gross income nontaxable military allowances, a basic allowance for housing (BAH) and a basic allowance for subsistence (BAS).", "position": 9}, "79647c0a-3a9c-4fdf-9fe1-fd28a2b1214b": {"case_id": "ddfca6a1-1951-4594-97d8-abb45a8b5442", "opinion_id": "9d65377b-57a1-46c0-8209-46f39374fd32", "text": "In State, DSS ex rel. D.F. v. L.T. (La. 2006) 934 So.2d 687, 693-694, the court likewise held the federal preemption doctrine is inapplicable to BAS and BAH payments despite their nontaxable status. The court relied in part on an article in the Military Law Review, which states: “ ‘In general, all of a soldier’s . . . pay and allowances should be considered as income for the purposes of setting the [child] support obligation. (Citation footnotes omitted.) Many soldiers live in government accommodations and eat in the mess hall for free. This “in kind” income . . . may justify an upward adjustment in support owed. Moreover, Basic Allowance for Quarters (BAQ [(now BAH)]), Basic Allowance for Subsistence (BAS) . . . and military . . . payments can constitute large portions of a soldier’s . . . total income. These items, however, are not taxable. If the state guidelines are based on gross pay, . . . the soldier’s income should be adjusted upward to account for the increased value of nontaxable income.’ ” (State, DSS ex rel. D.F. v. L.T., supra, 934 So.2d at p. 693, quoting Connor, Resolving Child Support Issues Beyond the Scope of AR 608-99 (1991) 132 Mil. L.Rev. 67, 78.)", "position": 41}, "a1f3903e-a128-4b2b-96f7-5432d08e8d30": {"case_id": "ddfca6a1-1951-4594-97d8-abb45a8b5442", "opinion_id": "9d65377b-57a1-46c0-8209-46f39374fd32", "text": "Similarly, in Massey, supra, 886 N.Y.S.2d at page 283, the court held the “federal statutory definition of ‘pay’ [(37 U.S.C. § 101(21))] [(garnishment statute)] is not relevant to the issue whether military allowances constitute income for purposes of calculating a member’s child support obligation under New York law. In any event, federal law defines ‘regular compensation’ or ‘regular military compensation’ as [including] ‘. . . basic allowance for housing [and] basic allowance for subsistence . . . .’ ” (Massey, supra, at p. 283, citing 37 U.S.C. § 101(25), italics added by Massey court.) Other courts have also “determined that military allowances are a species of remuneration subject to child support payments.” (State, DSS ex rel. D.F. v. L.T., supra, 934 So.2d at p. 693, citing Alexander v. Armstrong (1992) 415 Pa.Super. 263 [609 A.2d 183]; Merkel v. Merkel (1988) 51 Ohio App.3d 110 [554 N.E.2d 1346]; Jackson v. Jackson (Minn.Ct.App. 1987) 403 N.W.2d 248.)", "position": 43}, "aff0533e-94a0-4e1d-b43d-63cc07904b54": {"case_id": "4d352f6f-eee8-4c79-a886-a814a247aec5", "opinion_id": "30c590b1-a56f-4b9e-8bae-160f05c1e52b", "text": "(c) With respect to the calculation of gross income attributable to Aaron, Michelle argues that the trial court failed to count all income required by OCGA § 19-6-15 (f) (1) (E). Subparagraph (f) (1) (E) provides that, when a parent (such as Aaron) is an active-duty member of the Armed Forces, his income includes his base pay and drill pay, as well as any basic allowance for subsistence and housing, whether paid directly or received in kind. The trial court in this case properly determined that the gross income attributable to Aaron included $981 for his basic allowance for housing at the “without dependent” rate, as specified in subparagraph (f) (1) (E). As to other forms of military pay and allowances, Michelle points to testimony that Aaron received additional pay during deployment, including “hazardous duty pay, family separation, and tax free.” That additional pay, however, apparently amounts to “special pay or incentive pay” that is excluded from gross income under subparagraph (f) (1) (E). See Eldridge v. Eldridge, 291 Ga. 762, 763 (1) (732 SE2d 411) (2012). And in any event, the record shows that Michelle received much of the additional pay that Aaron previously had earned and that the additional pay ceased when Aaron last returned from deployment.", "position": 27}, "28d3d97f-9bbc-42fa-9047-c34d4e44bf9a": {"case_id": "56c2c1b4-98a9-4bef-851a-5fc03762fcf8", "opinion_id": "bf05567b-a090-4059-9ac5-4a5523eb1940", "text": "(1) Basic Allowance for Subsistence (“BAS”) = $59.44 per week. The BAS is provided for the payment of meals for military personnel who do not receive meals at the base. 37 U.S.C. § 402 (1996).", "position": 3}, "a8279df5-2efb-46cf-b8b2-97a80ef19807": {"case_id": "2c95c492-66f8-4c89-b198-61a476f79b92", "opinion_id": "24e64d8b-00e9-446b-8988-5b06823555c9", "text": "(i) Base pay;\n(ii) Drill pay;\n(iii) Basic allowance for subsistence, whether paid directly to the parent or received in-kind; and\n(iv) Basic allowance for housing, whether paid directly to the parent or received in-kind, determined at the parent’s pay grade at the without dependent rate, but shall include only so much of the allowance that is not attributable to area variable housing costs.", "position": 23}, "db2f6a1f-633d-4909-9cd1-429e38b5fe30": {"case_id": "67731c17-4027-4c94-a708-68377a7a4783", "opinion_id": "b8f14438-3022-472b-ac96-3ce5cd337850", "text": "Further evidence of the compensatory character of the Basic Allowances for Quarters may be found in 37 U.S.C.A. § 1009(b)-(d) (West Supp. 1976) in which the phrase “element of compensation” is used to describe collectively the following items: monthly basic pay, basic allowance for subsistence and the basic allowance for quarters. 37 U.S.C. § 1009 was'enacted for the first time in 1974 for the purpose of distributing military pay raises among each of the three elements of compensation in lieu of putting such raises solely into basic pay. By putting the increases into allowances as well as basic pay, it was the intent of Congress to “make the compensation system more understandable to military personnel in the future.” (emphasis added). S. Rep. No. 1132, 93d Cong., 2d Sess. 2, reprinted in [1974] U. S. Code Cong. & Ad. News 5358, 5359. Furthermore, 37 U.S.C. § 101(25) (Supp. V 1975) defines the terms “regular compensation” and “regular military compensation (RMC)” as “... the total of the following elements that a member of a uniformed service accrues or receives, directly or indirectly in cash or in kind every payday: basic pay, basic allowance for quarters, basic allowance for subsistence, and federal tax advantage accruing to the aforementioned allowances because they are not subject to Federal income tax,” (emphasis added).", "position": 57}, "fd65eaa4-db6e-46bd-b4af-410b9d7f35e9": {"case_id": "bc4acb93-5ce8-4fa8-a81b-161812fe438c", "opinion_id": "a90ca7c4-996f-42a4-ab03-79bd5095065d", "text": "Aecord-ing to the transcript of the hearing, the trial court held that the basic allowance for subsistence and housing should not be used for the purpose of calculating child support. The trial court noted that the military allowances (BAS and BAH), as defined by the United States Military, are “slightly different then a per diem allowance.” The trial court also noted that the military allowances are not taxed by the Internal Revenue Services, and .therefore, these allowances should not be imputed as income for the calculation of child support. The trial court found that this falls within the ambit of LSA-R.S. 9:315, which provides that gross income does not encompass per diem allowances, which are also not subject to federal income tax under the Internal Revenue Code. The State appealed both cases.", "position": 12}, "6bc64c6c-2dfa-4b04-a15f-586a75b1a71a": {"case_id": "bc4acb93-5ce8-4fa8-a81b-161812fe438c", "opinion_id": "a90ca7c4-996f-42a4-ab03-79bd5095065d", "text": "allowance as income, then the military allowances should not be considered as income to him in computing child support. Taylor points out that LSA-R.S. 9:315(C)(4)(d)(ii) specifically spells out that the definition of “gross income” does not include “per diem allowances which are not subject to federal income taxation under the provisions of the Internal Revenue Code.” We agree with Taylor that the definition of “gross ineome” excludes “per diem allowances.” We also agree that both military allowances and per diem allowances are tax exempt. However, the fact that the Internal Revenue Code excludes from gross income qualified military benefits, of which military allowances are a part, pursuant to 26 U.S.C.A. § 134, is of little weight in the determination of whether BAH and BAS should be included as income in calculating child support. The purposes underlying the two calculations are different. The Internal Revenue Code is concerned with reaching an amount of taxable income. Particularly, 26 |flU.S.C.A. § 134, provides in pertinent part, that: “qualified military benefit”, which means any allowance or in-kind benefit, was excludable from gross income. 134(1)(B). While on the other hand, Louisiana law is concerned with calculating the amount of income of both parents in order to determine the amount each parent can pay for the support of their child. See LSA-R.S. 9:315, et seq. Furthermore, if the Louisiana legislature intended its definition of income for child support purposes to parallel the calculation of income for tax purposes, then the language of the child support statutes or guidelines would have reflected this. However, it does not. Noteworthy is the Code of Federal Regulation, which provides in 32 C.F.R. § 733.3 that under the child support guidelines, gross pay includes not only the basic salary but the basic allowance housing; however the basic allowance for subsistence is excluded. Similarly, the Navy regulations, outlined in BUPERSINST 1610.10 (22 August 2002), sets forth that gross pay includes the BAH, yet excludes the BAS. However persuasive, this regulation is not controlling in determining the military allowances inclusion in child support calculations as reasoned by Alexander v. Armstrong, 415 Pa.Super. 263, 609 A.2d 183 (1992).\nJurisprudence", "position": 35}, "0cd0e4cd-0aee-4cb4-ba19-5e75b6a8b49f": {"case_id": "bc4acb93-5ce8-4fa8-a81b-161812fe438c", "opinion_id": "a90ca7c4-996f-42a4-ab03-79bd5095065d", "text": "In general, all of a soldier’s ... pay and allowances should be considered as income for the purposes of setting the [child] support obligation. (Citation footnotes omitted) Many soldiers live in government accommodations and eat in the mess hall for free. This “in kind” income ... may justify an upward adjustment in support owed. Moreover, Basic Allowance for Quarters (BAQ), Basic Allowance for Subsistence (BAS) ... and military ... payments can constitute large portions of a soldier’s ... total income. These items, however, are not taxable. If the state guidelines are based on gross pay, ... the soldier’s income should be adjusted upward to account for the increased value of nontaxable income.", "position": 42}, "576767bc-9937-42cb-8501-ce012f373fcb": {"case_id": "2a4d6490-e184-4838-bf16-81ed663b4d82", "opinion_id": "87012e82-0a3b-49d3-b380-47fc4d7b32f4", "text": "Taylor is paid a “base pay”, or salary, as well as a basic allowance for housing and a basic allowance for subsistence. The basic allowance for housing is paid to qualifying military personnel to obtain housing when the military is unable to provide the housing. The basic allowance for subsistence is paid to qualifying military personnel to offset the cost of food for those who live off of the military base. These military allowances are non-taxable.", "position": 16}, "2d7324d2-8e9e-4a94-976d-2a7b1d10fd23": {"case_id": "b8d19dfc-da1a-40eb-843b-21113c98da8b", "opinion_id": "1a37f80b-9e41-4e43-9aaa-fe5da14ef4d7", "text": "Sgt. Peterson argues that military allowances, in particular, monthly basic allowances for quarters (BAQ), a variable housing allowance (VHA) and a basic allowance for subsistence (BAS) from the United States Air Force, are not wages or a species of remuneration that are subject to garnishment under § 659 for child support payments. He contends that only those kinds of pay, specifically enumerated in 37 U.S.C. §§ 402 and 403, are subject to garnishment, and in this case, the monthly allowances he received for off-base housing are not so included. We decline to create a distinction between military basic pay and the type of military allowance received by Sgt. Peterson with reference to his child support obligations. The legislative history of 42 U.S.C. § 659 clearly reveals the problem which the Congress was attempting to address:", "position": 9}, "0bf1406c-486f-4ce8-86bc-fa28af9fcaf5": {"case_id": "b8d19dfc-da1a-40eb-843b-21113c98da8b", "opinion_id": "1a37f80b-9e41-4e43-9aaa-fe5da14ef4d7", "text": "On September 2, 1981, the appellee, Mrs. Peterson, filed for an increase in child support payments contending Sgt. Peterson’s income had increased substantially. On November 17, 1981, the trial court entered its order, finding that Sgt. Peterson’s net income had increased by 50% since the date of the agreement, by virtue of his receiving from his employer, the United States Air Force, a monthly allowance for quarters (BAQ), a variable housing allowance (VHA), and a basic allowance for subsistence (BAS), all for the purpose of Sgt. Peterson’s off-base housing. The total allowances amounted to $481.30 per month. The trial court found that there had been a significant change in the financial affairs of Sgt. Peterson that would justify an increase in child support payments from $250.00 to $350.00 per month.", "position": 3}, "36b50a19-2aaa-4f0f-8d11-eb376fe425ca": {"case_id": "baa22299-df72-42c9-875c-cf3b869d2ab8", "opinion_id": "ab63a47a-4f4e-4ed8-8556-6ed893557461", "text": "[¶ 5] After the parties submitted child support calculations and briefs on the issue, the court entered an order setting Brian Wilson’s child support obligation. The court found Brian Wilson was providing Cheryl Wilson with child support during the separation. The court found Cheryl Wilson applied for medical assistance in August 2011, the State attempted to serve Brian Wilson at that time but he would not accept service, and the court ordered the child support obligation would begin in August 2011. The court calculated Brian Wilson’s income to determine his child support obligation and found he received base pay and large allowances for housing and living expenses while he was stationed overseas in 2011 and 2012. The court found the allowances included $4,184 per month for Overseas Housing Allowance (“OHA”) and $1,328 per month in a Cost of Living Allowance (“COLA”) in 2011. The court found the OHA and COLA payments included $325 for Basic Allowance for Subsistence (“BAS”) and $1,310 for Basic Allowance for Housing (“BAH”) in 2011. The court included Brian Wilson’s base pay and BAS and BAH amounts to calculate his income, but found the OHA and COLA payments were not income for child support purposes. The court calculated Brian Wilson’s child support obligation and ordered he pay $1,358 per month for August to December 2011, $1,415 per month for 2012, $761 per month for January to October 2013, and $704 per month after October 2013. The court entered a subsequent order giving Brian Wilson credit for the child support he voluntarily paid while the parties were separated.", "position": 6}, "d79905ac-5dd8-45f9-a390-81f196e705a3": {"case_id": "9b949ca7-eecd-4281-a5a2-043ca3581fc4", "opinion_id": "875569a0-a1ed-405c-af2e-ddcdd8ee63a1", "text": "Although not expressly stated, plaintiffs’ theory implies that military agencies, as an incident to their primary function (See: Continental Can Co. v. Nudelman, 376 Ill. 446,) are selling food to enlisted personnel and that the latter pay in services, thus effecting a resale for a valuable consideration. We rejected this reasoning in Belleville Shoe Manufacturing Company v. Department of Revenue, 7 Ill.2d 574, where it was claimed the transfer of clothing by the government to military personnel was a resale within the contemplation of our tax act, and it is our opinion that it has no greater application here. As more fully discussed in the Belleville cense, the Federal constitution, which speaks of supporting and maintaining armed forces, (U. S. Const. art. I, sec. 8,) hardly admits to a concept that the members of the military and the government stand in the position of buyer and seller when the former are furnished with food, clothing and shelter. This is further borne out by Army Regulation 35-1460, relied upon by plaintiffs, which is titled: “Basic Allowance for Subsistence.” In the section dealing with enlisted personnel it is provided: “The term ‘rations in kind’ includes cooked rations and meals furnished by the Government whether obtained by contract or otherwise.” (Emphasis ours.) Again the section states: “The term ‘being subsisted at Government expense’ will be considered applicable to enlisted members who are subsisted in kind by the Government, and to enlisted personnel while they are in a travel status and are entitled to a travel per diem allowance in lieu of subsistence or to a mileage allowance.” (Emphasis ours.) The use of the word “furnished” and the term “at Government expense,” as well as the entire system of giving enlisted men rations in kind negates the thought that the transfer of food between the government and its soldiers is a resale. Moreover, the army methods of providing subsistence should not obscure the fact that what we are concerned with here is a construction of our own statute, or, more specifically, a determination of what the legislature meant by “resale” within its definition of a sale at retail. Most certainly the provisioning of troops at the government’s expense is not a resale within the legislative intent. Thus whether appraised in the light of our statute or the army regulations cited to us, it is our opinion that the transfer of food to enlisted personnel is not a resale, and that the first liability test of the statute is met.", "position": 5}, "7dbc9849-7fc7-4e2e-b5c8-8254f7dcccfa": {"case_id": "5af938f0-565f-41e0-bde3-d3dbf405487b", "opinion_id": "7176a269-4011-4e21-9fd9-77b8d7f220d6", "text": "Disposable Earnings. (1) In determining disposable earnings for a member assigned within the contiguous United States, include the following payments. For definitions of these items, see DoD 5000.12-M. (i) Basic pay (including Military Service academy cadet and midshipman pay), (ii) Basic allowance for quarters for members with dependents, and for members without dependents in grade E-7 or higher, (iii) Basic allowance for subsistence for commissioned and warrant officers, (iv) Special pay for physicians, dentists, optometrists & veterinarians, (v) Submarine pay. (vi) Flying pay (all crew members), (vii) Diving pay. (viii) Proficiency pay or special duty assignment pay. (ix) Career sea pay. (2) To determine disposable earnings for a member assigned outside of the contiguous United States, the following shall supplement the payments listed in paragraph (b)(1) of this section: (i) Foreign duty pay. (ii) Special pay for duty subject to hostile fire (applies only to members permanently assigned in a designated area), (iii) Family separation allowances (only under certain type-II conditions), (iv) Special pay for overseas extensions, (c) Calculations of disposable earnings shall exclude: (1) Amounts owed by the member to the United States. (2) Amounts mandatorily withheld for the U.S. Soldiers’ and Airmen’s Home. (3) Fines and forfeitures ordered by a court-martial or by a commanding officer. (4) Federal and State employment and income taxes withheld to the extent that the amount deducted is consistent with the member's tax liability (5) Deductions tor the Servicemen's Group Life Insurance Coverage. (6) Advances of pay received by the member before receipt of notice (see paragraph (c)(1) of this section) that may be due and payable by the member at some future date. Requests for advances received after notice for a statutorily required support allotment shall be reduced by the amount of the statutorily required support allotment. (7) Other amounts required by law to be deducted.\"", "position": 63}, "39e460c2-a05c-47f1-9c90-872421a160ca": {"case_id": "49924046-5b86-4ab4-92d3-7a8323b989a2", "opinion_id": "2caca803-2167-47dd-895b-5b84ee6b50f3", "text": "In addition to a soldier’s base pay, Congress has provided an allowance for quarters to supplement off-base housing expenses (BAQ), a variable housing allowance (VHA) and a basic allowance for subsistence (BAS). The record shows that all of respondent’s military allowances added to his base pay minus his income tax deductions provide him with a monthly income of $2,206.36, which would yield a monthly child support obligation of $441.27 for his and petitioner’s minor child under the relevant statutory guidelines, which establish child support payments amounting to 20% of the payor’s net income for a single child. (750 ILCS 5/505(a)(1) (West 1992).) The trial court, however, determined respondent’s child support obligation by subtracting his BAQ, VHA and BAS allowances and deducting for taxes to reduce the amount of child support to $282 a month.", "position": 5}, "b57e46ac-a2af-4e0f-8a5a-1fc41016fa58": {"case_id": "459c6228-83c5-47ba-b012-91b5d85eea45", "opinion_id": "b9ec8a62-02f1-4bdb-831c-1cc99ede3958", "text": "A la fecha de los hechos, el recurrido devengaba un ingreso mensual bruto de $1,957.80. Su salario mensual neto era de $1,679.60. Recibía, además, un subsidio mensual (“Basic Allowance for Subsistence\") de $267.10, para un ingreso neto mensual de $1,946.70.", "position": 10}, "9351f7a0-60c4-4f09-bf26-acacc92aa68b": {"case_id": "930daf38-9eb3-42e6-b860-e37edf19fa52", "opinion_id": "28590e08-7f61-4d37-bdad-3c264f1067fb", "text": "In Peterson v. Peterson, supra, Mr. Peterson, a Technical Sergeant in the United States Air Force, appealed from an order increasing his child support payments on the basis that his income increased due to his receiving BAQ, VHA and BAS (basic allowance for subsistence) (food allotment). Sgt. Peterson contended that his military allowances were not income because they were not subject to garnishment under federal law. The Supreme Court, focusing only on 42 U.S.C.A. § 659 and the legislative history of that section, held that military allowances for off-base housing are \"payments under the Federal programs in which entitlement is based in employment____ [and] [tjherefore— are proper sources of income that a state trial court can consider in determining whether there has been a financial change of circumstances sufficient to warrant an increase of child support payments.” Peterson v. Peterson, supra, 652 P.2d at 1198.", "position": 46}, "7af69076-1925-45d7-bf05-9a600d073095": {"case_id": "b154202a-5599-4959-9f02-fd13cb8f1fa5", "opinion_id": "c0ad1d2e-d7fc-4484-8153-31dc6547cc20", "text": "Father relies on Exhibit 2, a grouping of his retiree account statements, which shows nothing concerning a military dependent allotment. Father also relies on Exhibit 14, a grouping of his pay stubs through 2005, but Exhibit 14 also shows nothing about a military dependent allotment. Each pay stub in Exhibit 14 contains a record of payment of basic allowances for subsistence, housing, and quarters. And, neither father nor mother testified concerning the significance of Exhibits 2 and 14.", "position": 14}, "d5145201-e3b5-4148-a84c-b8966af2cd1a": {"case_id": "92927879-0c24-4a74-a181-46f0401da56b", "opinion_id": "00352eb1-4d05-4067-b696-d9b81224ee48", "text": "“ ‘Gross income’ means, except as excluded in this division, the total of all earned and unearned income from all sources during the calendar year, whether or not the income is taxable, and includes, but is not limited to, income from salaries, wages, * * *; income of members of any branch of the United States armed services or national guard, including, but not limited to, amounts representing base pay, basic allowance for quarters, basic allowance for subsistence, supplemental subsistence allowance, cost of living adjustment, specialty pay, variable housing allowance, and pay for training or other types of required drills jji ^ »", "position": 15}, "0bc58328-5fa9-45e2-b73a-54408088eb1c": {"case_id": "92927879-0c24-4a74-a181-46f0401da56b", "opinion_id": "00352eb1-4d05-4067-b696-d9b81224ee48", "text": "The record indicates that in determining appellant’s gross annual income, the trial court included in appellant’s income his base pay, basic allowance for quarters, basic allowance for subsistence, specialty pay, and variable housing allowance. After a thorough review of the record, we find no evidence that in calculating his annual gross income for child support purposes the trial court considered any other military benefits to which appellant may be entitled other than those allowed by R.C. 3113.215. Accordingly, appellant’s first assignment of error is overruled.", "position": 18}, "5f5c2371-e686-4580-92b4-9b1ef44bcc3f": {"case_id": "c387e715-7626-4dbd-9ce0-e5bd4a21b526", "opinion_id": "f024f413-9c94-40f2-90c4-49d0bada6996", "text": "{¶ 14} “Gross income includes income of members of any branch of the United States armed services or national guard, including, amounts representing base pay, basic allowance for quarters, basic allowance for subsistence, supplemental subsistence allowance, cost of living adjustment, specialty pay, variable housing allowance, and pay for training or other types of required drills; self-generated income; and potential cash flow from any source.” (Emphasis added.)", "position": 15}, "a7e87c09-ff79-49cb-a0c4-a5a0dbfc2bba": {"case_id": "d5db94db-485b-4f55-ab27-5590ddf1b757", "opinion_id": "ba7dca58-1e8b-446b-aa88-60f9f668c811", "text": "5 . Basic Allowance for Subsistence.", "position": 54}, "3b549088-54bd-463b-8cbf-c0dca1bbd288": {"case_id": "3ea063dc-6bcd-48dd-8014-9e7806860b88", "opinion_id": "ad4bceeb-0807-4a67-af96-3a0b9f051c67", "text": "Regulations promulgated pursuant to 42 U.S.C. § 659 (1975) (which provides for enforcement of support obligations of federal employees) clearly state that military pay designated “basic allowance for quarters” and “basic allowance for subsistence” are not garnishable. 5 C.F.R. § 581.104(h)(2) (1980). The record shows that the trial court did include the monthly sums for quarters and rations paid to Bernard in calculating his net income. However, the federal laws and regulations cited above are not in conflict with our state statutes on child support. In Rose v. Rose 481 U.S. -, 107 S.Ct. 2029, 95 L.Ed.2d 599 (1987), a disabled veteran, whose income consisted of veterans’ and other federal benefits, appealed a finding of contempt for failure to pay child support on the grounds of preemption of federal law. The veteran argued, as one basis for preemption, that federal law prohibits garnishment of veterans’ disability benefits and thereby embodies a congressional intent that such benefits “not be subject to any legal process aimed at diverting funds for child support^] ” (emphasis in original) 107 S.Ct. at 2038. The Court stated “ [WJhile it may be true that these funds are exempt from garnishment or attachment while in the hands of the Administrator, we are not persuaded that once these funds are delivered to the veteran a state court cannot require that veteran to use them to satisfy an order of child support.” 107 S.Ct. at 2039. The Court noted that the purpose of these federal laws was to avoid sovereign immunity problems, not to shield income from valid support orders.", "position": 16}, "154f5f8d-6c2d-49e1-a110-adbc55d0b885": {"case_id": "eba77dc1-e259-462b-8bbf-836c30a2e9d7", "opinion_id": "9256c44d-ea7d-4be3-b8be-d1e0625ffbbd", "text": "The father further contends that BAH and BAS should be excluded from income for child support purposes because a military member’s “pay” does not include military allowances pursuant to 37 USC § 101 (21). There is no merit to that contention. The federal statutory definition of “pay” is not relevant to the issue whether military allowances constitute income for purposes of calculating a member’s child support obligation under New York law. In any event, federal law defines “regular compensation” or “regular military compensation” as\n“the total of the following elements that a member of a uniformed service accrues or receives, directly or indirectly, in cash or in kind every payday: basic pay, basic allowance for housing, basic allowance for subsistence-, and Federal tax advantage accruing to the aforementioned allowances because they are not subject to Federal income tax” (37 USC § 101 [25] [emphasis added]).", "position": 12}}