{"e838b4bb-9527-4399-a06b-b9b3ac87feda": {"case_id": "b6e93833-7d07-4a83-a585-6d3ca0609ba2", "opinion_id": "63886196-b676-40db-8f0a-38ac947fe48c", "text": "For example, the NGPSA requires the gas pipeline facilities to meet minimum safety standards set by the Secretary of the Department of Transportation. See 49 U.S.C. §§ 60102-03. In setting those standards, the Secretary is required to consider the location of the facility, including inter alia the population and demographics of the surrounding area, existing and proposed land uses near the location, natural physical aspects of the location, and medical, and law enforcement and fire prevention capabilities near that location that could cope with any risk caused by the facility. Id. § 60103(a). The safety standards also are required to address the design, construction and testing of such facilities. Id. § 60103(b).", "position": 23}, "7a04fb1b-1db6-4093-8ce4-3881fa96313b": {"case_id": "c1450522-c53e-45cb-8cb3-e2bbc3814500", "opinion_id": "9409d322-3259-4526-b33d-c7c64a3cb46c", "text": "The Gas Gathering Agreement provides that Bayou will accept gas from specific R & C wells into Bayou’s gas pipeline facilities and that Bayou will transport such gas to certain destination points for delivery to R & C’s customers. For such service, the Gas Gathering Agreement provides that R & C will pay a monthly gathering charge to Bayou based on the volume of R & C’s gas transported during that month through Bayou’s facilities. The parties stipulated that the Gas Gathering Agreement was effective from November 1, 1992 until June 30, 1995, when it was terminated by R & C’s rejection under 11 U.S.C. § 365(a).", "position": 5}, "70443ccb-1bde-4b91-ba0b-7a0289c82bbe": {"case_id": "fdb8f3a2-7433-4afa-9139-cb411be04a43", "opinion_id": "de50a6ee-e924-4c72-8a4d-6cf2a3aa1663", "text": "On February 19, 1997, KNW filed with FERC a “Request Under Blanket Authorization” seeking authority to construct, install and operate a four-mile, 6.625 inch diameter pipeline; a one-mile, 4.5 inch pipeline; and related taps on the existing gas pipeline facilities of CIG in Morgan County. KNW’s proposed pipéline would transport gas from CIG’s pipeline directly to the Leprino and Excel plants, thereby bypassing Fort Morgan’s local distribution system. As all parties agree, KNW’s proposed new pipeline facilities (the subject of this appeal) are physically separate from the remainder of KNW’s interstate pipeline facilities.", "position": 5}, "0971eb86-6bb3-4afc-a520-1a626a562cf6": {"case_id": "264b84a0-0ec7-4373-8155-1e2de4727403", "opinion_id": "4dbc2487-66fa-4614-907e-dab977681e45", "text": "To understand the role of the Coast Guard’s letter of recommendation in the regulatory process, it is necessary to review the historical development of the legal framework for siting LNG terminal facilities. Prior to 2005, different federal agencies allocated responsibility for regulating LNG terminal facilities amongst themselves by means of interagency agreements, with little guidance from Congress. The Natural Gas Act of 1938 (NGA) authorized FERC’s predecessor agency (the Federal Power Commission) to approve the import and export of natural gas, 15 U.S.C. § 717b (1938), and the extension and improvement of transportation facilities, 15 U.S.C. § 717f (1938), but did not reference LNG terminal facility siting responsibility. Beginning in 1968, Congress enacted a series of pipeline safety statutes that gave the Department of Transportation (DOT) authority to issue minimum safety standards for siting new liquefied natural gas pipeline facilities, 49 U.S.C. § 60103. DOT and FERC ultimately entered into an interagency agreement to allocate their respective responsibilities. See Memorandum of Understanding between the Department of Transportation and the Federal Energy Regulatory Commission regarding Liquefied Natural Gas Transportation Facilities (1985).", "position": 6}, "6ab2e2e8-c764-4d08-8df6-8aae253d6aa4": {"case_id": "9d90bd6f-8977-4a9e-87cf-629fed1a6d54", "opinion_id": "a59a979a-36c1-4ea1-bcaf-b88a9b519557", "text": "Finally, the NGA Defendants urge that federal jurisdiction will not disturb the balance of federal and state responsibilities, stating that “[t]he authorizations issued to the NGA Defendants have been considered to be enmeshed in interstate commerce subject to the authority of the federal government for almost a century and FERC’s exclusive role under the NGA in reviewing and authorizing the construction and of [sic] interstate natural gas pipeline facilities necessarily entails interpretation of federal law.”", "position": 619}, "e4fbe61c-2f79-4e95-ab25-bc0a1d76e391": {"case_id": "e7e9acc1-43b8-4f85-8b92-7c5072342148", "opinion_id": "c5610945-dfe0-40f5-80a5-b941a6a64e84", "text": "Under the Natural Gas Act (“NGA”), FERC has jurisdiction to approve the construction of natural gas pipeline facilities and to regulate the transportation of natural gas in interstate commerce. 15 U.S.C. § 717, et seq. (2000). Any pipeline seeking to build or to expand its facilities must first apply for a certificate of public convenience and necessity from FERC. After notice and hearing, FERC may authorize or “certificate” any pipeline project that the agency determines is “necessary or desirable in the public interest.” Id. § 717f.", "position": 9}, "a65323b8-364f-4fad-ad8f-5f061c523354": {"case_id": "ca7c6534-b5e5-4976-9ef6-a99a6fcba1b2", "opinion_id": "1474cbc7-a01d-4439-a001-3dde9e2c6f62", "text": "Defendants correctly argue that Plaintiffs requested relief of ejecting and dispossessing Defendant and its intrastate natural gas pipeline facility from the subject property, together with the resulting disruption of pipeline operations, would effect an abandonment and reroute of such facilities without FERC approval, thereby violating the FERC Certificate and Section 717f of the Natural Gas Act. And as Defendant points out, the exclusive provisions for rehearing, review, or modification of an order issued by the FERC are contained within Sections 19(a) and (b) of the Natural Gas Act. See 15 U.S.C. §§ 717r(a), (b). The FERC even has procedures for untimely intervention, for good cause shown, to allow aggrieved persons to become parties to its proceedings. See 18 C.F.R. § 157.10(a). Similarly, the Natural Gas Act has exclusive procedures for abandoning facilities and services: 15 U.S.C. § 717f(b). The FERC rules provide the specific procedures for making application to abandon facilities and service. 18 C.F.R. § 157.18.", "position": 6}, "095e00e2-89c7-48e0-9889-05d99c8296de": {"case_id": "3d7cd9cc-dd38-4ee4-bfb6-4eade310a4f0", "opinion_id": "36f23791-72f2-4bb6-9e61-07e45e5c5207", "text": "Northern Border Pipeline Company and Natural Gas Pipeline Company of America petition for review of orders of the Federal Energy Regulatory Commission directing Northern Border to record the cost of a gas pipeline facility it had purchased from Natural in accordance with FERC’s Uniform System of Accounts. We deny the petition.", "position": 2}, "dcc13fb1-ee86-4683-b36b-6ac4596ef903": {"case_id": "26770ce1-9fd1-4a3a-bb61-2c7b6ba4858a", "opinion_id": "2aeb14ed-989a-4eec-848e-64159b5fdb76", "text": "Section 7 of the Natural Gas Act, 15 U.S.C. § 717f, prohibits the construction of certain natural gas pipeline facilities without a certificate of public convenience and necessity issued by the Commission; section 7(e) authorizes the Commission “to attach to the issuance of the certificate and to the exercise of the rights granted thereunder such reasonable terms and conditions as the public convenience and necessity may require.” PGT contends that the Commission exceeded its authority under § 7(e) by conditioning PGT’s certificate upon the pipeline earning the minimum reasonable rate of return, 10.13%.", "position": 12}, "2b19999f-727f-4451-9243-a9b3ad4a1ae6": {"case_id": "632ece7c-2f62-4d30-92a4-d614b9163c96", "opinion_id": "c2d34084-302f-4da4-bcaf-528ab8e80ef6", "text": "Duke Energy Field Services (“Duke”) and El Paso Field Services Co. (“El Paso”) own and operate natural gas pipeline facilities in areas covered by the Outer Continental Shelf Lands Act (“OCSLA”), 43 U.S.C. §§ 1301-1356. Several putative in-tervenors are similarly situated.", "position": 4}, "7e21964f-2b69-48e1-9b94-aa19fe324e33": {"case_id": "5efc60af-de35-4bfc-ac6f-24f01216437d", "opinion_id": "f1f5bf94-27ed-460c-b89a-78e9e10301e2", "text": "On October 1, 1992 Northwest Pipeline Corporation (“Northwest”) filed for a general rate increase under § 4 of the Natural Gas Act, 15 U.S.C. § 717c, to cover costs associated with a previously authorized expansion of its natural gas pipeline facilities. The Federal Energy Regulatory Commission rejected certain proposed tariffs, accepted and suspended other proposed tariffs subject to refund, and set an evidentiary hearing. Almost a decade later, in two different consolidated cases, petitioners are seeking review of the relevant rate increase, which because of later filings by Northwest was in effect only from April 1, 1993 through October 31, 1994.", "position": 1}, "baf8cf2d-12c5-46e0-a7ab-b536437aeefd": {"case_id": "d12589a2-9e9a-4d1f-aaa3-572ca39281fd", "opinion_id": "ef255ef9-20bf-49c4-a3e0-3e733fc107a3", "text": "Section 7 of the Natural Gas Act (“NGA”), 15 U.S.C. § 717f, “prohibits the construction of certain natural gas pipeline facilities without a certificate of public convenience and necessity issued by the Commission.” Altamont Gas Transmission Co. v. FERC, 92 F.3d 1239, -1243 (D.C.Cir.1996). To satisfy section 7’s “public convenience and necessity” requirement, an applicant must prove that the facility it proposes to build “is or will be required by the present or future public convenience and necessity.” 15 U.S.C. § 717f(e). Following promulgation of Regulation of Natural Gas Pipelines after Partial Wellhead Decontrol, FERC Stats. & Regs. ¶ 30,665 (1985) (“Order 436”), parties were allowed to seek optional expedited certificates (“OEC”), which entitled them to begin construction of a pipeline without first securing a FERC finding of public convenience and necessity. See id. at 31,573-85. In exchange for expedited licensing under Order 436, OEC licensees were obligated to assume the financial risks associated with building the facility. Associated Gas Distrib. v. FERC, 824 F.2d 981, 1030-31 (D.C.Cir.1987).", "position": 3}, "54944e35-266f-4272-a1b3-7881979c03c4": {"case_id": "4044d33c-0b07-4af5-8fb7-21319c5485c5", "opinion_id": "6a4b41ed-5387-48c3-8381-307abf07d23b", "text": "(3) “gas pipeline facility” includes a pipeline, a right of way, a facility, a building, or equipment used in transporting gas or treating gas during its transportation^]\n(9) “intrastate gas pipeline facility” means—\n(A) a gas pipeline facility and transportation of gas within a State not subject to the jurisdiction of the Commission under the Natural Gas Act (15 U.S.C. [§ ] 717 et seq.); and\n(B) a gas pipeline facility transporting gas from an interstate gas pipeline in a State to a direct sales customer in that State buying gas for its own consumption[.]", "position": 74}, "d01c9ffd-9ca7-49a7-ac39-1c53dc5d89e0": {"case_id": "115bdd5d-f8d0-4d1e-9b01-33039f08ad26", "opinion_id": "48e21fb3-078b-43ea-bf89-3528485260ca", "text": "I GRANT summary judgment to Mari-times on Count II of its Complaint, requesting a declaratory judgment. Pursuant to its deed with Kennebec West, Maritimes has the right to use the Stud Mill Road, between what are marked points A and G in the conveyance maps of the deed, and a spur from the Stud Mill Road (Road 33-00-0), marked from point G to H, for the purpose of accessing the Woodchopping Ridge property for construction, maintenance, and operation of natural gas pipeline facilities. ECHO has the right to move the Stud Mill Road or provide Maritimes alternative equivalent access to the Woodchopping Ridge property.", "position": 32}, "1995138c-d07f-4329-b95a-8d20dd362ce2": {"case_id": "959d7157-d882-4da5-9496-19052a54a4c2", "opinion_id": "4ab781e2-bbcf-4588-b2be-3342d815d063", "text": "Early in the decade, AES Ocean Express, LLC (AES), and Southern Natural Gas Company (Southern) began efforts to import re-gasified LNG into Florida Gas’ pipeline system in Florida, the “Market Area.” AES and Southern filed applications with FERC seeking certificate authorization under Natural Gas Act (NGA) section 7(c), 15 U.S.C. § 717f(c), to construct and operate interstate natural gas pipeline facilities to transport LNG into the Market Area by interconnecting with Florida Gas’ pipeline. Meanwhile, AES attempted to negotiate an interconnection agreement with Florida Gas to allow AES to connect its proposed LNG pipeline to Florida Gas’ pipeline. After negotiations broke down, AES filed a complaint with FERC, initiating the AES v. FGT proceeding. FERC ordered a hearing pursuant to NGA section 5, 15 U.S.C. § 717d, which eventually led to the orders challenged here.", "position": 49}, "5f06d6b5-5e94-4ce0-b8fa-30d20da42429": {"case_id": "3e000a87-96b8-4cbc-8b12-a785434f458a", "opinion_id": "90cf89a8-0447-4250-8134-4e393e9cb388", "text": "Upon receiving the Commission’s order, Jersey Central filed an Application for Rehearing, J.A. at 99-135, seeking a full evidentiary hearing in which its proposal, and the factual foundation supporting it, could be examined. Jersey Central argued that NEPCO did not control because the allocation of risk in Jersey Central’s proposal was different from, and more favorable to consumers than, the allocation proposed and rejected in NEPCO. Jersey Central argued as well that more recent Commission precedent on the treatment of abandoned investments in gas pipeline facilities provided support for its proposal. Finally, Jersey Central advanced a position that became the central issue briefed and argued in this appeal. It is axiomatic that the end result of Commission rate orders must be “just and reasonable” to both consumers and investors, and that, in achieving this balance, the Commission must consider the impact of its rate orders on the financial integrity of the utility. Jersey Central argued that, for these reasons, the Commission may not summarily exclude an investment from the rate base when the utility has alleged that its ability to attract capital will be seriously jeopardized as a result. Jersey Central contended that it was entitled to a hearing at which it would have the opportunity to prove its allegations and demonstrate that the end result of the Commission's orders violated the applicable statutory and constitutional standards, a hearing that would create a record through which the Commission’s effort to balance the relevant consumer and investor interests would be subject to judicial review.", "position": 21}, "d30e8bc2-0ef9-4118-8e5a-8011be4e9af9": {"case_id": "9825653a-c3dc-412d-b276-cc50471506b3", "opinion_id": "77872b21-36db-4e28-9bfb-3e5f5a9eb016", "text": "This code has thus served as the interim federal code and is to be replaced with the adoption of minimum federal safety standards on November 12, 1970. “[T]he interim standards are to be revoked on that date except for those provisions applicable to design, installation, construction, initial inspection, and initial testing of new pipelines which will remain in effect until March 13, 1971,” 35 F.R. 13248. The Safety Act contemplated, and the regulations issued by the Department of Transportation thereunder provide, comprehensive standards and specifications for the construction, operation and maintenance of all natural gas pipelines facilities “in or affecting interstate commerce.” This includes crossing under roads and highways.", "position": 21}, "dd03bfed-b3c2-4107-a98c-291560e62d42": {"case_id": "630906e8-72b7-4575-a34f-204d2a5f81f8", "opinion_id": "cbba8872-6886-40a0-9f17-7a6bfe6500c7", "text": "Upon receiving the Commission’s order, Jersey Central filed an Application for Rehearing, J.A. at 99-135, seeking a full evidentiary hearing in which its proposal, and the factual foundation supporting it, could be examined. Jersey Central argued that NEPCO did not control because the allocation of risk in Jersey Central’s proposal was different from, and more favorable to consumers than, the allocation proposed and rejected in NEPCO. Jersey Central argued as well that more recent Commission precedent on the treatment of abandoned investments in gas pipeline facilities provided support for its proposal. Finally, Jersey Central advanced a position that became the central issue briefed and argued in this appeal. It is axiomatic that the end result of Commission rate orders must be “just and reasonable” to both consumers and investors, and that, in achieving this balance, the Commission must consider the impact of its rate orders on the financial integrity of the utility. Jersey Central argued that, for these reasons, the Commission may not summarily exclude an investment from the rate base when the utility has alleged that its ability to attract capital will be seriously jeopardized as a result. Jersey Central contended that it was entitled to a hearing at which it would have the opportunity to prove its allegations and demonstrate that the end result of the Commission’s orders violated the applicable statutory and constitutional standards, a hearing that would create a record through which the Commission’s effort to balance the relevant consumer and investor interests would be subject to judicial review.", "position": 18}, "8d199e77-3d3c-4725-8d1a-97d612f52694": {"case_id": "4c6e7e0d-8190-462b-9278-e093d5bd5719", "opinion_id": "98fbf1e4-0c50-496e-9c88-b6bb79a8991a", "text": "In this case, a plain reading of the NGPSA and its implementing regulations indicates that an underground storage field could be a “pipeline facility.” In an amazing display of circularity, the NGPSA defines a “pipeline facility” to include “a gas pipeline facility,” § 60101(a)(18), which it then further defines as a “a pipeline, a right of way, a facility, a building, or equipment used in transporting gas or treating gas during its transportation,” § 60101(a)(3) (emphasis added); see 49 C.F.R. § 192.3. If an underground storage field is any of these things, it may be a “pipeline facility.”", "position": 27}, "7b07d8e1-cbf6-4b84-863f-d1cd40e3a947": {"case_id": "a4100473-a331-4ef5-b24d-213fbf2eb776", "opinion_id": "d321fc14-88ce-4027-a657-8afa716953ca", "text": "This is an appeal of a district court’s declaratory judgment that certain gas pipeline facilities are not subject to safety standards promulgated by the Texas Railroad Commission because those standards are preempted by provisions of the Natural Gas Pipeline Safety Act. We affirm.", "position": 1}, "cef92956-f734-46ac-b7a0-73e414975963": {"case_id": "71a26598-a65b-4815-85c6-481ec9f5c2c0", "opinion_id": "64d11ae2-1740-4070-800c-f7a19ef97d94", "text": "In Texas Midstream Gas Servs., v. City of Grand Prairie, 608 F.3d 200 (5th Cir.2010), the Fifth Circuit reached a similar conclusion on analogous facts. There, a gas company sought to construct an interstate natural gas pipeline facility in Grand Prairie, Texas. Under Grand Prairie’s zoning regulations, the facility would have needed to comply with a 300 foot “setback” requirement under which all facilities needed to be set back at least 300 feet from a nearby road. The gas company sought a declaration that the setback requirement was preempted by the PSA arguing, as Washington Gas does here, that the PSA broadly preempts the siting of natural gas facilities. The Fifth Circuit disagreed, holding that the PSA’s preemptive effect is limited to the field of pipeline safety and that the setback requirement was not a safety standard but, rather, was primarily aimed at developing “neighborhood” aesthetics in the area. See Texas Midstream, 608 F.3d at 211 (“[T]he setback requirement primarily ensures that bulky, unsightly, noisy compressor stations do not mar neighborhood aesthetics.”)", "position": 80}, "993ac536-f581-4fac-abc7-45195471604b": {"case_id": "71a26598-a65b-4815-85c6-481ec9f5c2c0", "opinion_id": "64d11ae2-1740-4070-800c-f7a19ef97d94", "text": "Finally, we reject Washington Gas’s argument that the PSA preempts the County Zoning Plans by conflict. Conflict preemption exists where a state statute “stands as an obstacle to the accomplishment and execution of the full purposes and objectives of Congress.” Chi. & N.W. Transp. Co. v. Kalo Brick & Tile Co., 450 U.S. 311, 317, 101 S.Ct. 1124, 67 L.Ed.2d 258 (1981). Here, the County Zoning Plans do not stand as an obstacle to the accomplishment of the full purposes of Congress, because, as noted above, Congress’ purpose in enacting the PSA was to create federal minimum safety standards on all natural gas pipeline facilities. See 49 U.S.C. § 60102(a). Because the County Zoning Plans are not safety standards, they do not stand as an obstacle to the accomplishment of this purpose.", "position": 85}, "0b42711d-d1cf-47ed-af27-01cba8b0370f": {"case_id": "71a26598-a65b-4815-85c6-481ec9f5c2c0", "opinion_id": "64d11ae2-1740-4070-800c-f7a19ef97d94", "text": "Finally, Washington Gas asserts that this court should follow the United States District Court for the District of Rhode Island’s approach in Algonquin LNG v. Loqa, 79 F.Supp.2d 49 (D.R.I.2000), and conclude that the NGA does, in fact, preempt the County Zoning Plans. Washington Gas’s reliance on Algonquin is misplaced. In that case, the operator of an interstate natural gas pipeline facility sought a declaration that a Providence, Rhode Island ordinance requiring the operator to obtain local zoning approval for a proposed modification was preempted by the NGA and the PSA. The district court agreed, holding, “[tjhese statutes, together with the regulations promulgated pursuant to them, establish a comprehensive scheme of federal regulation that the Supreme Court has said confers upon FERC exclusive jurisdiction over the transportation and sale of natural gas in interstate commerce.” Algonquin, 79 F.Supp.2d at 51. Accordingly, the Algonquin court held that the city zoning ordinance was preempted.", "position": 114}, "797a0374-20c4-4dbe-b027-387d2ff8f842": {"case_id": "332369de-c6c5-4a4b-9456-4c82673058d8", "opinion_id": "f5f13850-84c9-4331-990a-d55a020e3fcd", "text": "As discussed above, Laclede amended its complaint on March 7, 2012, to add a claim against the County based on the PSA. The PSA provides that “[a] person may bring a civil action in an appropriate district court of the United States for an injunction against another person ... for a violation of this chapter.” 49 U.S.C. § 60121(a)(1). Section 60123(b) states that “[a] person knowingly and willfully damaging or destroying an interstate gas pipeline facility ... that is used in interstate or foreign commerce or in any activity affecting interstate or foreign commerce, or attempting or conspiring to do such an act, shall be fined under title 18, imprisoned for not more than 20 years, or both, and, if death results to any person, shall be imprisoned for any term of years or for life.” 49 U.S.C. § 60123(b). However, a PSA action cannot be filed until 60 days after proper notice is given to the Secretary of Transportation, or to the appropriate state agency, and to the person alleged to have committed the violation. See 49 U.S.C. § 60121(a)(1)-(2); see also Hallstrom v. Tillamook Cnty., 493 U.S. 20, 23 & n. 1, 110 S.Ct. 304, 107 L.Ed.2d 237 (1989) (noting that the 60-day notice requirement of the PSA was patterned after § 304 of the Clean Air Amendments; holding that similar 60-day notice requirement was a mandatory condition precedent to commencing suit and failure to meet requirement required dismissal).", "position": 19}, "0fcc3bb8-27c0-4234-a576-fb6cd4b45ac5": {"case_id": "f933ac0d-eea1-4826-af3d-e871d40ab345", "opinion_id": "87cfcd05-e334-4dcd-82d4-5d9a232357cc", "text": "This is a petition to review an order of the Federal Power Commission, (hereafter called the Commission) entered May 3, 1949, issuing a certificate of public convenience and necessity under Section 7, of the Natural Gas Act of June 21, 1938,. 52 Stat. 821, 15 U.S.C.A. § 717(f) to East Tennessee Natural Gas Company (hereafter called East Tennessee), in its Docket No. G-1065, In the Matter of East Tennessee Natural Gas Company. The certificate authorized East Tennessee to construct and operate natural gas pipeline facilities for daily, delivery and sale of .up to 60,000 mcf. of natural gas to the United States Atomic ■ • Energy . Commission (hereafter called AEC) for use .as a fuel in AEC’s gaseous diffusion plant at Oak Ridge, Tennessee, where uranium-235, one . of two fissionable materials used in atomic weapons, is produced.", "position": 45}, "dacbfe5e-31a2-403a-8dfe-cea1db76d7d5": {"case_id": "f933ac0d-eea1-4826-af3d-e871d40ab345", "opinion_id": "87cfcd05-e334-4dcd-82d4-5d9a232357cc", "text": "On July 2, 1948, the Tennessee Gas Transmission Company’, (hereafter called TGT) filed an application, Docket No. G-1070, In the Matter of Tennessee Gas Transmission Company, with the Commission for a certificate of public convenience and necessity authorizing the construction and operation of natural gas pipeline facilities to permit it to sell and deliver natural gas to East Tennessee for the Oak Ridge service. At this time TGT had on file with the Commission anoth.er certificate. application in Docket No. G-962, In the Matter of Tennessee Gas Transmission Company, in which it sought authority to construct and operate facilities to increase its system capacity from 660,000 mcf. to 1,000,000 mcf. of natural gas per day. The application of TGT in Docket Ño. G-1070 for facilities to permit it to sell 60,000 mcf. of gas per day to East Tennessee covered capacity in excess of that which was the subject of the amended application in Docket No. G-962.", "position": 46}, "116e141e-c2fa-4b7f-b878-abe5e576568e": {"case_id": "eb980ba3-5da7-4313-b623-5b8de3be1065", "opinion_id": "57703df3-8832-4488-a7a2-416ac7c589af", "text": "In other words, the only state action over interstate natural gas pipeline facilities that could be taken pursuant to federal law is state action taken under those statutes. In another provision, Section 19(d), the Natural Gas Act grants jurisdiction to the Courts of Appeals to review state agency action taken pursuant to federal law except for the Coastal Zone Management Act.", "position": 69}, "64378b2e-6529-4336-afd9-c90cb0962f18": {"case_id": "2da1ee51-ec37-405b-9da9-f3cb4c86e6c0", "opinion_id": "c8be3aaa-6a41-4210-abda-cb6206c41c7f", "text": "Our decision today is the first to consider whether the PSA preempts a setback requirement for a compressor station. However, our decision is consistent with PSA preemption jurisprudence from our court and elsewhere. Cases decided under the PSA’s predecessor statutes have uniformly invalidated parochial safety provisions. See ANR Pipeline Co. v. Iowa State Commerce Comm’n, 828 F.2d 465, 472-73 (8th Cir.1987) (NGPSA) (invalidating state permitting, inspection, and enforcement regime of natural gas pipelines); Natural Gas Pipeline Co. of Am. v. R.R. Comm’n of Tex., 679 F.2d 51, 52-53 (5th Cir.1982) (NGPSA) (invalidating state legislation protecting against release of hydrogen sulfide); United Gas Pipeline Co. v. Terrebonne Parish Police Jury, 319 F.Supp. 1138, 1140-41 (E.D.La.1970) (NGPSA) (invalidating ordinance regulating construction, installation, and operation of natural gas pipelines), aff'd per curiam, 445 F.2d 301, 302 (5th Cir.1971); N. Border Pipeline Co. v. Jackson County, 512 F.Supp. 1261, 1264-65 (D.Minn.1981) (NGPSA) (invalidating requirement that pipeline be buried at least six feet deep). None of these cases foreclose laws primarily related to aesthetics or non-safety police powers. See United Gas, 445 F.2d at 302 (“We do not hold that the Parish Police Jury cannot enact a valid ordinance requiring permits with reasonable conditions.”); cf. ANR Pipeline, 828 F.2d at 473-74 (evaluating effect of federal preemption on “nonsafety portions” of regime; upholding fees for federally mandated inspections carried out by state agency). Here, Congress has spoken clearly. The PSA preempts safety standards for natural gas pipeline facilities. Grand Prairie’s setback requirement is not a safety standard in letter, purpose, or effect. It may remain in force.", "position": 50}, "8d1855ef-ab5e-457b-b878-8a55fb10af54": {"case_id": "2da1ee51-ec37-405b-9da9-f3cb4c86e6c0", "opinion_id": "c8be3aaa-6a41-4210-abda-cb6206c41c7f", "text": "Plaintiff-Appellant Texas Midstream Gas Services LLC (“TMGS”) is in the business of installing and operating natural gas pipeline facilities. It is known as a “midstream gas gatherer.” Grand Prairie, Texas (“Grand Prairie” or “the City”) is a home-rule city.", "position": 3}, "20bf93ba-abde-4164-b9f4-f54b1a56d6a3": {"case_id": "1684a399-f424-4688-b846-fbe6d679b8b4", "opinion_id": "8e401445-363d-43ee-a4a1-8f6abf56e337", "text": "1. Plaintiff, CIG, is a general partnership organized and existing under the laws of the State of Delaware with its principal place of business located at 2 North Nevada Avenue, Colorado Springs, Colorado 80903. CIG is authorized and is in good standing to conduct business in the State of Kansas. CIG is an interstate natural gas pipeline company that owns and operates interstate natural gas pipeline facilities and is engaged in the transportation and storage of natural gas in interstate commerce in several states, including Kansas.", "position": 6}, "9acda84c-5d97-4925-af70-f227d722b456": {"case_id": "1684a399-f424-4688-b846-fbe6d679b8b4", "opinion_id": "8e401445-363d-43ee-a4a1-8f6abf56e337", "text": "“The FERC has authority to regulate the construction, extension, operation, and acquisition of natural gas facilities, see id. § 717f(e)(l)(A), and does so through its extensive and detailed regulations concerning applications for certificates. See generally 18 C.F.R. Part 157, Subpart A.” Northern Natural Gas Co. v. Iowa Utilities Bd., 377 F.3d 817, 821 (8th Cir.2004); see also National Fuel Gas Supply Corp. v. Public Service Com’n of State of N.Y., 894 F.2d 571, 573 (2nd Cir.) (“FERC has promulgated detailed regulations concerning applications for such certificates and for orders permitting abandonment.” (citations omitted)), cert. denied, 497 U.S. 1004, 110 S.Ct. 3240, 111 L.Ed.2d 750 (1990). Specifically, Congress has required applicants in § 717f proceedings to certify to FERC “that it will design, install, inspect, test, construct, operate, replace, and maintain a gas pipeline facility under those standards and plans for inspection and maintenance under” the PSA. 49 U.S.C. § 60104(d)(2). Consistent with this legislation, FERC’s regulations require an applicant to attach exhibits to its application for a certificate of public convenience and necessity that, in part, certify:\nthat it will design, install, inspect, test, construct, operate, replace, and maintain the facilities for which a certificate is requested in accordance with Federal safety standards and plans for maintenance and inspection or ... that it has been granted a waiver of the requirements of the safety standards by the Department of Transportation in accordance with the provisions of section 3(e) of the Natural Gas Pipeline Safety Act of 1968.", "position": 55}, "37918ed7-12c8-4679-870e-330de2f9e93a": {"case_id": "1684a399-f424-4688-b846-fbe6d679b8b4", "opinion_id": "8e401445-363d-43ee-a4a1-8f6abf56e337", "text": "The defendants maintain that Congress never intended FERC to have exclusive regulatory jurisdiction over the safety of interstate transportation as evidenced by the latter passage of the pipeline safety legislation that conferred regulatory authority upon DOT. While the passage of PSA resulted in some regulatory tension between the respective governmental bodies,\n5\nthe court finds nothing from which to infer that the Congress intended to create anything other than a comprehensive federal regulatory scheme governing safety standards on interstate transportation of natural gas. First, the PSA expressly preserves a regulatory role for FERC. As discussed earlier, FERC evaluates and ensures that applicants for facility projects comply with relevant environmental and safety federal laws and regulations. In the PSA, Congress specifically required applicants in § 717f proceedings to certify to FERC “that it will design, install, inspect, test, construct, operate, replace, and maintain a gas pipeline facility under those standards and plans for inspection and maintenance under” the PSA. 49 U.S.C. § 60104(d)(2).", "position": 71}, "0a914094-3701-424e-8ef5-1da8d4e50272": {"case_id": "1684a399-f424-4688-b846-fbe6d679b8b4", "opinion_id": "8e401445-363d-43ee-a4a1-8f6abf56e337", "text": "Under the PSA, “ ‘pipeline facility’ means a gas pipeline facility,” 49 U.S.C. § 60101(a)(18), and “ ‘pipeline transportation’ means transporting gas,” 49 U.S.C. § 60101(a)(19). A “ ‘gas pipeline facility’ includes a pipeline, a right of way, a facility, a building, or equipment used in transporting gas or treating gas during its transportation.” 49 U.S.C. § 60101(a)(3). An “ ‘interstate gas pipeline facility’ means a gas pipeline facility — (A) used to transport gas; and (B) subject to the jurisdiction of the Commission under the Natural Gas Act (15 U.S.C. 717 et seq.).” 49 U.S.C. § 60101(a)(6). Finally, “ ‘transporting gas’ (A) means the gathering, transmission, or distribution of gas by pipeline, or the storage of gas, interstate or foreign commerce.... ” 49 U.S.C. § 60101(a)(21). By the plain terms of the statute, CIG’s storage field in Kansas meets the definition of an interstate gas pipeline facility, because it is subject to FERC jurisdiction and because it is used to store gas which is one of the statutorily defined ways of transporting gas.", "position": 93}, "091575a7-a2a7-4482-a4f5-9622ec037e40": {"case_id": "1684a399-f424-4688-b846-fbe6d679b8b4", "opinion_id": "8e401445-363d-43ee-a4a1-8f6abf56e337", "text": "The PSA defines an “interstate gas pipeline facility” as a facility “used to transport gas.” 49 U.S.C. § 60101(a)(6). Giving this term its ordinary meaning from its established context,\n12\na “facility” under the PSA is the means, equipment, place or something that serves the particular purpose of or meets the requirements for “transporting gas.” The PSA includes “storage of gas” within the defined meaning of “transporting gas.” 49 U.S.C. § 60101(a)(21). Thus, an underground storage field used to store natural gas comes within the definition of an “interstate gas pipeline facility.”", "position": 99}, "e27623f2-7b54-43d1-97a6-4c2df9ce9c7c": {"case_id": "1684a399-f424-4688-b846-fbe6d679b8b4", "opinion_id": "8e401445-363d-43ee-a4a1-8f6abf56e337", "text": "The court concludes that the Kansas statutes and regulations cited above and the efforts to enforce the same are clearly pre-empted by both the NGA and the PSA. More specifically, the Kansas enabling statutes purport to give the KCC the authority for permitting and abandoning storage facilities of interstate natural gas transportation companies like CIG, and this statute and the regulations promulgated in the exercise of that authority are impliedly pre-empted by the NGA. In addition, the Kansas statute and regulations setting forth and enforcing safety standards on CIG’s underground storage facility, which is an interstate natural gas pipeline facility, are expressly pre-empted by the PSA. Thus, the court finds that the Kansas Gas Storage Statutes, K.S.A. §§ 55-1,115 and 55-182(a), and the Kansas Gas Storage Regulations, §§ 82-3-105, 82-3-113, 82-3-114, 82-3-117, 82-3-120, and 82-3-1000 through 82-3-1012, violate the Supremacy Clause, are pre-empted by the NGA and the PSA, and have no force or effect on the plaintiffs interstate natural gas pipeline, storage facilities and transportation at CIG’s Boehm Underground Gas Storage Field. The court will grant this declaratory relief sought in the plaintiffs complaint and advocated in the plaintiffs summary judgment pleadings. Because the plaintiffs brief fails to address and establish the present need for injunctive relief, the court will not grant the same at this time, but the plaintiff will be permitted to renew this request should declaratory relief later prove to be an inadequate remedy.", "position": 118}, "f5c5d2b7-a373-4627-b4cd-be00ae3b7431": {"case_id": "a170421f-bf3e-4a01-82af-bcb733438b3e", "opinion_id": "5d3a1ec9-f3e2-40a4-8d84-93807028642b", "text": "The facts surrounding the “cost” issue may be summarized as follows: Petitioner, Florida Gas Transmission Company (FGT), which owns and operates natural gas pipeline facilities extending from Texas to and throughout Florida, is successor in interest to the Houston Texas Gas and Oil Company (Houtex), which was organized during the 1950’s to build and operate a natural gas pipeline. In order to finance the project, Houtex sold an aggregate of approximately 37.5% of its stock to four engineering and construction firms.", "position": 4}, "d0b5fd9a-1e84-4c65-aa83-17cde9a4efe8": {"case_id": "73cea0a5-710c-44f9-b89d-e511cd8182e5", "opinion_id": "54e2da60-fdfd-4d83-b456-473a1f122b85", "text": "Effective January 1, 1985, Montana-Dakota Utilities Company split its local distribution facilities from its interstate gas pipeline facilities and transferred the latter to a new creation, Williston Basin Interstate Pipeline Company. See Williston Basin Interstate Pipeline Co., 30 FERC ¶ 61,143 (1985) (approving settlement agreement that provided for division and transfer). The Federal Energy Regulatory Commission approved interim rates for Wil-liston, subject to refund. Id. at 61,254. The Commission reserved decision on whether Williston could include in its rate base (and thus earn a return on) the cost of 14.4 billion cubic feet of gas purchased in 1983 and injected into a gas storage field. Id.", "position": 6}, "a149d69f-7633-408a-a523-ec6d1b2b8cf5": {"case_id": "dcf5d466-408f-438e-aab0-3bc6e331a95f", "opinion_id": "44b64172-0f7b-4fc5-a050-a1fffc0de781", "text": "33 . The authority Williams provides for its interstate commerce argument also relates to natural gas pipeline system. ' In arguing that state interference with operation of its pipeline violates the interstate commerce clause, Williams relies on cases rejecting state or local efforts to regulate natural gas pipeline facilities. In all of these cases, the pipeline companies were expressly authorized to build the facilities, but states or municipalities sought to thwart these efforts. The courts held that, in light of the federal grant of certificates of convenience and necessity and of the Congressional authorization for use of the eminent domain power to the party pipeline companies, state regulation could not thwart construction of necessary gas pipeline facilities. See Transcontinental Gas Pipe-Line Corp. v. Hackensack Meadowlands Development Comm., 464 F.2d 1358 (3rd Cir.1972), cert. denied 409 U.S. 1118, 93 S.Ct. 909, 34 L.Ed.2d 701 (1973); New York State Natural Gas Corp. v. Town of Elma, 182 F.Supp. 1, 6 (W.D.N.Y.1960); Transcontinental Gas Pipe Line Co. v. Milltown, 93 F.Supp. 287 (D.NJ.1950).", "position": 183}, "45b63cc1-76f9-4583-b2e4-a3ee858d1697": {"case_id": "678a26b5-b97d-413b-b8f6-9dbd1a025395", "opinion_id": "a56d3411-ac0f-4811-bd87-5888c8a79393", "text": "31 . Entergy cites a number of federal statutory and regulatory provisions using similar words and argues that each provision applies only in the pre-construction context. The environmental petitioners contend that the provisions upon which Entergy relies explicitly limit their application to new facilities and that, as a result, the words \"location, design, construction and capacity,\" standing alone, do not apply solely to new facilities; otherwise, the environmental petitioners' argument goes, there would be no need, to limit expressly the provisions’ applicability to new facilities. For example, 49 U.S.C. § 60103, which governs safety standards for liquefied natural gas pipelines, by its express terms does not apply to certain existing facilities. 49 U.S.C. § 60103(c) (\"Except as provided in paragraph (2) of this subsection, a design, location, installation, construction, initial inspection, or initial testing standard prescribed under this chapter after March 1, 1978, does not apply to an existing liquefied natural gas pipeline facility....”). These are additional reasons for the holding discussed in this opinion.", "position": 250}, "0afe8173-5b88-422c-abdd-86342375bd0a": {"case_id": "28b1ab66-ad9a-4ab6-b223-be48d0ac0bf5", "opinion_id": "9050e491-a6f7-4aae-8c0e-a350763970f6", "text": "The Natural Gas Act provides that pipelines must obtain a certificate of public convenience and necessity before they can construct, acquire, or operate interstate natural gas pipeline facilities. 15 U.S.C. § 717f(c). Facilities subject to FERC’s jurisdiction or services rendered by such facilities may not be abandoned without FERC’s prior approval, based on a finding that the available supply of natural gas is depleted or that the present or future public convenience and necessity permit abandonment. § 717f(b); see 18 C.F.R. §§ 157.1-.22 (Part 157, Subpart A). A pipeline, however, may file a petition for a declaratory order “to terminate a controversy or remove uncertainty.” 18 C.F.R. § 385.207(a)(2). PNGTS filed such a petition in 2008 in view of several orders by FERC addressing the construction of two pipelines.", "position": 4}, "65a56ed3-10db-464f-866e-3484361ecd6d": {"case_id": "1707f611-ca80-4a57-8f95-fbfd223bf73e", "opinion_id": "cdcea089-55d9-4738-84d8-258e85c06ce8", "text": "The text of the NGPSA preemption provision is very broad. (See 49 U.S.C. § 60104(c).) The authority granted to the Department of Transportation to prescribe minimum safety standards for pipeline transportation and for pipeline facilities, is expressed in equally broad terms: “The standards— FJQ (A) apply to . . . owners and operators of pipeline facilities; FJD (B) may apply to the design, installation, inspection, emergency plans and procedures, testing, construction, extension, operation, replacement, and maintenance of pipeline facilities; and FU (C) shall include a requirement that all individuals responsible for the operation and maintenance of pipeline facilities be tested for qualifications and certified to operate and maintain those facilities.” (49 U.S.C. § 60102(a)(1).) The standards must be designed to “meet the need for gas pipeline safety.” (49 U.S.C. § 60102(b).) In setting the standards, the Secretary of Transportation must consider all relevant available information on gas pipeline safety, the appropriateness and reasonableness of the particular standard, and “the extent to which the standard will contribute to public safety and the protection of the environment.” (Ibid.) In addition, the standards must include the requirement that a gas pipeline facility operator participate in a public safety program to protect against hazard caused by demolition, excavation, tunneling, or construction. (49 U.S.C. § 60102(c).)", "position": 14}, "ed711953-bc22-4e86-83b5-61b24efa54ba": {"case_id": "1707f611-ca80-4a57-8f95-fbfd223bf73e", "opinion_id": "cdcea089-55d9-4738-84d8-258e85c06ce8", "text": "The NGPSA’s express preemption provision does not limit itself or permit state regulation in specified areas, as the Federal Aviation Act and the Mine Safety Act do. (See 49 U.S.C. § 60104(c).) Standards promulgated under NGPSA cover all gas pipeline facilities and all the work done by employees with relation to them, from installation to repairs. (See 49 C.F.R., pt. 192 (1996).) Under respondent’s interpretation of Labor Code sections 6303 and 6307, the state would confer jurisdiction upon itself in direct conflict with the express federal preemption, having the effect of nullifying the federal preemption statute. So interpreted, the state law “stands as an obstacle to the accomplishment and execution of the full purposes and objectives of Congress.” (Hines v. Davidowitz (1941) 312 U.S. 52, 67 [61 S.Ct. 399, 404, 85 L.Ed. 581].) Such a statute creates an actual conflict with federal law, and is preempted under the supremacy clause of the United States Constitution. (U.S. Const., art. VI, cl. 2; Florida Avocado Growers v. Paul, supra, 373 U.S. at pp. 142-143 [83 S.Ct. at pp. 1217-1218].)", "position": 26}, "8e3ebad9-dde0-4f9f-8d4d-caa37e315aa5": {"case_id": "af1ddd74-8519-4a7c-8ce5-5f62499fe6a7", "opinion_id": "02cda6a2-dd63-45b3-80e2-e6e7b978468f", "text": "42 .2 U.S.C. § 441h (conspiracy to make certain fraudulent misrepresentations in a federal election campaign); 7 U.S.C. § 192(f)-(g) (conspiracy by packers or swine contractors to engage in certain unlawful practices); id. § 2303(f) (conspiracy to commit unfair trade practices affecting producers of agricultural products); 8 U.S.C. § 1253(c) (conspiracy to prevent or hamper the removal of an alien subject to deportation); id. § 1324(a)(l)(A)(v)(I) (conspiracy to bring in or harbor certain aliens); id. § 1327 (conspiracy to aid or assist certain aliens to enter the United States); 12 U.S.C. § 617 (conspiracy to use the credit, funds, or the power of certain corporations to control the prices of commodities); 15 U.S.C. § 1 (conspiracy to restrain interstate trade or commerce); id. § 2 (conspiracy to monopolize trade); id. § 3 (conspiracy to restrain or monopolize trade or commerce in a Territory of the United States or in the District of Columbia); id. § 8 (conspiracy to restrain import trade); id. § 76 (conspiracy to import restricted items during times of foreign war); id. § 77 (conspiracy to furnish facilities or privileges to ships or persons contrary to a presidential proclamation); id. § 714m(d) (conspiracy to make false statements, commit embezzlement, commit larceny, or convert property in relation to the Commodity Credit Corporation); id. § 1644(a)-(b) (conspiracy to commit credit card fraud or to transport \"a counterfeit, fictitious, altered, forged, lost, stolen, or fraudulently obtained credit card” in interstate or foreign commerce); id. § 1693n(b)(l)-(2) (conspiracy to use or transport in interstate or foreign commerce a counterfeit, fictitious, altered, forged, lost, stolen, or fraudulently obtained debit instrument); 16 U.S.C. § 831t(c) (conspiracy to defraud the Tennessee Valley Authority); 18 U.S.C. § 32(a)(l)-(5), (7)-(8) (conspiracy to commit certain acts involving the destruction of aircraft or aircraft facilities); id. § 32(b)(2)-(4) (conspiracy to destroy or cause damage to a civil aircraft registered in a country other than the United States); id. § 37(a)(2) (conspiracy to damage the facilities of an international airport); id. § 38(a)(3) (conspiracy to commit fraud involving aircraft or space vehicle parts in interstate or foreign commerce); id. § 43(a)(2)(A), (C) (conspiracy to damage or interfere with the operations of an animal enterprise by property damage); id. § 175(a) (conspiracy to develop, produce, stockpile, transfer, acquire, retain, or possess any biological agent, toxin, or delivery system for use as a weapon or to assist a foreign state or an organization to do so); id. § 175c(c)(l) (conspiracy to \"knowingly produce, engineer, synthesize, acquire, transfer directly or indirectly, receive, possess, import, [or] export ... variola virus”); id. § 224 (conspiracy to commit bribery in sporting contests); id. § 229(a)(2) (conspiracy to \"develop, produce, otherwise acquire, transfer directly or indirectly, receive, stockpile, retain, own, [or] possess” a chemical weapon); id. § 286 (conspiracy to defraud the United States with respect to claims); id. § 521(c)(1), (3) (providing a ten-year sentence enhancement for conspiracy to commit a drug-trafficking crime while belonging to a criminal street gang); id. § 555(d) (conspiracy to commit certain offenses related to border tunnels or passáges); id. § 670(a)(6) (conspiracy to commit theft of medical products); id. § 757 (conspiracy to procure the escape or to aid escaped prisoners of war or enemy aliens); id. § 799 (conspiracy to violate regulations of the National Aeronautics and Space Administration); id. § 832(a), (c) (conspiracy to \"willfully participate!] in or knowingly provide!] material support or resources” to a foreign terrorist power’s nuclear weapons program or other weapons-of-mass-destruction program and conspiracy to \"develop or possess a radiological weapon”); id. § 1028(f) (conspiracy to commit fraud or a related activity in connection with identification documents, authentication features, and information); id. § 1030(a)(l)-(6), (b) (conspiracy to commit fraud or a related crime in connection with computers); id. § 1037(a)(5) (conspiracy to falsely represent oneself as the registrant of five or more Internet Protocol addresses and to initiate commercial electronic mail messages from those addresses); id. § 1349 (conspiracy to commit mail fraud or another fraud offense under chapter 63 of title 18); id. § 1362 (conspiracy to damage or interfere with communication lines, stations, or systems \"operated or controlled by the United States, or used or intended to be used for militaiy or civil defense functions of the United States”); id. § 1363 (conspiracy to destroy or injure buildings or property within special maritime or territorial jurisdiction); id. § 1366 (conspiracy to destroy an energy facility); id. § 1368 (conspiracy to harm animals used in law enforcement); id. § 1389(a)(l)-(2) (conspiracy to knowingly destroy or injure the property of a United States serviceman or an immediate family member on account of the serviceman’s status); id. § 1466A (conspiracy to commit offenses related to possession and distribution of obscene visual representations of the sexual abuse of children); id. § 1512(b)-(d), (k) (conspiracy to tamper with a witness, victim, or informant); id. § 1513(b), (e)-(f) (conspiracy to retaliate against a witness, victim, or informant through property damage or interference with employment or livelihood); id. § 1521 (conspiracy to retaliate against a federal judge or federal law enforcement officer by false claim or slander of title); id. § 1594(b) (conspiracy to commit a number of offenses involving human trafficking, some of which are nonviolent); id. § 1594(c) (conspiracy to recruit persons for human trafficking or to benefit financially from human trafficking); id. § 1956(h) (conspiracy to launder money or to engage in monetary transactions in property derived from specified unlawful activity); id. § 1958(a) (conspiracy to use interstate commerce facilities to further the commission of a murder for hire); id. § 1962(d) (conspiracy to engage in prohibited racketeering activities); id. § 1992(a)(5), (8)-(10) (conspiracy to commit certain nonviolent acts against a railroad carrier or mass transportation system); id. § 2252(b) (conspiracy to conduct certain activities related to child pornography); id. § 2252A(b) (conspiracy to conduct certain activities relating to material containing child pornography); id. § 2260(b), (c)(2) (conspiracy to commit certain acts relating to transportation of \"any visual depiction of a minor engaging in sexually explicit conduct” with intent that such a depiction will be imported into the United States); id. § 2271 (conspiracy to destroy a vessel with intent to injure certain insurers or underwriters); id. § 2280(a)(l)(C)-(F), (H) (conspiracy to endanger a ship); id. § 2281(a)(l)(C)-(D), (F) (conspiracy to endanger the safety of a maritime fixed platform); id. § 2285 (conspiracy to operate a submersible vessel or semi-submersible vessel without nationality); id. § 2291(1)-(3), (5), (8)-(9) (conspiracy to destroy a vessel or maritime facility); id. § 2320(a) (conspiracy to traffic in counterfeit goods or services); id. § 2332g(a), (c)(1) (conspiracy to \"knowingly produce, construct, otherwise acquire, transfer directly or indirectly, receive, possess, import, [or] export” a missile system designed to destroy aircraft); id. § 2332h(a), (c)(1) (conspiracy to \"knowingly produce, construct, otherwise acquire, transfer directly or indirectly, receive, possess, import, [or] export” a radiological dispersal device); id. § 2339B(a)(l) (conspiracy to provide material support or resources to designated foreign terrorist organizations); id. § 2339C (conspiracy to finance terrorism); id. § 2385 (conspiracy to advocate the overthrow of the United States government); id. § 2423(e) (conspiracy to commit certain offenses involving traveling or transporting others for the purpose of engaging in illicit sexual conduct with a minor); id. § 2442 (conspiracy to recruit or use child soldiers); 19 U.S.C. § 1590 (conspiracy to commit aviation smuggling); 21 U.S.C. § 846 (conspiracy to commit a drug crime); id. § 960a (conspiracy to violate certain drug-trafficking provisions with intent to provide aid to foreign terrorist groups); id. § 963 (conspiracy to commit offenses related to the import or export of a controlled substance); id. § 1904(c)(2) (conspiracy to violate provisions regarding transactions related to international narcotics traffickers); 22 U.S.C. § 8512(c) (conspiracy to violate provisions regarding economic sanctions against Iran); id. § 8513(c)(3), (d)(2) (conspiracy to violate regulations regarding financial institutions that engage in certain transactions related to Iran); id. § 8513a(g)(2) (conspiracy to violate provisions related to the imposition of sanctions with respect to the financial sector of Iran); id. § 8781(b) (conspiracy to violate certain provisions related to Iran and Syria); id. § 8809(b) (conspiracy to violate statutory provisions or regulations related to Iran freedom and counterproliferation); 26 U.S.C. § 7214 (conspiracy by an officer or employee of the United States to defraud the United States); 31 U.S.C. § 3729(a)(1)(C) (conspiracy to make false claims for payment against the United States government); id. § 5332 (conspiracy to smuggle currency into or out of the United States); 38 U.S.C. § 1987 (conspiracy to commit fraud related to veterans’ insurance benefits); 42 U.S.C. § 1973i(c) (conspiracy to encourage false registration to vote or illegal voting); id. § 1973j(c) (conspiracy to interfere with voting rights); id. § 2272(a)-(b) (conspiracy to violate certain provisions regarding the development and control of atomic energy); id. § 2273(a) (conspiracy to violate provisions or regulations governing the development and control of atomic energy for which no other criminal penalty is specified); id. § 2274 (conspiracy to communicate, transmit, or disclose restricted data related to atomic energy); id. § 2275 (conspiracy to receive restricted data related to atomic energy); id. § 2277 (conspiracy to communicate or receive restricted data related to atomic energy without authorization); id. § 2284 (conspiracy to sabotage nuclear facilities or fuel); id. § 15544(a) (conspiracy to deprive voters of a fair election); 46 U.S.C. § 56102 (conspiracy to violate certain controls during war or national emergency); id. § 70506 (conspiracy to manufacture, distribute, or possess a controlled substance on a vessel); 49 U.S.C. § 32703(4) (conspiracy to commit certain acts relating to odometers); id. § 60123(b) (conspiracy to damage or destroy a gas pipeline facility or a hazardous liquid pipeline facility); 50 U.S.C. § 167k (conspiracy to violate provisions regulating helium gas); id. § 1705 (conspiracy to violate any license, order, regulation, or prohibition issued under the chapter govern- ' ing international emergency economic powers); id. app. § 462 (conspiracy to interfere with the administration of the selective service); id. app. § 2410 (conspiracy to violate export regulations).", "position": 176}, "e21222d7-dcc9-4775-b3e3-9d1e201476c5": {"case_id": "bca7ef43-e892-40a5-8102-e0e8966186cd", "opinion_id": "7fe637f2-3eaf-4333-a8a8-18666e84a26f", "text": "2. The amended petition in the instant case alleges that the gas pipeline act of 1956 offends that part of article 7, section 7, paragraph 5, of the Constitution of 1945 which empowers the Georgia Public Service Commission to regulate the rates and service of any gas utility plant which a county operates beyond its limits, or the rates and service of any gas utility plant which a municipality operates beyond the limits of the county in which it is located, when any such county or municipal utility is financed from the proceeds of revenue-anticipation certificates. And it also alleges, that the act of 1956 offends the due-process and equal-protection clauses of the Constitution of the United States. The plaintiff contends that these constitutional provisions are violated by the act because and only because municipalities and counties of this State are expressly excepted from its regulatory terms. Assuming that this feature of the act does render it unconstitutional, nevertheless, the plaintiff will not be heard to raise these constitutional questions unless the act operates in such a way as to injure it; and since this is not a case where any county or any municipality of this State is operating a gas pipeline facility, or seeks to do so under the provisions of the act of 1956, it is clear to us that the plaintiff is not injured in any way by the exclusion of municipalities and counties from the provisions and the operation of the act; this being trae, it is not in a position to attack its validity on either of these alleged grounds.", "position": 3}, "35f078a3-42e4-47f7-9a88-245d65b0f964": {"case_id": "6edcc932-055e-43fb-8cac-4e72dee13555", "opinion_id": "91db8c93-1f6d-4746-b015-78b8d7bda7bf", "text": "Effective January 1, 1985, Montana-Dakota Utilities Company split its local distribution facilities from its interstate gas pipeline facilities and transferred the latter to a new creation, Williston Basin Interstate Pipeline Company. See Williston Basin Interstate Pipeline Co., 30 FERC ¶ 61,143 (1985) (approving settlement agreement that provided for division and transfer). The Federal Energy Regulatory Commission approved interim rates for Williston, subject to refund. Id. at 61,254. The Commission reserved decision on whether Williston could include in its rate base (and thus earn a return on) the cost of 14.4 billion cubic feet of gas purchased in 1983 and injected into a gas storage field. .Id.", "position": 6}, "281c5494-ffb6-4133-b321-9f5ea41d33c9": {"case_id": "aaacd6e0-5672-448f-8ab2-66b1f8eea2b9", "opinion_id": "5adf8139-5ed6-4a1a-b3d0-eaae0ed212c3", "text": "The Natural Gas Act provides that pipelines must obtain a certificate of public convenience and necessity before they can construct, acquire, or operate interstate natural gas pipeline facilities. 15 U.S.C. § 717f(c). Facilities subject to FERC’s jurisdiction or services rendered by such facilities may not be abandoned without FERC’s prior approval, based on a finding that the available supply of natural gas is depleted or that the present or future public convenience and necessity permit abandonment. § 717f(b); see 18 C.F.R. §§ 157.1-.22 (Part 157, Subpart A). A pipeline, however, may file a petition for a declaratory order “to terminate a controversy or remove uncertainty.” 18 C.F.R. § 385.207(a)(2). PNGTS filed such a petition in 2008 in view of several orders by FERC addressing the construction of two pipelines.", "position": 4}, "13f02a86-6364-4aed-8f68-726b223dc7a0": {"case_id": "587d1126-df12-41e2-8c58-6999155a16b8", "opinion_id": "8c5514ef-c23e-48d2-8f64-7429ae977b0a", "text": "Early in the decade, AES Ocean Express, LLC (AES), and Southern Natural Gas Company (Southern) began efforts to import re-gasified LNG into Florida Gas’ pipeline system in Florida, the “Market Area.” AES and Southern filed applications with FERC seeking certificate authorization under Natural Gas Act (NGA) section 7(c), 15 U.S.C. § 717f(c), to construct and operate interstate natural gas pipeline facilities to transport LNG into the Market Area by interconnecting with Florida Gas’ pipeline. Meanwhile, AES attempted to negotiate an interconnection agreement with Florida Gas to allow AES to connect its proposed LNG pipeline to Florida Gas’ pipeline. After negotiations broke down, AES filed a complaint with FERC, initiating the AES v. FGT proceeding. FERC ordered a hearing pursuant to NGA section 5, 15 U.S.C. § 717d, which eventually led to the orders challenged here.", "position": 3}, "eca84481-7e28-474d-95d1-fb05ceb19b4c": {"case_id": "f51b13fd-ed80-449b-a0af-1cea3e0d29c6", "opinion_id": "99325ea5-4a5e-46d8-9993-4b052dbe4175", "text": "Section 7 of the Natural Gas Act, 15 U.S.C. § 717f, prohibits the construction of certain natural gas pipeline facilities without a certificate of public convenience and necessity issued by the Commission; section 7(e) authorizes the Commission “to attach to the issuance of the certificate and to the exercise of the rights granted thereunder such reasonable terms and conditions as the public convenience and necessity may require.” PGT contends that the Commission exceeded its authority under § 7(e) by conditioning PGT’s certificate upon the pipeline earning the minimum reasonable rate of return, 10.13%.", "position": 12}, "7df89425-d95c-4102-822e-c8dde93afaf8": {"case_id": "654b681a-f22a-4cb0-afe8-69b304c1cddf", "opinion_id": "3074cb2b-3a47-4c5e-bf21-366a228b87c4", "text": "On October 1, 1992 Northwest Pipeline Corporation (“Northwest”) filed for a general rate increase under § 4 of the Natural Gas Act, 15 U.S.C. § 717c, to cover costs associated with a previously authorized expansion of its natural gas pipeline facilities. The Federal Energy Regulatory Commission rejected certain proposed tariffs, accepted and suspended other proposed tariffs subject to refund, and set an evidentiary hearing. Almost a decade later, in two different consolidated cases, petitioners are seeking review of the relevant rate increase, which because of later filings by Northwest was in effect only from April 1, 1993 through October 31, 1994.", "position": 1}, "035e27b3-5aa4-4135-9769-f952307e6f15": {"case_id": "72fe2f32-10c0-4e66-a467-a7dd22eba6b4", "opinion_id": "4d7293d0-d5ab-426a-b98d-cadfe493af81", "text": "Under the Natural Gas Act (“NGA”), FERC has jurisdiction to approve the construction of natural gas pipeline facilities and to regulate the transportation of natural gas in interstate commerce. 15 U.S.C. § 717, et seq. (2000). Any pipeline seeking to build or to expand its facilities must first apply for a certificate of public convenience and necessity from FERC. After notice and hearing, FERC may authorize or “certificate” any pipeline project that the agency determines is “necessary or desirable in the public interest.” Id. § 717f.", "position": 9}, "6725e79b-6809-4da5-947b-a173142a1fc2": {"case_id": "b87e150e-b457-4171-b867-773ed2fa8240", "opinion_id": "7ee5cb1b-4888-4650-9ca8-4d9a55e0528b", "text": "Section 7 of the Natural Gas Act (“NGA”), 15 U.S.C. § 717f, “prohibits the construction of certain natural gas pipeline facilities without a certificate of public convenience and necessity issued by the Commission.” Altamont Gas Transmission Co. v. FERC, 92 F.3d 1239, 1243 (D.C.Cir.1996). To satisfy section 7’s “public convenience and necessity” requirement, an applicant must prove that the facility it proposes to build “is or will be required by the present or future public convenience and necessity.” 15 U.S.C. § 717f(e). Following promulgation of Regulation of Natural Gas Pipelines after Partial Wellhead Decontrol, FERC Stats. & Regs. ¶ 30,665 (1985) (“Order 436”), parties were allowed to seek optional expedited certificates (“OEC”), which entitled them to begin construction of a pipeline without first securing a FERC finding of public convenience and necessity. See id. at 31,573-85. In exchange for expedited licensing under Order 436, OEC licensees were obligated to assume the financial risks associated with building the facility. Associated Gas Distrib. v. FERC, 824 F.2d 981, 1030-31 (D.C.Cir.1987).", "position": 3}, "c0964e6a-4810-452e-a9ad-8b39fbfd8714": {"case_id": "3195ba25-d20d-4261-bae5-33bf867b6c9b", "opinion_id": "103458a2-2ced-4c0e-ad31-5df0e8169dcb", "text": "Northern Border Pipeline Company and Natural Gas Pipeline Company of America petition for review of orders of the Federal Energy Regulatory Commission directing Northern Border to record the cost of a gas pipeline facility it had purchased from Natural in accordance with FERC’s Uniform System of Accounts. We deny the petition.", "position": 2}, "2d75f972-5bd8-45a4-a6ae-575f1ec18df3": {"case_id": "2976f928-61e8-492b-96ad-d1e52c13e9b6", "opinion_id": "ed3d6054-2863-4096-91f9-87001980b282", "text": "FGTC sued to condemn property to construct, operate, and maintain a natural gas pipeline facility. The appellants do not dispute FGTC’s right to use the general eminent domain procedures provided for under chapter 73, Florida Statutes (2001). Instead, they challenge FGTC’s use of the quick-take procedures described in chapter 74.", "position": 2}, "46421a79-48db-49f9-acb4-abbeb5b149e5": {"case_id": "798b2343-5374-45ea-9c7f-26cfc512f94d", "opinion_id": "12857c56-5d7f-4e64-a36c-5e50608bee39", "text": "[¶ 5] Granite State proposes to use the Wells tank to sell natural gas in interstate commerce and the tank is an interstate natural gas pipeline facility subject to regulation by the Federal Energy Regulatory Commission (FERC). The siting of the facility is subject to FERC approval pursuant to the Natural Gas Act and the Natural Gas Pipeline Safety Act, 49 U.S.C. § 60101 et seq. Pursuant to the latter Act, the U.S. Department of Transportation has promulgated comprehensive safety standards for all pipeline and storage facilities and administers an inspection program to ensure compliance with its standards. 49 C.F.R. pt. 193 (1996). Granite State must obtain a certificate of public convenience and necessity from FERC authorizing the construction and operation of the Wells tank. 15 U.S.C. § 717f(c) (1994). Its application must include environmental impact information pursuant to 18 C.F.R. § 157.14(a)(6-d) (1996), and a certification of compliance with the applicable standards pursuant to 49 U.S.C. § 60104(d)(2) (1994). A Commission review of safety and environmental issues surrounding the siting of the Wells tank would be an attempt to regulate matters within FERC’s exclusive jurisdiction contrary to the preemption rule announced in Schneideivind. See National Fuel Gas Supply v. Public Service Comm’n, 894 F.2d 571 (2nd Cir.1990) (state law requiring certificate of environmental compatibility and public need for interstate pipeline preempted by FERC).", "position": 11}, "e53c6383-ba16-4064-9afc-d8b9882e17be": {"case_id": "b90b8281-b015-4b57-ab82-3cde35f65216", "opinion_id": "b64c0f9d-0225-4d70-b676-f284b43422de", "text": "in the Commonwealth, and no State agency may issue a construction permit for any such facility unless the petition to construct the facility has already received approval from the board. See G. L. c. 164, §§ 69J, 69J 1k. The board’s governing mandate, set forth in § 69H, is to “provide a reliable energy supply for the commonwealth with a minimum impact on the environment at the lowest possible cost.” To accomplish this purpose, on the receipt of a petition for approval of construction of an energy facility at a site, the board is obliged to\n“review the need for, cost of, and environmental impacts of transmission lines, natural gas pipelines, facilities for the manufacture and storage of gas, and oil facilities; provided, however, that the board shall review only the environmental impacts of generating facilities, consistent with the [C]ommonwealth’s policy of allowing market forces to determine the need for and cost of such facilities. Such reviews shall be conducted consistent with [§ 69J ¼ ]for generating facilities and with [§ 69J] for all other facilities.”", "position": 8}, "bf4f6266-e1d0-4e21-b937-446c5d5e0762": {"case_id": "591a55c0-6ebe-43f9-875c-efaedcee1525", "opinion_id": "96f39759-618a-41d3-9644-51a9887ee878", "text": "[155] The district court rejected Barlow's proposed comparable easement transactions, ruling that they were not the result of arms-length or pressure-free negotiations. The district court individually discussed some, but not all, of the proffered easements in its Findings of Fact and Conclusions of Law:\n[17]b. The evidence that was presented on the cireumstances surrounding the price paid by the gas companies for pipeline easements raises serious issues regarding comparability. For example, easements D-7, D-8, D-9, D-10 and D~-11 granted by Barlow Ranch were for the expansion of existing gas pipeline facilities on Barlow Ranch property. To expand its facilities on Barlow Ranch property, WGR Resources had no option but to acquire property from Barlow Ranch. Therefore, this was not an arm's length transaction under Coronado Oil Co. v. Grieves, 642 P.2d 423, 433 (Wyo.1982). Other easements relied upon by Defendants involved gas companies acquiring easements needed for access to gas production. For example, easement D-12 between WGR Asset Holding Company and Barlow Ranch, easement F-4 granted by Nissileus Ranch to Optigas, and easement F-6 granted by TLE Ranch, Inc. to Thunder Creek Gas Services, connected to production on the grantor's property. Once the well site was selected, the gas companies had no option but to obtain easements from Barlow Ranch, Nissileus and TLE. Therefore, these were not arm's length transactions.", "position": 108}, "7bb38a5c-e89c-4e51-9a03-2a4b40d23b89": {"case_id": "eda5f121-adf8-4f77-a1ea-8bc2c96c59d9", "opinion_id": "fc186bce-996b-4988-8025-b8b978e656d3", "text": "(6) “interstate gas pipeline facility” means a gas pipeline facility—", "position": 148}, "6478e828-6603-4716-a632-21a7234f4995": {"case_id": "eda5f121-adf8-4f77-a1ea-8bc2c96c59d9", "opinion_id": "fc186bce-996b-4988-8025-b8b978e656d3", "text": "(i) a place in a State and a place outside that State; or\n(ii) places in the same State through a place outside the State;\n(9) “intrastate gas pipeline facility means a gas pipeline facility and transportation of gas within a State not subject to the jurisdiction of the Commission under the Natural Gas Act (15 U.S.C. 717[-717z]);\n(10) “intrastate hazardous liquid pipeline facility means a hazardous liquid pipeline facility that is not an interstate hazardous liquid pipeline facility ....", "position": 152}, "f4e8a07e-e80e-46a2-bc78-2585b5eebb0c": {"case_id": "eda5f121-adf8-4f77-a1ea-8bc2c96c59d9", "opinion_id": "fc186bce-996b-4988-8025-b8b978e656d3", "text": "26 In addition, we note that both the state and the federal Pipeline Safety Acts address the need for security. The federal preemption clause, 49 U.S.C. § 60104(c), focuses on safety standards. 49 U.S.C. § 60103(d) prescribes minimum operating and maintenance standards for liquefied natural gas pipeline facilities, and it includes “security measures to prevent an intentional act that could cause a liquefied natural gas accident.” 49 U.S.C. § 60103(d)(3) (emphasis added). Again, however, we leave the trial court to decide this issue based on the evidence and arguments the parties present at the trial on the merits of the Pipelines’ action for a permanent injunction.", "position": 155}, "291baaa3-17a1-4121-a656-c623c2f84171": {"case_id": "88f8c88f-6049-43a2-b157-b35c0d4fa92f", "opinion_id": "d5bffbfd-0e09-4fa3-927a-e9967e48e9cf", "text": "19 . Tex.Rev.Civ.Stat.Ann. art. 1446c, § 73A (Vernon Supp.1992) (permitting assessment of civil penalty for violation of Public Utility Regulatory Act \"result[ing] in pollution of the air or water of this state or posting] a threat to the public safety”); Tex.Rev.Civ.Stat.Ann. art. 4477-3a, § 16 (Vernon Supp.1992) (Texas Asbestos Health Protection Act); Tex.Rev.Civ.Stat.Ann. art. 5920-11, § 30 (Vernon Supp.1992) (Texas Coal Mining and Surface Reclamation Act); Tex.Rev.Civ.Stat.Ann. art. 6053-2 (Vernon Supp.1992) (safety standards for transportation of gas and for gas pipeline facilities); Tex.Rev.Civ.Stat. Ann. art. 8905, § 9 (Vernon Supp.1992) (Water Well Pump Installers Act); Tex.Nat.Res.Code § 40.252 (Oil Spill Prevention and Response Act); id. § 81.0531-0533 (assessment of penalties for violation of Railroad Commission statutes and rules “which pertain to safety or the prevention or control of pollution”); id. § 116.-143-.145 (violation of laws relating to compressed natural gas “result[ing] in pollution of the air or water of this state or posting] a threat to the public safety”); id. § 131.2661-2663 (violations of Uranium Surface Mining and Reclamation Act \"result[ing] in pollution of the air or water of this state or posfing] a threat to the public safety”); id. § 141.013-.015 (violation of geothermal resources regulations \"pertainfing] to safety or the prevention or control of pollution”); id. Tex.Water Code 13.4151 (regulation of water and sewer utilities); id. § 27.1013-.1015 (Injection Well Act); id. § 28.067 (regulation of water wells and mine shafts); id. § 29.-047 (Salt Water Haulers Act); id. § 33.009 (regulation of water well pump installers); Tex. Health & Safety Code § 372.004 (water saving performance standards); id. § 401.389 (Texas Radiation Control Act).", "position": 233}}