{"dbaae3ee-d55d-4a94-8ba7-1bb454c367a6": {"case_id": "b6e93833-7d07-4a83-a585-6d3ca0609ba2", "opinion_id": "63886196-b676-40db-8f0a-38ac947fe48c", "paragraph_id": "e838b4bb-9527-4399-a06b-b9b3ac87feda", "position": 0, "text": "For example, the NGPSA requires the gas pipeline facilities to meet minimum safety standards set by the Secretary of the Department of Transportation.", "label": "certain value"}, "0bf8f54e-0c05-476d-b549-66ee23f2f7d3": {"case_id": "c1450522-c53e-45cb-8cb3-e2bbc3814500", "opinion_id": "9409d322-3259-4526-b33d-c7c64a3cb46c", "paragraph_id": "7a04fb1b-1db6-4093-8ce4-3881fa96313b", "position": 0, "text": "The Gas Gathering Agreement provides that Bayou will accept gas from specific R & C wells into Bayou’s gas pipeline facilities and that Bayou will transport such gas to certain destination points for delivery to R & C’s customers.", "label": "potential value"}, "261f2fa2-7dc0-4f71-b46b-7c60e41667a4": {"case_id": "fdb8f3a2-7433-4afa-9139-cb411be04a43", "opinion_id": "de50a6ee-e924-4c72-8a4d-6cf2a3aa1663", "paragraph_id": "70443ccb-1bde-4b91-ba0b-7a0289c82bbe", "position": 0, "text": "On February 19, 1997, KNW filed with FERC a “Request Under Blanket Authorization” seeking authority to construct, install and operate a four-mile, 6.625 inch diameter pipeline; a one-mile, 4.5 inch pipeline; and related taps on the existing gas pipeline facilities of CIG in Morgan County. KNW’s proposed pipéline would transport gas from CIG’s pipeline directly to the Leprino and Excel plants, thereby bypassing Fort Morgan’s local distribution system.", "label": "certain value"}, "cd347bfe-b2b9-4dbf-a42a-8c999cbde841": {"case_id": "264b84a0-0ec7-4373-8155-1e2de4727403", "opinion_id": "4dbc2487-66fa-4614-907e-dab977681e45", "paragraph_id": "0971eb86-6bb3-4afc-a520-1a626a562cf6", "position": 3, "text": "Beginning in 1968, Congress enacted a series of pipeline safety statutes that gave the Department of Transportation (DOT) authority to issue minimum safety standards for siting new liquefied natural gas pipeline facilities, 49 U.S.C. § 60103.", "label": "certain value"}, "57b9513c-aac0-49be-8fc7-154a34479138": {"case_id": "9d90bd6f-8977-4a9e-87cf-629fed1a6d54", "opinion_id": "a59a979a-36c1-4ea1-bcaf-b88a9b519557", "paragraph_id": "6ab2e2e8-c764-4d08-8df6-8aae253d6aa4", "position": 0, "text": "Finally, the NGA Defendants urge that federal jurisdiction will not disturb the balance of federal and state responsibilities, stating that “[t]he authorizations issued to the NGA Defendants have been considered to be enmeshed in interstate commerce subject to the authority of the federal government for almost a century and FERC’s exclusive role under the NGA in reviewing and authorizing the construction and of [sic] interstate natural gas pipeline facilities necessarily entails interpretation of federal law.”", "label": "potential value"}, "2a2146f9-93e7-45df-9dd3-00beb4188c70": {"case_id": "e7e9acc1-43b8-4f85-8b92-7c5072342148", "opinion_id": "c5610945-dfe0-40f5-80a5-b941a6a64e84", "paragraph_id": "e4fbe61c-2f79-4e95-ab25-bc0a1d76e391", "position": 0, "text": "Under the Natural Gas Act (“NGA”), FERC has jurisdiction to approve the construction of natural gas pipeline facilities and to regulate the transportation of natural gas in interstate commerce.", "label": "certain value"}, "22c3bc9b-4d35-4fa5-a774-61e87030c9e9": {"case_id": "ca7c6534-b5e5-4976-9ef6-a99a6fcba1b2", "opinion_id": "1474cbc7-a01d-4439-a001-3dde9e2c6f62", "paragraph_id": "a65323b8-364f-4fad-ad8f-5f061c523354", "position": 0, "text": "Defendants correctly argue that Plaintiffs requested relief of ejecting and dispossessing Defendant and its intrastate natural gas pipeline facility from the subject property, together with the resulting disruption of pipeline operations, would effect an abandonment and reroute of such facilities without FERC approval, thereby violating the FERC Certificate and Section 717f of the Natural Gas Act.", "label": "potential value"}, "07305440-fc12-4ea9-9edc-d460ded5d8af": {"case_id": "3d7cd9cc-dd38-4ee4-bfb6-4eade310a4f0", "opinion_id": "36f23791-72f2-4bb6-9e61-07e45e5c5207", "paragraph_id": "095e00e2-89c7-48e0-9889-05d99c8296de", "position": 0, "text": "Northern Border Pipeline Company and Natural Gas Pipeline Company of America petition for review of orders of the Federal Energy Regulatory Commission directing Northern Border to record the cost of a gas pipeline facility it had purchased from Natural in accordance with FERC’s Uniform System of Accounts.", "label": "potential value"}, "02123d0c-4624-4ec8-a782-e370d2923c7d": {"case_id": "26770ce1-9fd1-4a3a-bb61-2c7b6ba4858a", "opinion_id": "2aeb14ed-989a-4eec-848e-64159b5fdb76", "paragraph_id": "dcc13fb1-ee86-4683-b36b-6ac4596ef903", "position": 0, "text": "Section 7 of the Natural Gas Act, 15 U.S.C. § 717f, prohibits the construction of certain natural gas pipeline facilities without a certificate of public convenience and necessity issued by the Commission; section 7(e) authorizes the Commission “to attach to the issuance of the certificate and to the exercise of the rights granted thereunder such reasonable terms and conditions as the public convenience and necessity may require.”", "label": "certain value"}, "8fc5d309-f57c-4b18-a33d-eb5f285612eb": {"case_id": "632ece7c-2f62-4d30-92a4-d614b9163c96", "opinion_id": "c2d34084-302f-4da4-bcaf-528ab8e80ef6", "paragraph_id": "2b19999f-727f-4451-9243-a9b3ad4a1ae6", "position": 0, "text": "Duke Energy Field Services (“Duke”) and El Paso Field Services Co. (“El Paso”) own and operate natural gas pipeline facilities in areas covered by the Outer Continental Shelf Lands Act (“OCSLA”), 43 U.S.C. §§ 1301-1356.", "label": "potential value"}, "36d99815-fdf2-4ba1-9f71-c85072eb26f0": {"case_id": "5efc60af-de35-4bfc-ac6f-24f01216437d", "opinion_id": "f1f5bf94-27ed-460c-b89a-78e9e10301e2", "paragraph_id": "7e21964f-2b69-48e1-9b94-aa19fe324e33", "position": 0, "text": "On October 1, 1992 Northwest Pipeline Corporation (“Northwest”) filed for a general rate increase under § 4 of the Natural Gas Act, 15 U.S.C. § 717c, to cover costs associated with a previously authorized expansion of its natural gas pipeline facilities.", "label": "potential value"}, "b8004c9e-f927-4ec6-92a5-5c59bf8bfec1": {"case_id": "d12589a2-9e9a-4d1f-aaa3-572ca39281fd", "opinion_id": "ef255ef9-20bf-49c4-a3e0-3e733fc107a3", "paragraph_id": "baf8cf2d-12c5-46e0-a7ab-b536437aeefd", "position": 0, "text": "Section 7 of the Natural Gas Act (“NGA”), 15 U.S.C. § 717f, “prohibits the construction of certain natural gas pipeline facilities without a certificate of public convenience and necessity issued by the Commission.”", "label": "certain value"}, "73ceba5c-600c-45f9-88ce-877de770035c": {"case_id": "4044d33c-0b07-4af5-8fb7-21319c5485c5", "opinion_id": "6a4b41ed-5387-48c3-8381-307abf07d23b", "paragraph_id": "54944e35-266f-4272-a1b3-7881979c03c4", "position": 1, "text": "“intrastate gas pipeline facility” means—\n(A) a gas pipeline facility and transportation of gas within a State not subject to the jurisdiction of the Commission under the Natural Gas Act (15 U.S.C. [§ ] 717 et seq.); and\n(B) a gas pipeline facility transporting gas from an interstate gas pipeline in a State to a direct sales customer in that State buying gas for its own consumption[.]", "label": "certain value"}, "99d5861e-0221-4a3c-b5af-6c53910a881c": {"case_id": "4044d33c-0b07-4af5-8fb7-21319c5485c5", "opinion_id": "6a4b41ed-5387-48c3-8381-307abf07d23b", "paragraph_id": "54944e35-266f-4272-a1b3-7881979c03c4", "position": 0, "text": "(3) “gas pipeline facility” includes a pipeline, a right of way, a facility, a building, or equipment used in transporting gas or treating gas during its transportation^]\n(9)", "label": "no value"}, "ebebe21c-82e0-4a75-b93c-d0fbb62862a3": {"case_id": "115bdd5d-f8d0-4d1e-9b01-33039f08ad26", "opinion_id": "48e21fb3-078b-43ea-bf89-3528485260ca", "paragraph_id": "d01c9ffd-9ca7-49a7-ac39-1c53dc5d89e0", "position": 1, "text": "Pursuant to its deed with Kennebec West, Maritimes has the right to use the Stud Mill Road, between what are marked points A and G in the conveyance maps of the deed, and a spur from the Stud Mill Road (Road 33-00-0), marked from point G to H, for the purpose of accessing the Woodchopping Ridge property for construction, maintenance, and operation of natural gas pipeline facilities.", "label": "potential value"}, "8ca56506-5446-4dcf-80c0-50325845037a": {"case_id": "959d7157-d882-4da5-9496-19052a54a4c2", "opinion_id": "4ab781e2-bbcf-4588-b2be-3342d815d063", "paragraph_id": "1995138c-d07f-4329-b95a-8d20dd362ce2", "position": 1, "text": "AES and Southern filed applications with FERC seeking certificate authorization under Natural Gas Act (NGA) section 7(c), 15 U.S.C. § 717f(c), to construct and operate interstate natural gas pipeline facilities to transport LNG into the Market Area by interconnecting with Florida Gas’ pipeline.", "label": "certain value"}, "3b991489-9a56-4f0b-b3db-9eb53b385d41": {"case_id": "3e000a87-96b8-4cbc-8b12-a785434f458a", "opinion_id": "90cf89a8-0447-4250-8134-4e393e9cb388", "paragraph_id": "5f06d6b5-5e94-4ce0-b8fa-30d20da42429", "position": 2, "text": "Jersey Central argued as well that more recent Commission precedent on the treatment of abandoned investments in gas pipeline facilities provided support for its proposal.", "label": "potential value"}, "68098d06-9d50-45d3-ae77-4ed6fb498015": {"case_id": "9825653a-c3dc-412d-b276-cc50471506b3", "opinion_id": "77872b21-36db-4e28-9bfb-3e5f5a9eb016", "paragraph_id": "d30e8bc2-0ef9-4118-8e5a-8011be4e9af9", "position": 2, "text": "The Safety Act contemplated, and the regulations issued by the Department of Transportation thereunder provide, comprehensive standards and specifications for the construction, operation and maintenance of all natural gas pipelines facilities “in or affecting interstate commerce.”", "label": "certain value"}, "dccad414-5611-4d3e-92c6-cdf2771ac34c": {"case_id": "630906e8-72b7-4575-a34f-204d2a5f81f8", "opinion_id": "cbba8872-6886-40a0-9f17-7a6bfe6500c7", "paragraph_id": "dd03bfed-b3c2-4107-a98c-291560e62d42", "position": 2, "text": "Jersey Central argued as well that more recent Commission precedent on the treatment of abandoned investments in gas pipeline facilities provided support for its proposal.", "label": "potential value"}, "7159a5f8-8c65-4180-8f12-92f7fc6ddd58": {"case_id": "4c6e7e0d-8190-462b-9278-e093d5bd5719", "opinion_id": "98fbf1e4-0c50-496e-9c88-b6bb79a8991a", "paragraph_id": "8d199e77-3d3c-4725-8d1a-97d612f52694", "position": 1, "text": "In an amazing display of circularity, the NGPSA defines a “pipeline facility” to include “a gas pipeline facility,” § 60101(a)(18), which it then further defines as a “a pipeline, a right of way, a facility, a building, or equipment used in transporting gas or treating gas during its transportation,” § 60101(a)(3) (emphasis added); see 49 C.F.R. § 192.3.", "label": "high value"}, "cd8f287b-27d1-4cbd-b2c7-2d544d2fe264": {"case_id": "a4100473-a331-4ef5-b24d-213fbf2eb776", "opinion_id": "d321fc14-88ce-4027-a657-8afa716953ca", "paragraph_id": "7b07d8e1-cbf6-4b84-863f-d1cd40e3a947", "position": 0, "text": "This is an appeal of a district court’s declaratory judgment that certain gas pipeline facilities are not subject to safety standards promulgated by the Texas Railroad Commission because those standards are preempted by provisions of the Natural Gas Pipeline Safety Act.", "label": "potential value"}, "f6eb1eef-b7df-474c-9445-085c2ea7a915": {"case_id": "71a26598-a65b-4815-85c6-481ec9f5c2c0", "opinion_id": "64d11ae2-1740-4070-800c-f7a19ef97d94", "paragraph_id": "cef92956-f734-46ac-b7a0-73e414975963", "position": 1, "text": "There, a gas company sought to construct an interstate natural gas pipeline facility in Grand Prairie, Texas. Under Grand Prairie’s zoning regulations, the facility would have needed to comply with a 300 foot “setback” requirement under which all facilities needed to be set back at least 300 feet from a nearby road.", "label": "potential value"}, "a8514074-4f78-4542-895b-2807869377bd": {"case_id": "71a26598-a65b-4815-85c6-481ec9f5c2c0", "opinion_id": "64d11ae2-1740-4070-800c-f7a19ef97d94", "paragraph_id": "993ac536-f581-4fac-abc7-45195471604b", "position": 3, "text": "Here, the County Zoning Plans do not stand as an obstacle to the accomplishment of the full purposes of Congress, because, as noted above, Congress’ purpose in enacting the PSA was to create federal minimum safety standards on all natural gas pipeline facilities.", "label": "certain value"}, "82ac0367-5c36-46a6-b34e-77973af8f71a": {"case_id": "71a26598-a65b-4815-85c6-481ec9f5c2c0", "opinion_id": "64d11ae2-1740-4070-800c-f7a19ef97d94", "paragraph_id": "0b42711d-d1cf-47ed-af27-01cba8b0370f", "position": 2, "text": "In that case, the operator of an interstate natural gas pipeline facility sought a declaration that a Providence, Rhode Island ordinance requiring the operator to obtain local zoning approval for a proposed modification was preempted by the NGA and the PSA.", "label": "potential value"}, "5b1ea189-432b-4e8c-9126-197f5e3bf4fa": {"case_id": "332369de-c6c5-4a4b-9456-4c82673058d8", "opinion_id": "f5f13850-84c9-4331-990a-d55a020e3fcd", "paragraph_id": "797a0374-20c4-4dbe-b027-387d2ff8f842", "position": 3, "text": "Section 60123(b) states that “[a] person knowingly and willfully damaging or destroying an interstate gas pipeline facility ... that is used in interstate or foreign commerce or in any activity affecting interstate or foreign commerce, or attempting or conspiring to do such an act, shall be fined under title 18, imprisoned for not more than 20 years, or both, and, if death results to any person, shall be imprisoned for any term of years or for life.”", "label": "certain value"}, "a471608d-da60-4e93-a8d1-fe8d34783a1b": {"case_id": "f933ac0d-eea1-4826-af3d-e871d40ab345", "opinion_id": "87cfcd05-e334-4dcd-82d4-5d9a232357cc", "paragraph_id": "0fcc3bb8-27c0-4234-a576-fb6cd4b45ac5", "position": 1, "text": "The certificate authorized East Tennessee to construct and operate natural gas pipeline facilities for daily, delivery and sale of .up to 60,000 mcf. of natural gas to the United States Atomic ■ • Energy . Commission (hereafter called AEC) for use .as a fuel in AEC’s gaseous diffusion plant at Oak Ridge, Tennessee, where uranium-235, one . of two fissionable materials used in atomic weapons, is produced.", "label": "certain value"}, "7bcd1c7b-9613-477b-a1c8-d09810c94a6e": {"case_id": "f933ac0d-eea1-4826-af3d-e871d40ab345", "opinion_id": "87cfcd05-e334-4dcd-82d4-5d9a232357cc", "paragraph_id": "dacbfe5e-31a2-403a-8dfe-cea1db76d7d5", "position": 0, "text": "On July 2, 1948, the Tennessee Gas Transmission Company’, (hereafter called TGT) filed an application, Docket No. G-1070, In the Matter of Tennessee Gas Transmission Company, with the Commission for a certificate of public convenience and necessity authorizing the construction and operation of natural gas pipeline facilities to permit it to sell and deliver natural gas to East Tennessee for the Oak Ridge service.", "label": "potential value"}, "3f36c574-fd16-4eab-8a8d-0f933894c7a7": {"case_id": "eb980ba3-5da7-4313-b623-5b8de3be1065", "opinion_id": "57703df3-8832-4488-a7a2-416ac7c589af", "paragraph_id": "116e141e-c2fa-4b7f-b878-abe5e576568e", "position": 0, "text": "In other words, the only state action over interstate natural gas pipeline facilities that could be taken pursuant to federal law is state action taken under those statutes.", "label": "potential value"}, "4dd4bd80-0bca-4a4b-9d10-8b0d3788d622": {"case_id": "2da1ee51-ec37-405b-9da9-f3cb4c86e6c0", "opinion_id": "c8be3aaa-6a41-4210-abda-cb6206c41c7f", "paragraph_id": "64378b2e-6529-4336-afd9-c90cb0962f18", "position": 7, "text": "The PSA preempts safety standards for natural gas pipeline facilities.", "label": "certain value"}, "bd21236b-ee94-40a7-b65b-5748b76a5e3d": {"case_id": "2da1ee51-ec37-405b-9da9-f3cb4c86e6c0", "opinion_id": "c8be3aaa-6a41-4210-abda-cb6206c41c7f", "paragraph_id": "8d1855ef-ab5e-457b-b878-8a55fb10af54", "position": 0, "text": "Plaintiff-Appellant Texas Midstream Gas Services LLC (“TMGS”) is in the business of installing and operating natural gas pipeline facilities.", "label": "potential value"}, "a470ab41-edd3-426b-83e4-431a7019f22b": {"case_id": "1684a399-f424-4688-b846-fbe6d679b8b4", "opinion_id": "8e401445-363d-43ee-a4a1-8f6abf56e337", "paragraph_id": "20bf93ba-abde-4164-b9f4-f54b1a56d6a3", "position": 3, "text": "CIG is an interstate natural gas pipeline company that owns and operates interstate natural gas pipeline facilities and is engaged in the transportation and storage of natural gas in interstate commerce in several states, including Kansas.", "label": "potential value"}, "73342f79-03ae-4da9-acf3-1184cae2c2b3": {"case_id": "1684a399-f424-4688-b846-fbe6d679b8b4", "opinion_id": "8e401445-363d-43ee-a4a1-8f6abf56e337", "paragraph_id": "9acda84c-5d97-4925-af70-f227d722b456", "position": 3, "text": "Specifically, Congress has required applicants in § 717f proceedings to certify to FERC “that it will design, install, inspect, test, construct, operate, replace, and maintain a gas pipeline facility under those standards and plans for inspection and maintenance under” the PSA.", "label": "certain value"}, "5cfa104d-c142-4798-ac94-c3675d5f1043": {"case_id": "1684a399-f424-4688-b846-fbe6d679b8b4", "opinion_id": "8e401445-363d-43ee-a4a1-8f6abf56e337", "paragraph_id": "37918ed7-12c8-4679-870e-330de2f9e93a", "position": 4, "text": "In the PSA, Congress specifically required applicants in § 717f proceedings to certify to FERC “that it will design, install, inspect, test, construct, operate, replace, and maintain a gas pipeline facility under those standards and plans for inspection and maintenance under” the PSA.", "label": "certain value"}, "14e12390-e41a-409f-9629-7cbbe41a3e7f": {"case_id": "1684a399-f424-4688-b846-fbe6d679b8b4", "opinion_id": "8e401445-363d-43ee-a4a1-8f6abf56e337", "paragraph_id": "0a914094-3701-424e-8ef5-1da8d4e50272", "position": 0, "text": "Under the PSA, “ ‘pipeline facility’ means a gas pipeline facility,” 49 U.S.C. § 60101(a)(18), and “ ‘pipeline transportation’ means transporting gas,” 49 U.S.C. § 60101(a)(19).", "label": "potential value"}, "a2b8a0e2-17cb-42c0-8e6c-d59c05c31ae6": {"case_id": "1684a399-f424-4688-b846-fbe6d679b8b4", "opinion_id": "8e401445-363d-43ee-a4a1-8f6abf56e337", "paragraph_id": "0a914094-3701-424e-8ef5-1da8d4e50272", "position": 1, "text": "A “ ‘gas pipeline facility’ includes a pipeline, a right of way, a facility, a building, or equipment used in transporting gas or treating gas during its transportation.”", "label": "no value"}, "b88c1a49-cc43-4fc3-887c-82bd45c77de4": {"case_id": "1684a399-f424-4688-b846-fbe6d679b8b4", "opinion_id": "8e401445-363d-43ee-a4a1-8f6abf56e337", "paragraph_id": "0a914094-3701-424e-8ef5-1da8d4e50272", "position": 3, "text": "An “ ‘interstate gas pipeline facility’ means a gas pipeline facility — (A) used to transport gas; and (B) subject to the jurisdiction of the Commission under the Natural Gas Act (15 U.S.C. 717 et seq.).”", "label": "potential value"}, "c7161214-b848-4b8b-9eb9-f724a58de645": {"case_id": "1684a399-f424-4688-b846-fbe6d679b8b4", "opinion_id": "8e401445-363d-43ee-a4a1-8f6abf56e337", "paragraph_id": "0a914094-3701-424e-8ef5-1da8d4e50272", "position": 7, "text": "By the plain terms of the statute, CIG’s storage field in Kansas meets the definition of an interstate gas pipeline facility, because it is subject to FERC jurisdiction and because it is used to store gas which is one of the statutorily defined ways of transporting gas.", "label": "high value"}, "03a65c15-b484-4e34-8755-d0e5b618de3c": {"case_id": "1684a399-f424-4688-b846-fbe6d679b8b4", "opinion_id": "8e401445-363d-43ee-a4a1-8f6abf56e337", "paragraph_id": "091575a7-a2a7-4482-a4f5-9622ec037e40", "position": 0, "text": "The PSA defines an “interstate gas pipeline facility” as a facility “used to transport gas.”", "label": "certain value"}, "7f901f1f-11ce-4321-a3db-64000ab1ec11": {"case_id": "1684a399-f424-4688-b846-fbe6d679b8b4", "opinion_id": "8e401445-363d-43ee-a4a1-8f6abf56e337", "paragraph_id": "091575a7-a2a7-4482-a4f5-9622ec037e40", "position": 5, "text": "Thus, an underground storage field used to store natural gas comes within the definition of an “interstate gas pipeline facility.”", "label": "high value"}, "79826dd0-951a-4e5c-94e8-15a39de060d5": {"case_id": "1684a399-f424-4688-b846-fbe6d679b8b4", "opinion_id": "8e401445-363d-43ee-a4a1-8f6abf56e337", "paragraph_id": "e27623f2-7b54-43d1-97a6-4c2df9ce9c7c", "position": 2, "text": "In addition, the Kansas statute and regulations setting forth and enforcing safety standards on CIG’s underground storage facility, which is an interstate natural gas pipeline facility, are expressly pre-empted by the PSA.", "label": "high value"}, "733893cc-1487-43bd-a495-848f58ea361a": {"case_id": "a170421f-bf3e-4a01-82af-bcb733438b3e", "opinion_id": "5d3a1ec9-f3e2-40a4-8d84-93807028642b", "paragraph_id": "f5c5d2b7-a373-4627-b4cd-be00ae3b7431", "position": 0, "text": "The facts surrounding the “cost” issue may be summarized as follows: Petitioner, Florida Gas Transmission Company (FGT), which owns and operates natural gas pipeline facilities extending from Texas to and throughout Florida, is successor in interest to the Houston Texas Gas and Oil Company (Houtex), which was organized during the 1950’s to build and operate a natural gas pipeline.", "label": "potential value"}, "60876847-5998-4cb7-989f-10b4d04fbf13": {"case_id": "73cea0a5-710c-44f9-b89d-e511cd8182e5", "opinion_id": "54e2da60-fdfd-4d83-b456-473a1f122b85", "paragraph_id": "d0b5fd9a-1e84-4c65-aa83-17cde9a4efe8", "position": 0, "text": "Effective January 1, 1985, Montana-Dakota Utilities Company split its local distribution facilities from its interstate gas pipeline facilities and transferred the latter to a new creation, Williston Basin Interstate Pipeline Company.", "label": "potential value"}, "cbdf566e-9e5a-41d2-b6d2-d58a53649025": {"case_id": "dcf5d466-408f-438e-aab0-3bc6e331a95f", "opinion_id": "44b64172-0f7b-4fc5-a050-a1fffc0de781", "paragraph_id": "a149d69f-7633-408a-a523-ec6d1b2b8cf5", "position": 1, "text": "The authority Williams provides for its interstate commerce argument also relates to natural gas pipeline system. ' In arguing that state interference with operation of its pipeline violates the interstate commerce clause, Williams relies on cases rejecting state or local efforts to regulate natural gas pipeline facilities.", "label": "potential value"}, "eb7767b8-195a-414e-85d1-4673df7a1947": {"case_id": "dcf5d466-408f-438e-aab0-3bc6e331a95f", "opinion_id": "44b64172-0f7b-4fc5-a050-a1fffc0de781", "paragraph_id": "a149d69f-7633-408a-a523-ec6d1b2b8cf5", "position": 3, "text": "The courts held that, in light of the federal grant of certificates of convenience and necessity and of the Congressional authorization for use of the eminent domain power to the party pipeline companies, state regulation could not thwart construction of necessary gas pipeline facilities.", "label": "certain value"}, "47c3c751-8322-4b29-8024-da47529b54cf": {"case_id": "678a26b5-b97d-413b-b8f6-9dbd1a025395", "opinion_id": "a56d3411-ac0f-4811-bd87-5888c8a79393", "paragraph_id": "45b63cc1-76f9-4583-b2e4-a3ee858d1697", "position": 4, "text": "49 U.S.C. § 60103(c) (\"Except as provided in paragraph (2) of this subsection, a design, location, installation, construction, initial inspection, or initial testing standard prescribed under this chapter after March 1, 1978, does not apply to an existing liquefied natural gas pipeline facility....”).", "label": "certain value"}, "04d088e6-b37d-4de1-bbd1-0088828181a3": {"case_id": "28b1ab66-ad9a-4ab6-b223-be48d0ac0bf5", "opinion_id": "9050e491-a6f7-4aae-8c0e-a350763970f6", "paragraph_id": "0afe8173-5b88-422c-abdd-86342375bd0a", "position": 0, "text": "The Natural Gas Act provides that pipelines must obtain a certificate of public convenience and necessity before they can construct, acquire, or operate interstate natural gas pipeline facilities.", "label": "certain value"}, "c2437091-b512-4294-bc8f-250936f22128": {"case_id": "1707f611-ca80-4a57-8f95-fbfd223bf73e", "opinion_id": "cdcea089-55d9-4738-84d8-258e85c06ce8", "paragraph_id": "65a56ed3-10db-464f-866e-3484361ecd6d", "position": 8, "text": "In addition, the standards must include the requirement that a gas pipeline facility operator participate in a public safety program to protect against hazard caused by demolition, excavation, tunneling, or construction. (49 U.S.C. § 60102(c).)", "label": "certain value"}, "d5fce3ad-7105-44db-9a7d-140a5a970dd0": {"case_id": "1707f611-ca80-4a57-8f95-fbfd223bf73e", "opinion_id": "cdcea089-55d9-4738-84d8-258e85c06ce8", "paragraph_id": "ed711953-bc22-4e86-83b5-61b24efa54ba", "position": 1, "text": "Standards promulgated under NGPSA cover all gas pipeline facilities and all the work done by employees with relation to them, from installation to repairs.", "label": "certain value"}, "44e16601-e571-47af-8222-7f6d247dbaaf": {"case_id": "af1ddd74-8519-4a7c-8ce5-5f62499fe6a7", "opinion_id": "02cda6a2-dd63-45b3-80e2-e6e7b978468f", "paragraph_id": "8e3ebad9-dde0-4f9f-8d4d-caa37e315aa5", "position": 0, "text": "42 .2 U.S.C. § 441h (conspiracy to make certain fraudulent misrepresentations in a federal election campaign); 7 U.S.C. § 192(f)-(g) (conspiracy by packers or swine contractors to engage in certain unlawful practices); id. § 2303(f) (conspiracy to commit unfair trade practices affecting producers of agricultural products); 8 U.S.C. § 1253(c) (conspiracy to prevent or hamper the removal of an alien subject to deportation); id. § 1324(a)(l)(A)(v)(I) (conspiracy to bring in or harbor certain aliens); id. § 1327 (conspiracy to aid or assist certain aliens to enter the United States); 12 U.S.C. § 617 (conspiracy to use the credit, funds, or the power of certain corporations to control the prices of commodities); 15 U.S.C. § 1 (conspiracy to restrain interstate trade or commerce); id. § 2 (conspiracy to monopolize trade); id. § 3 (conspiracy to restrain or monopolize trade or commerce in a Territory of the United States or in the District of Columbia); id. § 8 (conspiracy to restrain import trade); id. § 76 (conspiracy to import restricted items during times of foreign war); id. § 77 (conspiracy to furnish facilities or privileges to ships or persons contrary to a presidential proclamation); id. § 714m(d) (conspiracy to make false statements, commit embezzlement, commit larceny, or convert property in relation to the Commodity Credit Corporation); id. § 1644(a)-(b) (conspiracy to commit credit card fraud or to transport \"a counterfeit, fictitious, altered, forged, lost, stolen, or fraudulently obtained credit card” in interstate or foreign commerce); id. § 1693n(b)(l)-(2) (conspiracy to use or transport in interstate or foreign commerce a counterfeit, fictitious, altered, forged, lost, stolen, or fraudulently obtained debit instrument); 16 U.S.C. § 831t(c) (conspiracy to defraud the Tennessee Valley Authority); 18 U.S.C. § 32(a)(l)-(5), (7)-(8) (conspiracy to commit certain acts involving the destruction of aircraft or aircraft facilities); id. § 32(b)(2)-(4) (conspiracy to destroy or cause damage to a civil aircraft registered in a country other than the United States); id. § 37(a)(2) (conspiracy to damage the facilities of an international airport); id. § 38(a)(3) (conspiracy to commit fraud involving aircraft or space vehicle parts in interstate or foreign commerce); id. § 43(a)(2)(A), (C) (conspiracy to damage or interfere with the operations of an animal enterprise by property damage); id. § 175(a) (conspiracy to develop, produce, stockpile, transfer, acquire, retain, or possess any biological agent, toxin, or delivery system for use as a weapon or to assist a foreign state or an organization to do so); id. § 175c(c)(l) (conspiracy to \"knowingly produce, engineer, synthesize, acquire, transfer directly or indirectly, receive, possess, import, [or] export ... variola virus”); id. § 224 (conspiracy to commit bribery in sporting contests); id. § 229(a)(2) (conspiracy to \"develop, produce, otherwise acquire, transfer directly or indirectly, receive, stockpile, retain, own, [or] possess” a chemical weapon); id. § 286 (conspiracy to defraud the United States with respect to claims); id. § 521(c)(1), (3) (providing a ten-year sentence enhancement for conspiracy to commit a drug-trafficking crime while belonging to a criminal street gang); id. § 555(d) (conspiracy to commit certain offenses related to border tunnels or passáges); id. § 670(a)(6) (conspiracy to commit theft of medical products); id. § 757 (conspiracy to procure the escape or to aid escaped prisoners of war or enemy aliens); id. § 799 (conspiracy to violate regulations of the National Aeronautics and Space Administration); id. § 832(a), (c) (conspiracy to \"willfully participate!] in or knowingly provide!] material support or resources” to a foreign terrorist power’s nuclear weapons program or other weapons-of-mass-destruction program and conspiracy to \"develop or possess a radiological weapon”); id. § 1028(f) (conspiracy to commit fraud or a related activity in connection with identification documents, authentication features, and information); id. § 1030(a)(l)-(6), (b) (conspiracy to commit fraud or a related crime in connection with computers); id. § 1037(a)(5) (conspiracy to falsely represent oneself as the registrant of five or more Internet Protocol addresses and to initiate commercial electronic mail messages from those addresses); id. § 1349 (conspiracy to commit mail fraud or another fraud offense under chapter 63 of title 18); id. § 1362 (conspiracy to damage or interfere with communication lines, stations, or systems \"operated or controlled by the United States, or used or intended to be used for militaiy or civil defense functions of the United States”); id. § 1363 (conspiracy to destroy or injure buildings or property within special maritime or territorial jurisdiction); id. § 1366 (conspiracy to destroy an energy facility); id. § 1368 (conspiracy to harm animals used in law enforcement); id. § 1389(a)(l)-(2) (conspiracy to knowingly destroy or injure the property of a United States serviceman or an immediate family member on account of the serviceman’s status); id. § 1466A (conspiracy to commit offenses related to possession and distribution of obscene visual representations of the sexual abuse of children); id. § 1512(b)-(d), (k) (conspiracy to tamper with a witness, victim, or informant); id. § 1513(b), (e)-(f) (conspiracy to retaliate against a witness, victim, or informant through property damage or interference with employment or livelihood); id. § 1521 (conspiracy to retaliate against a federal judge or federal law enforcement officer by false claim or slander of title); id. § 1594(b) (conspiracy to commit a number of offenses involving human trafficking, some of which are nonviolent); id. § 1594(c) (conspiracy to recruit persons for human trafficking or to benefit financially from human trafficking); id. § 1956(h) (conspiracy to launder money or to engage in monetary transactions in property derived from specified unlawful activity); id. § 1958(a) (conspiracy to use interstate commerce facilities to further the commission of a murder for hire); id. § 1962(d) (conspiracy to engage in prohibited racketeering activities); id. § 1992(a)(5), (8)-(10) (conspiracy to commit certain nonviolent acts against a railroad carrier or mass transportation system); id. § 2252(b) (conspiracy to conduct certain activities related to child pornography); id. § 2252A(b) (conspiracy to conduct certain activities relating to material containing child pornography); id. § 2260(b), (c)(2) (conspiracy to commit certain acts relating to transportation of \"any visual depiction of a minor engaging in sexually explicit conduct” with intent that such a depiction will be imported into the United States); id. § 2271 (conspiracy to destroy a vessel with intent to injure certain insurers or underwriters); id. § 2280(a)(l)(C)-(F), (H) (conspiracy to endanger a ship); id. § 2281(a)(l)(C)-(D), (F) (conspiracy to endanger the safety of a maritime fixed platform); id. § 2285 (conspiracy to operate a submersible vessel or semi-submersible vessel without nationality); id. § 2291(1)-(3), (5), (8)-(9) (conspiracy to destroy a vessel or maritime facility); id. § 2320(a) (conspiracy to traffic in counterfeit goods or services); id. § 2332g(a), (c)(1) (conspiracy to \"knowingly produce, construct, otherwise acquire, transfer directly or indirectly, receive, possess, import, [or] export” a missile system designed to destroy aircraft); id. § 2332h(a), (c)(1) (conspiracy to \"knowingly produce, construct, otherwise acquire, transfer directly or indirectly, receive, possess, import, [or] export” a radiological dispersal device); id. § 2339B(a)(l) (conspiracy to provide material support or resources to designated foreign terrorist organizations); id. § 2339C (conspiracy to finance terrorism); id. § 2385 (conspiracy to advocate the overthrow of the United States government); id. § 2423(e) (conspiracy to commit certain offenses involving traveling or transporting others for the purpose of engaging in illicit sexual conduct with a minor); id. § 2442 (conspiracy to recruit or use child soldiers); 19 U.S.C. § 1590 (conspiracy to commit aviation smuggling); 21 U.S.C. § 846 (conspiracy to commit a drug crime); id. § 960a (conspiracy to violate certain drug-trafficking provisions with intent to provide aid to foreign terrorist groups); id. § 963 (conspiracy to commit offenses related to the import or export of a controlled substance); id. § 1904(c)(2) (conspiracy to violate provisions regarding transactions related to international narcotics traffickers); 22 U.S.C. § 8512(c) (conspiracy to violate provisions regarding economic sanctions against Iran); id. § 8513(c)(3), (d)(2) (conspiracy to violate regulations regarding financial institutions that engage in certain transactions related to Iran); id. § 8513a(g)(2) (conspiracy to violate provisions related to the imposition of sanctions with respect to the financial sector of Iran); id. § 8781(b) (conspiracy to violate certain provisions related to Iran and Syria); id. § 8809(b) (conspiracy to violate statutory provisions or regulations related to Iran freedom and counterproliferation); 26 U.S.C. § 7214 (conspiracy by an officer or employee of the United States to defraud the United States); 31 U.S.C. § 3729(a)(1)(C) (conspiracy to make false claims for payment against the United States government); id. § 5332 (conspiracy to smuggle currency into or out of the United States); 38 U.S.C. § 1987 (conspiracy to commit fraud related to veterans’ insurance benefits); 42 U.S.C. § 1973i(c) (conspiracy to encourage false registration to vote or illegal voting); id. § 1973j(c) (conspiracy to interfere with voting rights); id. § 2272(a)-(b) (conspiracy to violate certain provisions regarding the development and control of atomic energy); id. § 2273(a) (conspiracy to violate provisions or regulations governing the development and control of atomic energy for which no other criminal penalty is specified); id. § 2274 (conspiracy to communicate, transmit, or disclose restricted data related to atomic energy); id. § 2275 (conspiracy to receive restricted data related to atomic energy); id. § 2277 (conspiracy to communicate or receive restricted data related to atomic energy without authorization); id. § 2284 (conspiracy to sabotage nuclear facilities or fuel); id. § 15544(a) (conspiracy to deprive voters of a fair election); 46 U.S.C. § 56102 (conspiracy to violate certain controls during war or national emergency); id. § 70506 (conspiracy to manufacture, distribute, or possess a controlled substance on a vessel); 49 U.S.C. § 32703(4) (conspiracy to commit certain acts relating to odometers); id. § 60123(b) (conspiracy to damage or destroy a gas pipeline facility or a hazardous liquid pipeline facility); 50 U.S.C. § 167k (conspiracy to violate provisions regulating helium gas); id. § 1705 (conspiracy to violate any license, order, regulation, or prohibition issued under the chapter govern- ' ing international emergency economic powers); id. app. § 462 (conspiracy to interfere with the administration of the selective service); id. app. § 2410 (conspiracy to violate export regulations).", "label": "potential value"}, "30b86fb2-ed15-4c80-8bbe-1f98f2389ab9": {"case_id": "bca7ef43-e892-40a5-8102-e0e8966186cd", "opinion_id": "7fe637f2-3eaf-4333-a8a8-18666e84a26f", "paragraph_id": "e21222d7-dcc9-4775-b3e3-9d1e201476c5", "position": 4, "text": "Assuming that this feature of the act does render it unconstitutional, nevertheless, the plaintiff will not be heard to raise these constitutional questions unless the act operates in such a way as to injure it; and since this is not a case where any county or any municipality of this State is operating a gas pipeline facility, or seeks to do so under the provisions of the act of 1956, it is clear to us that the plaintiff is not injured in any way by the exclusion of municipalities and counties from the provisions and the operation of the act; this being trae, it is not in a position to attack its validity on either of these alleged grounds.", "label": "potential value"}, "c848b25a-a8f8-47f0-8a9c-56e2e80caabc": {"case_id": "6edcc932-055e-43fb-8cac-4e72dee13555", "opinion_id": "91db8c93-1f6d-4746-b015-78b8d7bda7bf", "paragraph_id": "35f078a3-42e4-47f7-9a88-245d65b0f964", "position": 0, "text": "Effective January 1, 1985, Montana-Dakota Utilities Company split its local distribution facilities from its interstate gas pipeline facilities and transferred the latter to a new creation, Williston Basin Interstate Pipeline Company.", "label": "certain value"}, "77e00c78-6bcf-45ae-aa02-90a5d654998d": {"case_id": "aaacd6e0-5672-448f-8ab2-66b1f8eea2b9", "opinion_id": "5adf8139-5ed6-4a1a-b3d0-eaae0ed212c3", "paragraph_id": "281c5494-ffb6-4133-b321-9f5ea41d33c9", "position": 0, "text": "The Natural Gas Act provides that pipelines must obtain a certificate of public convenience and necessity before they can construct, acquire, or operate interstate natural gas pipeline facilities.", "label": "certain value"}, "8820e4e3-c4a0-4337-808a-960429ffef90": {"case_id": "587d1126-df12-41e2-8c58-6999155a16b8", "opinion_id": "8c5514ef-c23e-48d2-8f64-7429ae977b0a", "paragraph_id": "13f02a86-6364-4aed-8f68-726b223dc7a0", "position": 1, "text": "AES and Southern filed applications with FERC seeking certificate authorization under Natural Gas Act (NGA) section 7(c), 15 U.S.C. § 717f(c), to construct and operate interstate natural gas pipeline facilities to transport LNG into the Market Area by interconnecting with Florida Gas’ pipeline.", "label": "certain value"}, "240bdcb3-25b0-4f91-8831-089a454e7f2c": {"case_id": "f51b13fd-ed80-449b-a0af-1cea3e0d29c6", "opinion_id": "99325ea5-4a5e-46d8-9993-4b052dbe4175", "paragraph_id": "eca84481-7e28-474d-95d1-fb05ceb19b4c", "position": 0, "text": "Section 7 of the Natural Gas Act, 15 U.S.C. § 717f, prohibits the construction of certain natural gas pipeline facilities without a certificate of public convenience and necessity issued by the Commission; section 7(e) authorizes the Commission “to attach to the issuance of the certificate and to the exercise of the rights granted thereunder such reasonable terms and conditions as the public convenience and necessity may require.”", "label": "certain value"}, "1aefe0f5-6dc5-4615-bba5-a9b0c67bc755": {"case_id": "654b681a-f22a-4cb0-afe8-69b304c1cddf", "opinion_id": "3074cb2b-3a47-4c5e-bf21-366a228b87c4", "paragraph_id": "7df89425-d95c-4102-822e-c8dde93afaf8", "position": 0, "text": "On October 1, 1992 Northwest Pipeline Corporation (“Northwest”) filed for a general rate increase under § 4 of the Natural Gas Act, 15 U.S.C. § 717c, to cover costs associated with a previously authorized expansion of its natural gas pipeline facilities.", "label": "potential value"}, "a3fc28d3-beb7-40f6-8f92-8e1e1bd02060": {"case_id": "72fe2f32-10c0-4e66-a467-a7dd22eba6b4", "opinion_id": "4d7293d0-d5ab-426a-b98d-cadfe493af81", "paragraph_id": "035e27b3-5aa4-4135-9769-f952307e6f15", "position": 0, "text": "Under the Natural Gas Act (“NGA”), FERC has jurisdiction to approve the construction of natural gas pipeline facilities and to regulate the transportation of natural gas in interstate commerce.", "label": "certain value"}, "ea7ffd6e-d488-407d-a606-9a3ec1582b14": {"case_id": "b87e150e-b457-4171-b867-773ed2fa8240", "opinion_id": "7ee5cb1b-4888-4650-9ca8-4d9a55e0528b", "paragraph_id": "6725e79b-6809-4da5-947b-a173142a1fc2", "position": 0, "text": "Section 7 of the Natural Gas Act (“NGA”), 15 U.S.C. § 717f, “prohibits the construction of certain natural gas pipeline facilities without a certificate of public convenience and necessity issued by the Commission.”", "label": "certain value"}, "8b305190-d594-4ecc-95a0-47083ee49fd9": {"case_id": "3195ba25-d20d-4261-bae5-33bf867b6c9b", "opinion_id": "103458a2-2ced-4c0e-ad31-5df0e8169dcb", "paragraph_id": "c0964e6a-4810-452e-a9ad-8b39fbfd8714", "position": 0, "text": "Northern Border Pipeline Company and Natural Gas Pipeline Company of America petition for review of orders of the Federal Energy Regulatory Commission directing Northern Border to record the cost of a gas pipeline facility it had purchased from Natural in accordance with FERC’s Uniform System of Accounts.", "label": "potential value"}, "784e437e-e6ac-4761-9bcc-c451eca80424": {"case_id": "2976f928-61e8-492b-96ad-d1e52c13e9b6", "opinion_id": "ed3d6054-2863-4096-91f9-87001980b282", "paragraph_id": "2d75f972-5bd8-45a4-a6ae-575f1ec18df3", "position": 0, "text": "FGTC sued to condemn property to construct, operate, and maintain a natural gas pipeline facility.", "label": "potential value"}, "552cba85-dbfa-4501-ba40-bdb1f01a3147": {"case_id": "798b2343-5374-45ea-9c7f-26cfc512f94d", "opinion_id": "12857c56-5d7f-4e64-a36c-5e50608bee39", "paragraph_id": "46421a79-48db-49f9-acb4-abbeb5b149e5", "position": 1, "text": "Granite State proposes to use the Wells tank to sell natural gas in interstate commerce and the tank is an interstate natural gas pipeline facility subject to regulation by the Federal Energy Regulatory Commission (FERC).", "label": "high value"}, "74d4c64c-09f4-402f-a4fb-e6d5ae398ea3": {"case_id": "b90b8281-b015-4b57-ab82-3cde35f65216", "opinion_id": "b64c0f9d-0225-4d70-b676-f284b43422de", "paragraph_id": "e53c6383-ba16-4064-9afc-d8b9882e17be", "position": 3, "text": "To accomplish this purpose, on the receipt of a petition for approval of construction of an energy facility at a site, the board is obliged to\n“review the need for, cost of, and environmental impacts of transmission lines, natural gas pipelines, facilities for the manufacture and storage of gas, and oil facilities; provided, however, that the board shall review only the environmental impacts of generating facilities, consistent with the [C]ommonwealth’s policy of allowing market forces to determine the need for and cost of such facilities.", "label": "potential value"}, "7d3cfda1-3fbd-454c-8080-83012e294fa1": {"case_id": "591a55c0-6ebe-43f9-875c-efaedcee1525", "opinion_id": "96f39759-618a-41d3-9644-51a9887ee878", "paragraph_id": "bf4f6266-e1d0-4e21-b937-446c5d5e0762", "position": 4, "text": "For example, easements D-7, D-8, D-9, D-10 and D~-11 granted by Barlow Ranch were for the expansion of existing gas pipeline facilities on Barlow Ranch property.", "label": "potential value"}, "fb522b30-d630-449b-8d41-16c0a4cfb136": {"case_id": "eda5f121-adf8-4f77-a1ea-8bc2c96c59d9", "opinion_id": "fc186bce-996b-4988-8025-b8b978e656d3", "paragraph_id": "7bb38a5c-e89c-4e51-9a03-2a4b40d23b89", "position": 0, "text": "(6) “interstate gas pipeline facility” means a gas pipeline facility—", "label": "potential value"}, "7818581e-36a8-4ddd-943c-d5894bc17913": {"case_id": "eda5f121-adf8-4f77-a1ea-8bc2c96c59d9", "opinion_id": "fc186bce-996b-4988-8025-b8b978e656d3", "paragraph_id": "6478e828-6603-4716-a632-21a7234f4995", "position": 1, "text": "“intrastate gas pipeline facility means a gas pipeline facility and transportation of gas within a State not subject to the jurisdiction of the Commission under the Natural Gas Act (15 U.S.C. 717[-717z]);\n(10)", "label": "potential value"}, "8e6768b9-9781-49db-9a71-96914e559092": {"case_id": "eda5f121-adf8-4f77-a1ea-8bc2c96c59d9", "opinion_id": "fc186bce-996b-4988-8025-b8b978e656d3", "paragraph_id": "f4e8a07e-e80e-46a2-bc78-2585b5eebb0c", "position": 2, "text": "49 U.S.C. § 60103(d) prescribes minimum operating and maintenance standards for liquefied natural gas pipeline facilities, and it includes “security measures to prevent an intentional act that could cause a liquefied natural gas accident.”", "label": "certain value"}, "4da3ac0b-84b8-4fad-9206-7286c0d89ed3": {"case_id": "88f8c88f-6049-43a2-b157-b35c0d4fa92f", "opinion_id": "d5bffbfd-0e09-4fa3-927a-e9967e48e9cf", "paragraph_id": "291baaa3-17a1-4121-a656-c623c2f84171", "position": 1, "text": "Tex.Rev.Civ.Stat.Ann. art. 1446c, § 73A (Vernon Supp.1992) (permitting assessment of civil penalty for violation of Public Utility Regulatory Act \"result[ing] in pollution of the air or water of this state or posting] a threat to the public safety”); Tex.Rev.Civ.Stat.Ann. art. 4477-3a, § 16 (Vernon Supp.1992) (Texas Asbestos Health Protection Act); Tex.Rev.Civ.Stat.Ann. art. 5920-11, § 30 (Vernon Supp.1992) (Texas Coal Mining and Surface Reclamation Act); Tex.Rev.Civ.Stat.Ann. art. 6053-2 (Vernon Supp.1992) (safety standards for transportation of gas and for gas pipeline facilities); Tex.Rev.Civ.Stat. Ann. art. 8905, § 9 (Vernon Supp.1992) (Water Well Pump Installers Act); Tex.Nat.Res.Code § 40.252 (Oil Spill Prevention and Response Act); id. § 81.0531-0533 (assessment of penalties for violation of Railroad Commission statutes and rules “which pertain to safety or the prevention or control of pollution”); id. § 116.-143-.145 (violation of laws relating to compressed natural gas “result[ing] in pollution of the air or water of this state or posting] a threat to the public safety”); id. § 131.2661-2663 (violations of Uranium Surface Mining and Reclamation Act \"result[ing] in pollution of the air or water of this state or posfing] a threat to the public safety”); id. § 141.013-.015 (violation of geothermal resources regulations \"pertainfing] to safety or the prevention or control of pollution”); id.", "label": "potential value"}}