{"f7dde063-e1ca-45b3-9d1d-5e7509841448": {"case_id": "f5b2eaaf-32f4-4e12-8b98-2a0ddc1ebfb0", "opinion_id": "59294f1b-569e-4ab8-8ea8-f0e7fbd4effa", "text": "As a final consideration on this issue, the government’s invocation of the Senate’s 2006 ratification of the Council of Europe Convention on Cybercrime does not alter this finding. The, Cybercrime Convention requires signatories to compel persons to produce data in their possession or control, Convention on Cybercrime, Nov. 23, 2001, Europ. T.S. No. 185, Art. 18.1.a, available at https://rm.coe.int/1680081561. The Explanatory Report transmitted with the Convention interpreted the custody-or-possession provision to include signatory authority to compel persons to produce data that may be stored outside of the signatory’s territory. Explanatory Report to the Convention on Cybercrime, Nov.. 23, 2001, 11173, available at, https://rm.coe.int/16800 cce5b. The government argues that Senate ratification of the Cybercrime Convention indicates that the SCA already provided the afore-mentioned authority required by the Convention.", "position": 30}, "8d921e3a-96b6-416c-b8e8-1af8458942d4": {"case_id": "f5b2eaaf-32f4-4e12-8b98-2a0ddc1ebfb0", "opinion_id": "59294f1b-569e-4ab8-8ea8-f0e7fbd4effa", "text": "The government’s arguments fail to convince on this score. The Senate’s ratification of the Convention does not even mention the SCA. Furthermore, the Senate did not ratify the Cybercrime Convention until 2006, more than 20 years after enactment of the SCA. The Supreme Court disfavors such post hoc interpretation of legislation. Waterman S.S. Corp. v. United States, 381 U.S. 252, 269, 85 S.Ct. 1389, 14 L.Ed.2d 370 (1965) (“‘the views of a subsequent Congress form a hazardous basis for inferring the intent of an earlier one.’ ”) (citing United States v. Price, 361 U.S. 304, 313, 80 S.Ct. 326, 4 L.Ed.2d 334 (1960); United States v. Philadelphia Nat’l Bank, 374 U.S. 321, 348, 83 S.Ct. 1715, 10 L.Ed.2d 915 (1963)). Indeed, the Cybercrime Convention does not even constitute legislation. The' Convention incites the Senate’s advice and consent function under Article II of the Constitution, not its legislative function pursuant to Article I. In re Search Warrant to Google, 2017 WL 2985391, at *9. Therefore, the President and the Senate’s considerations cannot represent the interpretation by the entire Congress that the SCA fulfills certain of the Convention’s conditions.", "position": 31}, "f30434f0-7719-4c99-a943-576839e709e3": {"case_id": "0fe892e3-e805-478c-b339-f421d0875657", "opinion_id": "441d699e-e0d4-412f-ad7e-5d584731660f", "text": "In addition to this 1904 treaty, the government relies on two more recent treaties in its Complaint: the Convention on Cy-bercrime and the U.N. Convention Against Corruption. [D.E. 1 at 1]. According to the Convention on Cybercrime, a multilateral treaty to which the United States and Panama are both parties:", "position": 59}, "bf31d263-17c4-41bc-857a-bdcde3f3fe58": {"case_id": "0fe892e3-e805-478c-b339-f421d0875657", "opinion_id": "441d699e-e0d4-412f-ad7e-5d584731660f", "text": "Convention on Cybercrime art. 3, Nov. 23, 2001, T.I.A.S. No. 13174. The treaty expressly includes an article on extradition, quite relevant here, which provides:", "position": 61}, "db583652-57de-4408-8249-a3c832530dcf": {"case_id": "0fe892e3-e805-478c-b339-f421d0875657", "opinion_id": "441d699e-e0d4-412f-ad7e-5d584731660f", "text": "The record also shows, however, that the allegations cited in the Prosecutor’s affidavit implicate both surveillance systems described in Pres. Martinelli’s supplemental memorandum, in part based on allegations that the illegal surveillance involved email communications, “Whatsapp” communications (a communications applications on mobile devices), as well as wireless cellular communications. [D.E. 13-1 at 8]. If in .fact ■ the evidence supports the charge of email or Whatsapp interceptions, which would have required use of the “MLM Protection” system that Panamanian funds paid for, the case for extradition may prove to be sound under both the 1904 Treaty and, at least, the Convention on Cybercrime. And this may be the case even though Pres. Martinelli’s efforts to undermine the reliability of the Prosecutor’s affidavit and evidence may be well taken.", "position": 91}, "ead6ff35-7ba4-4a56-bf8d-4e2e280edc39": {"case_id": "c8802d9f-84b2-43f2-bf63-13f9725773ab", "opinion_id": "0f7d8a43-3af9-4aac-a90a-39bfd404e08b", "text": "In 2007, Seattle-area Timberline High School began receiving anonymous bomb threats, which prompted daily evacuations. See U.S. Department of Justice, Office of the Inspector General, A Review of the FBI’s Impersonation of a Journalist in a Criminal Investigation 1 (2016) (“OIG Report”), Joint Appendix (J.A.) 538. Unable to trace the emailed threats to their sender, local authorities called in cybercrime experts from the FBI’s Seattle Division. Id. Sensing the handiwork of a narcissist, the FBI agents devised a plan: if they could flatter the culprit into clicking a link to what appeared to be press coverage suggesting that he had outsmarted the authorities, they could, in turn, outsmart him by secretly delivering specialized mal-ware that would reveal his computer’s location. Id. at 11-12, J.A. 548^9. Warrant in hand, an FBI Special Agent contacted an anonymous social-media account associated with the threats, identified himself as an Associated Press “Staff Publisher,” and requested input on a draft article accessible through an emailed link. Id. at 14-15, J.A. 551-52. The suspect took the bait, clicking the link and unwittingly downloading the malware. Id. at 16, J.A. 553. Within hours, the FBI had its man. Id.", "position": 3}, "dbef3a00-806e-4053-ba20-ea1150e1b8b5": {"case_id": "c945e1de-43a4-465a-a0df-ad006205ff45", "opinion_id": "fe7eebef-b5a7-461f-a3e0-226953e2d763", "text": "On or around April of 2011, Rébecca Gonzalez, then Group Supervisor of the Cybercrimes Unit at Homeland Security Investigations (“HSI”), heard in the news that the PRPD had found child pornography in items seized at Cordero’s home as part of an ongoing lewd acts investigation.", "position": 158}, "b934e1bb-6c35-46af-911a-dd6ebcbbacb4": {"case_id": "c945e1de-43a4-465a-a0df-ad006205ff45", "opinion_id": "fe7eebef-b5a7-461f-a3e0-226953e2d763", "text": "Subsequently, Agudelo sought a search warrant for the items that had been collected back in April at Cordero’s house. Agudelo clarified that she did not include the camera that MMTH had turned over in the affidavit because Hornedo had given her consent to search the camera. See Agudelo’s affidavit in support of Search Warrant, Government’s Exhibit 9 and Docket No. 137-10. On May 24, 2011, the search warrant was issued. Douglas Skinner, an agent in the Cybercrimes Unit, performed a digital forensic analysis of the computer during the week of July 25-29, 2011.", "position": 196}, "ffd4e73c-1be6-4878-bf45-b09b70f292f9": {"case_id": "5302471c-7b4e-43bc-b6cb-b4d457603ad4", "opinion_id": "03441428-8e8a-4ecd-81a7-5cbc8f0d0d92", "text": "The Attias Court based its decision on a particular cybercrime in a commercial setting — “the hack and the nature of the data that the plaintiffs allege was taken” — and it did not purport to address every data breach, including those that might be state-sponsored. Since the Court lacks the basis available in Remijas or Attias to “presume” that the purpose of this hack was to facilitate fraud or identity theft,\n23\nthis case is more analogous to Clapper, and it is not plausible to infer that plaintiffs now face a substantial risk of identity theft based on the allegations in the complaint.", "position": 211}, "d126436f-2527-45d7-bb4b-7978982879b7": {"case_id": "dc751ef9-0560-4c27-acce-f90a3666b9fe", "opinion_id": "4fd8945e-34c8-4542-88ef-70a83ecc2655", "text": "9 . In this case, the advertisements are for car insurance,'FAC ¶ 42, a product offering \"the tools and the team to grow your small business,” id. ¶ 96, Velveeta \"Famous Queso! Mix,”, id ¶ 99, and a home heating and cooling system, id. ¶ 100. In Gonzalez, the only advertisement documented in the plaintiffs’ complaint was for “a product called ‘Threat-Metrix Cybercrime Report: Q4 2015.’ ” Gonzalez, — F.Supp.3d at -, 2017 WL 4773366, at *13.", "position": 88}, "f555f85c-5110-4ad6-9883-baa52951ee73": {"case_id": "b5258dc8-7b7f-474a-b4f4-5a66059a16c8", "opinion_id": "7ec04827-a191-4f0b-a5a5-8bb834b89fb5", "text": "V.\nVenue issues are animated in part by the “danger of allowing the [Gjovernment to choose its forum free from any external constraints.” Salinas, 373 F.3d at 169-70 (citing Travis, 364 U.S. at 634, 81 S.Ct. 358). The ever-increasing ubiquity of the Internet only amplifies this concern. As we progress technologically, we must remain mindful that cybercrimes do not happen in some metaphysical location that justifies disregarding constitutional limits on venue. People and computers still exist in identifiable places in the physical world. When people commit crimes, we have the ability and obligation to ensure that they do not stand to account for those crimes in forums in which they performed no “essential conduct element” of the crimes charged. Rodriguez-Moreno, 526 U.S. at 280, 119 S.Ct. 1239.", "position": 74}, "8bee4b64-dce5-47f4-8016-74672b930554": {"case_id": "6089b9f8-15f8-4b91-ae26-cf3482d52748", "opinion_id": "770ea42e-2d67-4c81-834c-e105088602f3", "text": "The remainder of the application consists of a set of “definitions” related to cybercrime investigations (Dkt. 64-1 pp. 8-10); a general explanation of how computers and the Internet operate (Id., at 10-14, 16); and a generic pornography “collector profile” (Id. at 14-16). There is nothing in the application that directly connects this generic information regarding child pornographers to the Defendant. There is no information in the application that the named storage devices are the type typically used in connection with computer peer-to peer file sharing as found in the investigation of Defendant Schesso.", "position": 9}, "31c0315c-d66d-41e5-9f97-fcbbfbc8b4f8": {"case_id": "6089b9f8-15f8-4b91-ae26-cf3482d52748", "opinion_id": "770ea42e-2d67-4c81-834c-e105088602f3", "text": "With these principles in mind, a review of the application for the search warrant demonstrates that it did not support probable cause for the issuance of a general warrant for the search and seizure of any electronic storage devices for evidence of child pornography crimes. The generalized statements regarding cybercrime and pornography collector profiles do not demonstrate that Schesso had some proclivity or likelihood of committing crimes other than the particular crime(s) described in the single incident of file sharing that occurred on October 20, 2008, particularly when the warrant was not sought for some 20 months after the date of the alleged crimes. The application for the search warrant does not support a warrant for the search and seizure of any and all electronic storage devices found at Schesso’s residence in order to comb through these devices to determine what other crimes may have been committed.", "position": 26}, "c778250f-eb48-439e-afe6-70bc22ee7336": {"case_id": "a1c2a09b-5e09-46d7-9986-b56a36a2f0ab", "opinion_id": "72c61ecd-2b1f-492f-9491-cf257cb463f4", "text": "Hearing Before the Subcomm. on Commerce, Justice and State; Judiciary and Related Agencies of the Senate Comm, on Appropriations, 106th Cong. (2000) (Statement of Janet Reno Attorney General of the United States, “Cybercrime”), available at 2000 WL 11068228, at *7 (emphasis added). Similarly, when questioned on this issue, Deputy Attorney General, Eric Holder also acknowledged that, under section 1030(a)(5)(A) the damage must be incurred by a single protected computer:", "position": 94}, "3bdc37fe-30a7-4935-ba39-80e30e8c9897": {"case_id": "3bd94c04-be9e-4b36-b571-82236e6fd153", "opinion_id": "0ac7d3ff-aee2-48ff-b04e-5419f1a94d32", "text": "In August 2011 a police detective assigned to a cybercrimes task force found that child pornography had been downloaded to an Internet Protocol address belonging to Ford’s stepfather. During a search of the stepfather’s residence police found a number of files containing child pornography on the stepfather’s laptop computer. He told police that Ford had used the computer while living there for part of the previous year. Ford met with police soon after and during that noncustodial interview—which was recorded on video—Ford admitted downloading the child pornography. And though Ford denied during that interview being sexually attracted to child pornography, he later told police that he likely was.", "position": 2}, "48defcad-23a7-4988-b7cc-23376983408b": {"case_id": "db40cb21-e53d-4591-95f9-c4392feed353", "opinion_id": "ecf46172-342d-4289-b93b-f37ae385c27f", "text": "In his papers in opposition to the instant motion, plaintiff expresses the view (for the first time) that the complaint also states claims under an unspecified “Whis-tleblower Act,” as well as federal laws related to “cybercrimes” and intellectual property. Plaintiff does not identify which federal laws were purportedly violated, nor does the complaint contain any factual allegations concerning whistleblowing, cybernetic activity or intellectual property. There are, for example, no allegations in the complaint that plaintiff complained to government officials about illegal activity and was subjected to retaliation for those complaints, or that the defendants misused any technological devices or stole intellectual property belonging to the plaintiff. The complaint makes no allusion whatsoever to such theories, let alone plausibly states claims under them.", "position": 12}, "db48521c-0261-4b04-a962-12c5a0e15372": {"case_id": "8bbefca8-b44c-4468-ab28-8711c930ef68", "opinion_id": "08712930-815c-4d50-9790-71dc1f986cfe", "text": "At trial, the government presented the testimony of Charles McMullen, who previously worked in an undercover capacity for the Florida Attorney General’s Child Predator Cybercrime Unit. In April 2011, McMullen, posing as a 12-year-old boy named “Paul” logged into a teen-chat website and received a private message from Hardy. Paul informed Hardy that he was 12 years’ old. Through a series of online conversations, Hardy and Paul discussed numerous sexual acts in graphic detail and made plans for Hardy to drive to meet Paul. Within five days of speaking with Paul, Hardy drove from his home in Georgia to the address in Florida where Paul claimed that he lived. Upon arriving at the address, law enforcement arrested Hardy, and he told law enforcement that, had he not been arrested, he only intended to “hang out” with Paul. Also at trial, Hardy renewed an objection under Fed. R.Evid. 404(b) (“Rule 404(b)”) that he had made prior to trial concerning a government witness’s testimony as to the descriptions of three images of child pornography that Hardy possessed in November 2010. The court overruled Hardy's objection because the images were probative of his intent, as the images showed underage boys in various sexual positions and illustrated Hardy’s sexual interest in underage boys. Thus, the testimony concerning the images was admitted. The jury found Hardy guilty, and the court sentenced him to 120 months’ imprisonment.", "position": 3}, "eb75c87b-132b-4ae0-b8a0-09893d19810e": {"case_id": "8e5e2c10-3398-4c4a-8f35-9bf6656f7e1d", "opinion_id": "c032d9bb-0542-4ee9-bf36-88e4ad992e4e", "text": "Before concluding, we add a few words about Newsom’s overall sentence. As we noted, the result of the application of the Guidelines was a sentence of 324 months’ imprisonment, or 27 years. Those who think that the idea of marginal deterrence should play some part in criminal sentences — that is, that the harshest sentences should be reserved for the most culpable behavior — might find little room left above Newsom’s sentence for the child abuser who physically harms his victim, who abuses many different children, or who in other ways inflicts greater harm on his victims and society. Compare A. Mitchell Polinsky & Steven Shavell, “The Optimal Trade-Off Between the Probability and Magnitude of Fines,” 69 Am. Econ. Rev. 880 (1979); see also Tracey L. Meares, Neal Katyal, & Dan Kahan, “Updating the Study of Punishment,” 56 Stan. L.Rev. 1171 (2004) (discussing, among other things, the substitution effects from one crime to another induced by very high penalty levels); Mitchell Edmund O’Neill, “Old Crimes in New Bottles: Sanctioning Cybercrime,” 9 Geo. Mason L.Rev. 237, 274 (2000). The factors outlined in 18 U.S.C. § 3553(a), which now must directly inform criminal sentencing, reflect the need to take into account factors like the full nature and circumstances of the offense, the need for the sentence to reflect the seriousness of the offense, and the need to afford adequate deterrence. The district judge may conclude, on remand, that these and the other parts of § 3553(a) can be satisfied by something less than the 324-month sentence derived from the Guidelines grid.", "position": 27}, "96915771-691f-4517-b5e4-80188cdf81cd": {"case_id": "0f3e2183-953e-4377-9305-f37d34b3bb85", "opinion_id": "a626ee37-1879-4dda-a89b-b5d7cc77a3ac", "text": "2 . While this case has been characterized as a prosecution based upon purported \"cyberbulling,” there is nothing in the legislative history of the CFAA which suggests that Congress ever\nenvisioned such an application of the statute. See generally, A. Hugh Scott & Kathleen Shields, Computer and Intellectual Property Crime: Federal and State Law (2006 Cumulative Supplement) 4-8 to 4-16 (BNA Books 2006). As observed in Charles Doyle & Alyssa Weir, CRS Report for Congress-Cybercrime: An Overview of the Federal Computer Fraud and Abuse Statute and Related Federal Criminal Laws (Order Code 97-1025) (Updated June 28, 2005):", "position": 133}, "db8953ca-3753-4fc9-81f8-0ff380570a91": {"case_id": "0f3e2183-953e-4377-9305-f37d34b3bb85", "opinion_id": "a626ee37-1879-4dda-a89b-b5d7cc77a3ac", "text": "21 . Commentators have criticized the legislatures' understandings of computers and the accessing of computers as \"simplistic” and based upon the technology in existence in the 1970’s and 1980’s (e.g. pre-Internet) rather than upon what currently exists. See, e.g., Kerr, Cybercrime's Scope, 78 N.Y.U.L.Rev. at 1640-41.", "position": 160}, "f962bcd4-6245-41f5-a5ac-06e6f26a5d31": {"case_id": "04a4e0d7-d357-4f57-bdb4-31e4f6c48f9a", "opinion_id": "331617c0-92b5-4439-bffb-92e56e40cd63", "text": "Detective Nathan Dix testified that he was a cybercrimes detective for the Largo Police Department and an agent on the Federal Bureau of Investigation’s (“FBI”) Child Exploitation Task Force. He arrived at Thomas’s house at 12:18 p.m., after Officer Steiner had begun the initial investigation. Detective Dix stated that he received a briefing and then examined the home office area and the HP desktop computer, which was easily accessible within the office. He-concluded that there was child erotica, but no child pornography, on the two websites visible on the HP computer. Notably though, Officer Steiner testified that the “NNLollys” website visible on the computer had- links to other websites with terms indicative of child pornography.", "position": 11}, "02f5f438-af11-4d31-8596-bcc21b5536e3": {"case_id": "a8798715-e290-49bc-a1ad-4d0099dace94", "opinion_id": "b0b8a41c-2d5b-48b3-afe0-a6a2991fb7b0", "text": "The District Court — summarizing the SEC’s allegations — described the computer hacking in this case as “employ[ing] electronic means to trick, circumvent, or bypass computer security in order to gain unauthorized access to computer systems, networks, and information ... and to steal such data.” Dorozhko, 606 F.Supp.2d at 329. On appeal, the SEC adds a further gloss, arguing that, in general, “[computer h]ackers either (1) ‘engage in false identification and masquerade as another user[’] ... or (2) ‘exploit a weakness in [an electronic] code within a program to cause the program to malfunction in a way that grants the user greater privileges.’ ” Appellant’s Br. 22-23 (quoting Orín S. Kerr, Cybercrime Scope: Interpreting “Access ” and “Authorization ” in Computer Misuse Statutes, 78 N.Y.U. L.Rev. 1596, 1645 (2003)). In our view, misrepresenting one’s identity in order to gain access to information that is otherwise off limits, and then stealing that information is plainly “deceptive” within the ordinary meaning of the word. It is unclear, however, that exploiting a weakness in an electronic code to gain unauthorized access is “deceptive,” rather than being mere theft. Accordingly, depending on how the hacker gained access, it seems to us entirely possible that computer hacking could be, by definition, a “deceptive device or contrivance” that is prohibited by Section 10(b) and Rule 10b-5.", "position": 38}, "f60e1a61-cd50-463e-b633-ff6733d82647": {"case_id": "e3d28101-421d-49d5-acfd-65c0a094edb6", "opinion_id": "4839a653-2190-4f55-acfa-9cc3252a5ab7", "text": "In January 2013, investigators with the Southwest Missouri Cybercrimes Task Force remotely connected to a computer through the Ares peer-to-peer network. The investigators downloaded from the target computer two video files that depicted prepubescent males engaged in a sexual act. Investigators later identified Sumner as the subscriber through his IP address. Investigators subsequently obtained a warrant to search Sumner’s residence and seized a desktop computer, laptop computed, and a Seagate hard drive. A forensic examination revealed fifteen video files and 114 image's depicting child pornography located- on the desktop computer and one video file containing child pornography located on the laptop comput-er.", "position": 7}, "613d6f0c-63a8-49c5-a2dc-8b41e6029d3a": {"case_id": "f7202751-412b-4357-8a06-6006e1b8357a", "opinion_id": "bf57162c-f6c3-4486-91ed-39600025d99d", "text": "Furthermore, the legislative history supports the conclusion that Congress intended the CFAA to do “for computers what trespass and burglary laws did for real property.” Orin S. Kerr, Cybercrimes’ Scope: Interpreting “Access” and Authorization” in Computer Misuse Statutes, 78 N.Y.U. L. Rev. 1596,1617 (2003). Prior to the passage of the CFAA, Congress relied on wire and mail fraud statutes to prosecute computer crimes, but these laws were only applicable when defendants used a means of interstate commerce to execute the crime, such as making telephone calls across state lines. H.R.Rep. No. 98-894, at 6 (1984), U.S.Code Cong. & Admin.News 1984, pp. 3689, 3691. A 1984 House Report states that the proposed legislation was necessary because “[i]t is obvious that traditional theft/larceny statutes are not the proper vehicles to control the spate of computer abuse and computer-assisted crimes,” given that they generally do not define property to include electronically processed or stored data, a problem compounded by the threat posed by “hackers who have been able to access (trespass into) both private and public computer systems.” Id. at 9-10, U.S.Code Cong. & Admin.News 1984, pp. 3689, 3695. Congress noted that modern computer networking capabilities “enabled the recent flurry of electronic trespassing incidents.” Id. at 10, U.S.Code Cong. & Admin.News 1984, pp. 3689, 3696.", "position": 21}, "c5051bed-e1e4-435d-a385-150cf6cab864": {"case_id": "a08c50fe-85a4-4dce-96fc-57db692eb6fa", "opinion_id": "4f068472-eda1-4a22-8709-53de1e78d7e3", "text": "Around the same time, Caywood and Throop also identified issues with two websites that Burton had created, both of which discussed a cybersecurity program at UWP. Caywood and Throop felt that these websites inaccurately suggested that UWP had developed or was actively developing a cybercrime program. Throop tried to arrange a meeting with Burton and Caywood to discuss the issues with the websites and the AT&T funding, but Burton refused to meet.", "position": 20}, "e58ab362-c2db-4803-849d-9f918010163a": {"case_id": "a08c50fe-85a4-4dce-96fc-57db692eb6fa", "opinion_id": "4f068472-eda1-4a22-8709-53de1e78d7e3", "text": "Burton identifies what she contends are two materially adverse actions that constituted retaliation under Title IX: (1) Cay-wood publically criticized Burton in the months following her report of student harassment; and (2) Caywood and dean Throop withdrew their support of Burton’s efforts to develop a cybercrime curriculum. Dkt. 57, at 10-19. Based on the undisputed facts of this case, no reasonable jury could conclude that either action was materially adverse.", "position": 57}, "5ee7be0b-306d-4c5e-b7a4-103a6a36b621": {"case_id": "eadbcdec-a417-43e0-a33b-14e1480e947a", "opinion_id": "c3cc6148-9d89-4d9a-aa8f-c099de0ca18c", "text": "The growth of the Internet has intensified legislative and executive branch attention. Federal prosecutors have now virtually abandoned prosecutions for adult obscenity, but increased prosecutions involving children. See, e.g., Jason Krouse, The End of the Net Pom, Despite Big Talk Federal Efforts Against Adult Obscenity Online Have Withered, 2008 A.B.A. J. 52, 55 (Feb.2008) (noting that of federal attorneys contacted, “not one said it had any inclination to pursue anything other than child obscenity eases.”). The FBI has made “cybercrime,” most of which is child pornography, its “third-highest priority behind counterterrorism and counterintelligence.” Jerry Markon, Crackdown on Child Pornography: Federal Action, Focused on Internet, Sets Off a Debate, Wash. Post, Dec. 15, 2007, at Al. Many states have followed suit, creating legislation criminalizing the distribution, promotion, production, and possession of child pornography. Osborne, 495 U.S. at 110-11, 111 n. 6, 110 S.Ct. 1691; see Appendix B, infra.", "position": 544}, "7a0cdf4d-2413-4cc1-9f07-23559d30d68e": {"case_id": "f671b7c0-e5d8-46cf-baa4-246ab79756af", "opinion_id": "7b2ecdcc-5baa-4ff7-9d36-48eebd986258", "text": "A Washington state court judge approved the warrant in June 2010. The warrant noted that there was probable cause to search for evidence of dealing in and possession of child pornography, and authorized a search of Schesso’s residence for “[a]ny computer or electronic equipment or digital data storage devices that are capable of being used” for those violations. The warrant permitted seized items to be transferred to the Vancouver Police Department Digital Evidence Cybercrime Unit or to any qualified law enforcement digital evidence processing lab for examination, analysis, and recovery of data. The warrant did not contain any protocols for sifting through the data or any provision for the return of non-evidentiary property.", "position": 7}, "524b8aa1-c217-4c0f-8ef8-a4a02389d80f": {"case_id": "053e7383-8053-4e39-8d8f-cad9e77c00c8", "opinion_id": "3c254b9c-3009-4a6f-b449-95ac551ed51a", "text": "9 . Notably, the publicly available DOJ manuals that refer to the use of taint teams make reference to these teams as a device for addressing potential violations of the attorney-client privilege. See Dept, of Justice, United States Attorneys’ Manual § 9-13.420(c)(1997), online at http://www.justice. gov/usao/eousa/foia_reading_room/usam/title 9/13mcrm.htm# 9-13.420 (as visited April 29, 2011); Dept, of Justice, Searching and Seizing Computers and Obtaining Evidence in Criminal Investigations, Chapter 2 § F(2)(b) (2009), online at http://www.justice.gov/ criminal/cybercrime/ssmanual/ssmanual2009. pdf (as visited on April 29, 2011). The Court has been unable to locate any publicly available DOJ policy that discusses the use of taint teams to avoid Massiah problems.", "position": 83}, "ee5606cb-7a99-4429-96f1-c367e43c4de2": {"case_id": "78f490b7-abba-4e5a-b1eb-99598d7a1205", "opinion_id": "f892263d-3dda-4d8e-a2bd-0e3d6f79ca6e", "text": "Moore then called Detective Scott Gibson with the TPD’s cybercrimes unit. Gibson instructed Moore to seize the computer and obtain witness statements from DeGraffenreid and Kidd. DeGraffenreid did not object to Moore taking possession of the computer. Moore testified at a later suppression hearing that the computer was “in a common area,” that it appeared “both Ms. DeGraffenreid and Ms. Kidd had joint use and free access to the computer,” and that he never “directed] Ms. DeGraffenreid or Ms. Kidd to do anything ... [a]ll their actions were voluntary.”", "position": 9}, "3f2349bc-d16a-489e-827f-aea298ea6ef9": {"case_id": "78f490b7-abba-4e5a-b1eb-99598d7a1205", "opinion_id": "f892263d-3dda-4d8e-a2bd-0e3d6f79ca6e", "text": "On July 23, 2010, a magistrate judge issued a search warrant authorizing the search of Benoit’s computer. Sergeant Malcolm Williams of the TPD cybercrimes unit found over 320 images and approximately eighty videos of child pornography. A few days later, Benoit called Sergeant Williams and asked for a meeting. Sergeant Williams and Detective Gibson met and interviewed Benoit at a truck stop, during which Benoit admitted to having downloaded child pornography over a period of several years. Benoit wrote and signed a statement to that effect.", "position": 10}, "f0f60d4c-3ad1-4742-a098-edf4739d06b0": {"case_id": "c28b6a89-ffee-4452-b5d0-7e1e45877797", "opinion_id": "090dc666-2c2f-49c2-8d98-27181913d546", "text": "Helder, a 41-year-old male, entered an Internet Yahoo! chat room under the screen name “trialkc”while at his law office. An undercover officer, Detective Mark Stephens of the CyberCrimes Unit of the Platte County, Missouri, Sheriffs Department, using the screen name “lisEL_mo_13” (“lisa”), entered a chat room labeled “Missouri 1.” Within ten minutes of entering the chat room, “lisa” was instant messaged by “trialkc.”", "position": 3}, "b74f7cb9-f3b8-41a0-8024-f30bc122772e": {"case_id": "a31d6990-0eb9-40c1-8d47-5733fe8d4772", "opinion_id": "e051e726-eb7a-4f65-bb14-34cdc591be87", "text": "Reference is made to Your Honor’s recent inquiry regarding information on the treatment and supervision of offenders convicted of Possession of Child Pornography under supervision in the Eastern District of New York (EDNY). By way of background, the sex offender specific caseload was created in the Eastern District of New York, within the Supervision Division in November 1998, due to the increase of sex offender registration laws and offenders convicted of sexual offenses entering the federal criminal justice system. Prior to the establishment of the sex offender caseload, sex offenders were assigned to a mental health caseload, where the officer supervised offenders with a myriad of mental health disorders. The department created a second sex offender specific caseload in 2001, to address the supervision of sexual offenders on Long Island. Finally, in 2003, the department created the Sex Offender Unit, which currently consists of a Supervisory U.S. Probation Officer, a Senior U.S. Probation Officer, two U.S. Probation Officers (one based in our Brooklyn office and the other working out of the Central Islip Courthouse), and the department’s CyberCrime Specialist. The unit is responsible for supervising all registered sexual offenders convicted of a federal and/or military sex offense, as well as those federal offenders who have been convicted of a previous sex offense on the local level and lastly those offenders who have a history or pattern of sexually deviant behavior. It is noted that over the years, our department has utilized the Containment Approach Model to supervise and treat convicted sex offenders. This model, endorsed by the Administrative Office of the Courts, American Probation and Parole Association, and Alliance for the Treatment of Sexual Abusers (ATSA), requires a collaborative approach wherein information is shared amongst supervising officer, treatment provider and polygraph examiner in an effort to establish the most effective treatment and supervision plan.", "position": 2593}, "781dc11b-dfc6-4de1-b85e-89ce9fe41a87": {"case_id": "fb5bb24f-f5a6-42fa-8a48-76acc6eb8db8", "opinion_id": "28675fec-0660-4889-91c4-41d877c01a98", "text": "Mr. Syed became the subject of an undercover law enforcement operation after a member of the FBI’s Cybercrimes and Computer Exploitation Task Force posed as a 14-year-old female named “Samantha” on a mobile-based chat network.. The chat network allowed users to communicate via the Internet using mobile phones or other devices. The investigator used a photo of one of his female colleagues, taken when that colleague was 14 or 15 years old, to create a profile on the chat network.", "position": 5}, "d1618ca2-8594-4db3-90ec-ac18ac9c7b50": {"case_id": "7714a212-96c6-4901-a203-1296e6802e5e", "opinion_id": "2965da57-ac4c-444a-b143-d6dd32c1f444", "text": "6 . The cases and similar statutes cited by Defendants on this issue do not conflict with this view of “obtaining.” For example, Ramsey County claims that if Congress had wanted to create liability for \"accessing” or \"viewing” data, it could have done so explicitly, as it did in the areas of cybercrime, child pornography, and income tax return privacy. (Doc. No. 57, at 12) (citing 18 U.S.C. § 2252A(a)(5)(a) (which makes it a crime to knowingly access with intent to view child pornography), and 26 U.S.C. § 7431(a)(1) and (2) (which create a civil cause of action against one who inspects or discloses tax return information)).", "position": 143}, "cd885970-80d2-4f8d-b256-c14b39788d4d": {"case_id": "0ffe8d1a-ecb8-4394-8be1-cb58fe9ec218", "opinion_id": "c4d87ffd-6ce5-46aa-bf96-6c67ed598d7e", "text": "One of the purposes of sentencing under 18 U.S.C. § 3553(a) is deterrence, a purpose which has a particular resonance here. As one author describes, deterrence and punishment are particularly important for cybercrimes:", "position": 64}, "7c3d0880-bb26-4058-84f7-5d30eb089893": {"case_id": "e53e735a-8ba0-4ee1-8663-70749ed1f6c7", "opinion_id": "be46e990-ca6c-4af2-afb6-a195ec599fba", "text": "4 .Available at http://www.justice.gov/criminal/ cybercrime/docs/ssmanual2009.pdf (last visited Mar. 29, 2014).", "position": 79}, "caf3679c-9be0-4af7-a79c-4b70b38b4952": {"case_id": "33e62c39-5ffc-4301-8816-204e58be9a93", "opinion_id": "9c54a0b0-dbff-4fde-b58e-844442b66e80", "text": "We agree with the district court that the good faith exception to the exclusionary rule applies to the affidavit underlying the search warrant of Vanbrackle’s residence. First, the affidavit was not “so lacking in indicia of probable cause as to render official belief in its existence entirely unreasonable.” See Martin, 297 F.3d at 1313. To the contrary, it was reasonable for Agents Blackwell and Witrick to believe that the information contained in the affidavit was sufficient to support a finding of probable cause that evidence of the unlawful receipt of child pornography would be found at Vanbrackle’s residence. The facts alleged within the search warrant affidavit indicate that (1) screen names registered to Vanbrackle at 253A Little River Lane, Rabun Gap, Georgia, were implicated in four other cases involving the transmission or solicitation of child pornography over the internet; (2) Vanbrackle continued to reside at 253A Little River Lane, Rabun Gap, Georgia; (3) Vanbrackle was believed to be a collector of child pornography based on his activities of sending and receiving child pornography and requests to exchange pictures of skimpily dressed children with other AOL users; and (4) the tendency of collectors of child pornography, such as Vanbrackle, was to retain and store images of child pornography on their computers. Further, at the suppression hearing, Jim Per-singer, a computer forensic cybercrimes specialist, testified that people who collect child pornography do not normally download child pornography at a public place, but typically view it at their residence or place of employment.", "position": 8}, "7db24315-9938-425e-a8b3-30cfadea249e": {"case_id": "0e090eae-092a-4412-aa98-4917f18139e0", "opinion_id": "f8005127-ee35-49dd-b86f-ec96a707649a", "text": "We have found no case in this circuit addressing the quantum of proof sufficient to show the third element of a violation of § 2320(a)(1). It is unsurprising that we have not previously considered this issue because proving trademark registration is usually a simple pro forma matter of offering a certified copy of the certifícate of registration. Indeed, the Department of Justice’s manual on prosecuting intellectual property crimes explains that this is the preferred procedure for proving registration. United States Department of Justice, Prosecuting Intellectual Property Crimes 101 (3d ed. 2006), available at http://www.justice.gov/ criminal/cybercrime/ipmanua]/ipma2006. pdf. Although offering certificates of registration may be the most straightforward method of proof, at least two courts have found other types of evidence sufficient. See United States v. Park, 164 Fed.Appx. 584, 585-86 (9th Cir.2006) (unpublished); United States v. DeFreitas, 92 F.Supp.2d 272, 278 (S.D.N.Y.2000).", "position": 4}, "5d3b56ec-0b82-4f16-9ebf-c3b1acc058f6": {"case_id": "52e70571-9d35-4971-9ccb-5b9f1fbb6ba8", "opinion_id": "64e4d888-03c0-4eec-a2a8-75572c349d60", "text": "4 . See generally H. Marshall Jarrett et al., U.S. Dep’t of Justice, Searching and Seizing Computers and Obtaining Electronic Evidence in Criminal Investigations 84-85 (2009), available at http://www.justice.gov/criminal/ cybercrime/docs/ssmanual2009.pdf.", "position": 59}, "4b4bb2d4-a08c-45af-87ea-6881f012f997": {"case_id": "0d7153b4-6734-4f9e-807e-d8cf6767772b", "opinion_id": "7b474750-e8eb-46ec-83e6-bff9919dbc0e", "text": "Black & Decker, 568 F.Supp.2d at 934-35 (most internal quotation marks and citations omitted). The court also went on to analyze the legislative history and found that it provided further support for the conclusion that Congress did not intend the CFAA to extend to situations where the access was technically authorized but the particular use of the information was not. Id. at 935-36 (focusing on the use of the terms “without authorization” and “exceeds authorization,” as well as the idea that “the legislative history supports the conclusion that Congress intended the CFAA to do ‘for computers what trespass and burglary laws did for real property’ (quoting Orin S. Kerr, Cybercrimes’ Scope: Interpreting “Access” and “Authorization” in Computer Misuse Statutes, 78 N.Y.U. L.Rev. 1596, 1617 (2003)); and noting that, although the scope of the statute had been broadened several times, the amendments related primarily to the penalties associated with violations but did not change the requirement that access be “without authorization” or “in excess of authorization).", "position": 36}, "fdb66799-076a-4f84-a3fc-e9f2b001ae77": {"case_id": "60f623c4-c982-4114-a4e2-999bc10a430b", "opinion_id": "8ab5d2eb-f9ac-45bc-a858-481412bb2c26", "text": "On August 4, 2004, Detective McLaughlin contacted the FBI Office in Peoria, Illinois, and informed FBI agents of his ongoing correspondence with Mr. Baker. The Central Illinois Cybercrime Unit, a cooperative law enforcement program involving federal and local prosecutors, local police and the FBI, initiated an investigation and began surveillance efforts. On the following day, members of the Cybercrime Unit observed Mr. Baker entering Heartland Community College in Normal, Illinois. From there, Mr. Baker emailed four images of child pornography to Detective McLaughlin. Contemporaneously, Mr. Baker received online correspondence from Detective McLaughlin, indicating that “Brad” had mailed a letter to Mr. Baker’s former address in Bloomington, Illinois. Mr. Baker left the college, followed by surveillance officers. He proceeded directly to the specified address where he waited for the postman to arrive. After the mail was delivered, Mr. Baker returned home. A subsequent search of Mr. Baker’s residence by members of the Cybercrime Unit resulted in the seizure of at least 300 images containing child pornography from Mr. Baker’s computer and floppy disks in his possession. Some of the recovered images depicted sadistic abuse of a minor.", "position": 7}, "452f4e0e-4e73-449c-a1af-f56a1b8c54a4": {"case_id": "5b147167-b7e3-4d7c-97f1-a9c888436fed", "opinion_id": "440f3c7f-a471-474c-bf6a-055862b7ac79", "text": "What happened next in the exchange between Long and the detectives is a matter of dispute. Detective Frank claims that before Long gave him permission to search his office and any computers, including his personal laptop, the detective asked him if there was anything illegal in the office and Long replied “to some people it might be.” Detective Frank then asked what Long meant, and Long allegedly replied that there were pictures and movies of sex acts with children. Long took the position that the alleged conversation containing the admissions about possessing illegal materials and having files depicting sex acts with children did not take place prior to his giving consent to search (and perhaps never took place). What is undisputed is that Long signed a written consent form that authorized the police to search his office. The consent form allowed the officers to remove “whatever documents, items of property whatsoever, including but not limited to computer hardware, software, and all other external media storage, which they deem pertinent to their investigation and search said items .... ” After signing the form, Detective Davis searched Long’s office and found 10 CDs. At the same time, Detective Frank retrieved his forensic laptop, which was equipped with Encase diagnostic software. (The “Encase Cybercrime Arsenal” package is sold by a company called Guidance Software to the law enforcement community; it is described as a powerful search and diagnostic program. See http://www. guidancesoftware.com.) Using the Encase software, the detectives searched the CDs and found movies and photos of child pornography on them. When Long’s laptop was searched at a later date, the detectives found tens of thousands of images and over a hundred movies of child pornography on it as well.", "position": 5}, "dc2b3fbc-7333-4476-bb47-84840ada77a4": {"case_id": "ab669536-0af6-4dad-b07d-e270bd0e50b0", "opinion_id": "cb89eb59-ed9e-4be6-bcba-c2233eb32e1c", "text": "Detective Dennis Schumacher, working in the Cybercrime Division of the Benton County Sheriff s Office, obtained a search warrant for appellant’s residence based on Clergy’s report. Schumacher made contact with appellant at the residence, seized two computers and thumb drives, obtained appellant’s signature on a rights form, and interviewed him. Explaining that he was there because of “chatting about molesting children,” Schumacher asked appellant about child pornography. Appellant acknowledged engaging in such chatting, which he called fantasy, and said that he had no children and was “just role-playing” when chatting about teaching them to have sex. He told Schumacher, “I basically have a pornography collection.... None of it is real on the internet.” He acknowledged that child pornography was saved in a file on his computer and said that forensic evaluation would “find some weird shit on there ... probably some child pornography ... basically just everything.” He never said that he had a roommate or that another person put anything on the computer.", "position": 10}, "2f574cfe-d2c9-4397-8e17-dea0bbe0f656": {"case_id": "98b76e9a-dee1-4c63-b003-bb5553b0e1ab", "opinion_id": "f76ecb3b-0718-4f55-a7aa-14bfab6120b5", "text": "On November 1, 2011, a special agent employed by the Florida Department of Law Enforcement (the FDLE Agent) was assigned to the Department’s cybercrime squad operating out of the Tampa region. On that day, the FDLE Agent began an undercover online operation with the Har-dee County Sheriffs Office designed “to identify individuals who may be online seeking to sexually exploit children.” The FDLE Agent and the other officers set up a “sexual mentor” sting operation. In this type of operation, a law enforcement officer places an online advertisement in which the officer pretends to be an older relative — usually but not always a mother — soliciting a man to “teach” the older relative’s minor relation about sex.", "position": 5}, "0681542f-2098-4a99-a2d4-ddd80fcc5f15": {"case_id": "058e55fc-df4f-46ba-bddd-d27fc380f206", "opinion_id": "b2af05b5-8463-43df-80f3-d7c1fcfbeaec", "text": "“Cybercrime” relates not just to the unauthorized use or disruption of computer files or programs and the theft of an electronic identity, but also to the use of a computer to facilitate or carry out a traditional criminal offense, as alleged in this case. (Katyal, Criminal Law in Cyberspace (2001) 149 U.Pa. L.Rev. 1003, 1013-1014; Charney & Alexander, Computer Crime (1996) 45 Emory L.J. 931, 934.) This species of cybercrime is considered by some no different from crimes committed in real space, and this school feels it should therefore be regulated in the same manner. (See, e.g., Kelly, The Cyberspace Separatism Fallacy (1999) 34 Tex. Int’l L.J. 413, 414; Goldsmith, Against Cyberanarchy, supra, 65 U.Chi. L.Rev. 1199.) However, a growing number believe cyberspace requires a different system of rules (see, e.g., Johnson & Post, Law and Borders—The Rise of Law in Cyberspace, supra, 48 Stan. L.Rev. 1367), particularly with respect to jurisdictional issues (see, e.g., Reidenberg, Technology and Internet Jurisdiction, supra, 153 U.Pa. L.Rev. 1951; Wilske & Schiller, International Jurisdiction in Cyberspace: Which States May Regulate the Internet? (1997) 50 Fed.Comm. L.J. 117). Jurisdictional doctrine, which is constitutionally grounded in the due process clause of the Fourteenth Amendment (Internat. Shoe Co. v. Washington, supra, 326 U.S. 310 [90 L.Ed. 95]), is not static. Jurisdictional principles have been adjusted to accommodate evolving social, economic, and political needs (Hanson v. Denckla, supra, 357 U.S. at pp. 250-251; McGee v. International Life Ins. Co. (1957) 355 U.S. 220, 222-223 [2 L.Ed.2d 223, 78 S.Ct. 199]), and the Supreme Court has.long also “recognized that personal jurisdiction must adapt to progress.in technology” (Weber v. Jolly Hotels (D.N.J. 1997) 977 F.Supp. 327, 333), Mindful of the dynamic relationship between law and technology, some maintain that “[t]he modem. development of the Internet represents just the type of technological change that calls for the doctrinal modification traditionally characterizing both the common law process of constitutional interpretation in general and the law of personal jurisdiction in particular.” (Redish, Of New Wine and Old Bottles: Personal Jurisdictipn, the Internet, and the Nature of Constitutional Evolution, supra, 38 Jurimetrics J. 575, 576, 577; see also Note, Regulation of the Internet: The Application of Established Constitutional Law to Dangerous Electronic Communication (1996-1997) 85 Ky. L.J. 997.)", "position": 61}, "7d040381-a245-4fa3-a0cf-c9b623ca11b2": {"case_id": "e5f46608-6551-496d-bac9-fc289be6a3c4", "opinion_id": "b1ea33ae-91ab-4da3-aa60-8e18fb368752", "text": "Since Defendant’s conviction resulted from a guilty plea, little is known about the facts and circumstances surrounding the charged offense. During the plea colloquy, the State explained that a Cybercrime agent in Virginia located child pornography on defendant’s computer. As a result, local federal agents executed a search warrant and seized defendant’s computer from his house. A forensic examination of the computer revealed numerous video and pictures of pornography. It was determined that the children depicted were under the age of 17 and some were under the age of 12.", "position": 7}, "3a61259f-fd5f-4e75-bb18-b929b35b53dc": {"case_id": "6ffcb950-ad09-4c20-b0d4-b57a624dd448", "opinion_id": "75fa0774-01fe-4025-84ae-ea8b70abf751", "text": "Cellchem argued, inter alia, that Mr. Lyman deleted backup files and copied computer files, including a QuickBooks file containing confidential financial data from a laptop provided to Mrs. Lyman during her employment. At trial, James Persinger, a cybercrime computer forensic specialist and former police officer, testified as an expert witness that he examined four computers belonging, variously, to Mr. and Mrs. Lyman, as well as two thumb drives that Mr. Lyman produced for the litigation and that he owned. Persinger testified that his forensic examination of the computers showed that a different thumb drive, which the Lymans had failed to produce despite a court order,\n7\nhad been inserted into one of the computers (identified as the Cellchem Sony) and Cellchem’s QuickBooks files had been copied onto it. He determined the QuickBooks files had been accessed and backed up, among other things, on the Cellchem Sony on November 27, 2009, and that the Cellchem Sony was last used on November 28 and 29, 2009. Persinger also found that Mr. Lyman’s thumb drives had been inserted into both the Cellchem Sony and another computer, called the Shekoy PC, on November 29, 2009, and that three computers, identified as the Shekoy PC; the Cellchem Sony, which Mrs. Lyman used for her work at Cellchem; and the Lyman Gateway “were all sharing the same thumb drive at the same time period” on the weekend of November 28 and 29, 2009, the same time that Mrs. Lyman resigned from Cellchem. Persinger determined that Cellchem’s QuickBooks file was also stored on the Lyman Gateway. Cellchem then presented evidence that Mr. Lyman, while working for Shekoy, used Cellchem’s computer data that was stored on one of the thumb drives to create a PowerPoint for Yoke, which is Shekoy’s parent company, about direct sales of TCPP. Mr. Lyman denied this.", "position": 33}, "d0cbb350-3562-4b09-924e-413a3f730daa": {"case_id": "d196e847-3acd-4dcf-9643-5a6f9d7c3d6c", "opinion_id": "87a22b09-346c-4edb-b4be-a5be63a8a1f7", "text": "14 . According to the firm’s website, Stroz Friedberg is a technical services firm specializing in the areas of computer forensics, mobile phone forensics, electronic discovery, data breach, cybercrime response, and investigations. Stroz Friedberg LLC—Who We Are, http:// www.strozfriedberg.com/methodology/xprGeneralContentl.aspx?xp ST=Methodology (last visited Apr. 26, 2011).", "position": 115}, "39e2f979-4664-45fd-b9c6-d7d952aa4094": {"case_id": "7bdc48f1-0c89-48fa-adfd-46f1323f6f6c", "opinion_id": "71c22e36-c006-4d96-a300-7e5654f145a5", "text": "¶ 4. Pursuant to the second, warrant, Deputy Commander Jay Houston of the cybercrime division searched Chesney’s computer and found five images depicting child pornography in the computer’s recycle bin. Chesney was brought in for questioning and subsequently confessed to possessing the photographic files, claiming that he had found the files on a disk at a relative’s house and admitted that he knew that child pornography was illegal.", "position": 8}, "dce992da-8bf4-4756-b7ee-316617fd1ff4": {"case_id": "2eae41e1-1ca2-4ae8-a97d-2f495775e973", "opinion_id": "18cd8d89-469b-493d-936f-8602b1410ca5", "text": "Since Defendant’s conviction resulted from a guilty plea, little is known about the facts and circumstances surrounding the charged offense. During the plea colloquy, the State explained that a Cybercrime agent in Virginia located child pornography on defendant’s computer. As a result, local federal agents executed a search warrant and seized defendant’s computer from his house. A forensic examination of the computer revealed numerous video and pictures of pornography. It was determined that the children depicted were under the age of 17 and some were under the age of 12.", "position": 3}, "eddec47d-702b-40a6-9fcd-36b131b246d3": {"case_id": "be521061-78bb-4d02-8117-2341bbd2d4a4", "opinion_id": "e5068547-bed1-4dc4-ba83-0d8a81391eb9", "text": "On 16 August 2005, defendant returned to LARC, and CamachoMaas called Detective Williams. He went to LARC, met defendant, and told her why he was there. Defendant admitted that she had copied files onto her flash drive. Detective Williams asked defendant to accompany him to the police station so that he could copy the contents of the flash drive. A member of the Raleigh Police Department’s cybercrimes unit found approximately 304 LARC files on defendant’s flash drive, 80% of which were TAP files that were “either deleted or deleted and overwritten.”.", "position": 9}, "7eea4e13-2cc7-44e7-83e2-fd5c0b307097": {"case_id": "0fee9003-07e8-4341-945a-73424e0c8165", "opinion_id": "537bae96-4f72-420c-b474-6ef4c66f6472", "text": "The State’s evidence tended to show that when defendant was terminated on 15 August 2005, she “became enraged” and “[h]er words and her body language were . . . very violent.” Defendant stated she was going to “destroy [Camacho-Maas] in the agency.” Defendant also refused to surrender her keys to the LARC offices before receiving her last paycheck. Camacho-Maas explained that defendant would be paid at the end of the month as usual. Defendant returned to the LARC offices the next day, and Camacho-Maas, having noticed by then that the TAP files had been deleted from LARC’s server, called the police. Defendant admitted to the police that she had copied files from LARC’s server onto a flash drive and removed them from the LARC computer. Detective James Neville of the Raleigh Police Department’s cybercrimes unit testified that he found approximately 304 LARC files on defendant’s flash drive, about 80% of which were TAP files that had been “either deleted or deleted and overwritten” on LARC’s server. Neville also found a letter on defendant’s flash drive stating, “When I am paid in full you may have what I downloaded.” Defendant acknowledged that letter at trial and also admitted that she had told Detective B.R. Williams that “she would give Miss Camacho-Maas’ files back when she got her paycheck.”", "position": 11}, "4ac02fe9-f007-4cbe-9b2c-b56b3230bd54": {"case_id": "180e9514-fb61-4e36-9d21-575ef1472dd4", "opinion_id": "fd82d47d-0a76-4ca9-ad81-31d2e4ad6fde", "text": "As part of this investigation, Krist worked with Donald Raymo, a federal agent with the Department of Homeland Security in the cybercrimes division, which typically investigates child-pornography allegations. Raymo had been investigating a person named Bryan Brown. When he learned defendant was the subject of a criminal sexual behavior investigation, Raymo agreed to engage in a joint investigation, offering to process the electronic evidence related to this case. According to Raymo, one of the videos seized from defendant’s home included a 10-minute segment that constituted child pornography; that section of the video was located midway through the tape and was preceded by a black screen, indicating that it had been taped over. It was followed by footage of a wedding. This tape was played for the jury at trial.", "position": 7}, "582cfab0-090f-4e59-b7c5-e8dcf5e64bb5": {"case_id": "c1c35eca-408e-4741-b27f-d2043dc00a23", "opinion_id": "71de0485-7b8f-46c5-a1aa-04c5b3ebec9c", "text": "The fourteen motions filed by the Circuit Attorney were identical, with the exception of the list of pending charges for each defendant. The Circuit Attorney lodged alternative arguments and requests for court action. She first challenged the constitutionality of Rule 25.03, contending that to the extent the Rule required disclosure of the last known address and any other personal identifying information, the Rule violated the victims’ and witnesses’ constitutional right to privacy. She thus sought the trial court’s declaration that Rule 25.03 was unconstitutional as applied to crime victims and witnesses. Alternatively, the Circuit Attorney sought protective orders allowing her to redact the victims’ and witnesses’ last known addresses and other personal identifying information from the police reports. In arguing that good cause existed for granting her motions, she alleged generally that victims and witnesses were subject to threats, intimidation, potential identity theft, and other cybercrimes. She further generally averred that this had a chilling effect on her ability to prosecute defendants. However, the Circuit Attorney never alleged that any victim or witness in any of the underlying criminal cases had been subject to threats, intimidation, or any untoward consequence. In the event the court rejected this argument, the Circuit Attorney alternatively argued that she could redact all personal identifying information other than the last known addresses of victims and witnesses because the rule on its face only required disclosure of last known addresses.", "position": 6}, "15b4eef5-3d6f-46b0-8800-5abd501fd516": {"case_id": "d7252789-7edb-405d-b0e4-7a183565d38a", "opinion_id": "79599849-0143-457c-9c0f-e7f940a119da", "text": "In October 2003, a detective from the New York Police Department’s Computer Investigation and Technology Unit notified the Texas Attorney General’s Cybercrime Unit that child pornography was being disseminated from an Internet Protocol («IP”) addregg ⅛ Granbury, Texas. The IP address was traced to appellant’s roommate. A search warrant authorizing the seizure of computer hardware, software, peripherals, files, and three specific images of child pornography from the residence appellant shared with his roommate was obtained and executed. During the search, law enforcement seized appellant’s hard drives and diskettes, which contained approximately one thousand images of child pornography.", "position": 3}, "8fac87f2-a7c8-457f-bf50-b9b7d01e2456": {"case_id": "f1928ad5-e914-4cbb-b672-23b5f3825d03", "opinion_id": "4b014dd9-3c85-4810-8fbc-6ee179b8b869", "text": "6 The dissent would have us revisit this test on the unquestionable grounds that child pornography is a terrible thing. However, the record and argument before us does not support taking that step. Further, there is also evidence that innocent men and women have had their computers pressed into service as storage devices for other people’s pornography collections. See generally Susan W. Brenner, Brian Carrier & Jef Henninger, The Trojan Horse Defense in Cybercrime Cases, 21 Santa Clara Computer & High Tech. L.J. 1 (2004); see also John Leyden, How Malware Frames the Innocent for Child Abuse, The Register, Nov. 9, 2009, available at http://www.theregister.co.uk/2009/ll/09/malware_child_abuse_images_frame _up t. Any proposed change to our jurisprudence should consider those dangers too, based on appropriate briefing and argument.", "position": 53}, "f289aba6-7229-47bd-8862-1944581e5f76": {"case_id": "072207d1-598d-4e8a-aaa0-6a8e395c8b4d", "opinion_id": "529a9b80-9d12-4033-8857-2a8d9a86fa3b", "text": "The People allege that a cybercrime group (which the People termed the Western Express Cybercrime Group), was formed. The group included a preexisting corporation, Western Express International, Inc., that acted as the “money mover” for the other members of the group. Those other members included “vendors” and “buyers” who trafficked in stolen credit card numbers and other stolen personal identifying information.", "position": 4}, "3f205b17-51d4-48b6-85e8-462cf6b5e507": {"case_id": "417ca40f-c49b-4397-8ca3-bfb3740bef57", "opinion_id": "4987afcc-c77a-47c3-9ef3-cc8e460daa35", "text": "Before the advent of widespread use of the Internet, organized criminal organizations were always tangible entities whose location could he pinpointed and whose members could generally be found in relatively close proximity to each other and their victims. The Internet has provided an extraordinarily useful new tool for criminals to perpetrate crimes in entirely new ways. Not only does the Internet permit individuals to commit traditional criminal offenses in cyberspace through the use of computers (see Goodman and Brenner, The Emerging Consensus on Criminal Conduct in Cyberspace, 2002 UCLA J L & Tech 3 [2002]; Katyal, Criminal Law in Cyberspace, 149 U Pa L Rev 1003 [2001]), but it created the opportunity for loosely organized networks to coordinate large-scale criminal operations such as thefts of millions of dollars in funds from banks worldwide, or the penetration of telephone network computer systems and theft of phone card information (see Rustad, Private Enforcement of Cybercrime on the Electronic Frontier, 11 S Cal Interdisc LJ 63 [2001]).", "position": 3}, "d46ad712-1dd8-4208-bba3-b2ce6ae9a692": {"case_id": "417ca40f-c49b-4397-8ca3-bfb3740bef57", "opinion_id": "4987afcc-c77a-47c3-9ef3-cc8e460daa35", "text": "Since the time that cybercrime first emerged, prosecution of its various forms has involved the use of both long-established criminal statutes and new legislation. That is, some longstanding criminal prohibitions have been found to cover crimes committed with the use of computers, including the various criminal acts falling within the category of “carding.” Federal law enforcement has targeted and prosecuted some of these acts by charging a number of individuals with such crimes as conspiracy, identity theft, trafficking in illegal information, credit card fraud, and money laundering (see Peretti, at 395-403; Hsu, French arrest cyber-crime suspect for U.S., Washington Post, Aug. 12, 2010, at B04). However, in some respects, new criminal legislation such as the federal Computer Fraud and Abuse Act (18 USC § 1030) has been determined to be necessary to effectively combat such crime (see Sinrod and Reilly, Cyber-Crimes: A Practical Approach to the Application of Federal Computer Crime Laws, 16 Santa Clara Computer & High Tech LJ 177, 179, 180-181 [2000]; Heymann, Legislating Computer Crime, 34 Harv J on Legis 373 [1997]). Beginning in the 1980s, a wave of computer-crime-related criminal laws began to be enacted worldwide,\n“precipitated by the inadequacy of the existing traditional criminal provisions, which protect exclusively physical, tangible and visible objects against traditional crimes, in the advent of cybercrime. The new laws addressed the new capabilities of computer related crimes to violate traditional objects through new media (such as stealing money by manipulating bank accounts), to involve intangible objects (such as computer programs), and to employ new methods of committing crimes made possible by increasing use and reliance on computer systems and networks.” (Goodman and Brenner, The Emerging Consensus on Criminal Conduct in Cyberspace, 2002 UCLA J L & Tech 3 [2002].)", "position": 6}, "505e24ad-64bd-4785-9222-28f87193909b": {"case_id": "417ca40f-c49b-4397-8ca3-bfb3740bef57", "opinion_id": "4987afcc-c77a-47c3-9ef3-cc8e460daa35", "text": "The indictment alleges that defendants comprised a “cybercrime” enterprise that used the structure and facilities of Western Express to systematically traffic in stolen credit card data, using money-laundering processes made possible by Western Express in order to avoid detection. The evidence presented to the grand jury, including information retrieved from computers seized at Western Express’s headquarters and Vassilenko’s residences, as well as money orders, forged credit cards, and defendants’ e-mail containing lists of stolen credit card account numbers, established the existence of a criminal enterprise in which the individual defendants participated to varying extents. The witnesses, including a United States Secret Service special agent and an investigator from the Manhattan District Attorney’s office, explained that while Western Express offered a variety of legitimate services, such as check cashing, mail receiving, money orders, digital currency exchange, and. Russian/English translation services, it also acted as an intermediary, or “money mover,” providing credit and facilitating transactions for buyers and sellers of stolen credit card data, while earning a commission for each such transaction. The credit card data was obtained by hackers or by other illegal methods, and was then sold through Western Express to buyers such as defendants Latta, Perez, Roach, and Washington, who in turn used that data for such illegal purposes as manufacturing counterfeit credit cards or making fraudulent on-line purchases.", "position": 15}, "b252e576-6428-49ae-a309-cb2e617c67c6": {"case_id": "417ca40f-c49b-4397-8ca3-bfb3740bef57", "opinion_id": "4f490e08-7553-4b70-8536-a805f544ba47", "text": "The enterprise corruption charge is based on allegations that defendants comprised an international cybercrime group in which defendant-respondent Western Express, with the knowledge and participation of its president, defendant-respondent Vassilenko, facilitated the Internet sale of stolen credit card data in anonymous transactions between defendant vendors and defendant buyers, including respondents Latta, Perez, Roach and Washington, by advertising on Web sites, buying and selling unregulated digital currencies and directing wire transfers to shell accounts.", "position": 2}, "b3fbb436-a4da-49e7-942c-e6985357bf96": {"case_id": "417ca40f-c49b-4397-8ca3-bfb3740bef57", "opinion_id": "4f490e08-7553-4b70-8536-a805f544ba47", "text": "This evidence only established that, by sophisticated means, some of the defendants, in arm’s length transactions, sold stolen information and illegitimate services to the other defendants, who acted independently in using the information and services to commit their individual crimes. While the People assert that the “Western Express Cybercrime Group” was “comprised of Buyers, Vendors, Cybercrime Services Providers, and Money Movers, all of whom made decisions and shared authority over distinct aspects of the enterprise’s activities,” there is no evidence of any collective decision-making or coordination with respect to the purported enterprise’s activities or of any overarching structure of authority or hierarchy in which defendants participated. Accordingly, even when viewed in the light most favorable to the People (see People v Jensen, 86 NY2d 248, 251 [1995]), the evidence before the grand jury was insufficient to establish an ascertainable structure (see People v Nappo, 261 AD2d at 559; People v Yarmy, 171 Misc 2d 13, 19 [Sup Ct, NY County 1996]; People v Moscatiello, 149 Misc 2d 752, 756 [Sup Ct, NY County 1990]).", "position": 14}}