{"c1bdfdbd-1870-4929-8707-b7ac3cdaf471": {"case_id": "f5b2eaaf-32f4-4e12-8b98-2a0ddc1ebfb0", "opinion_id": "59294f1b-569e-4ab8-8ea8-f0e7fbd4effa", "paragraph_id": "f7dde063-e1ca-45b3-9d1d-5e7509841448", "position": 0, "text": "As a final consideration on this issue, the government’s invocation of the Senate’s 2006 ratification of the Council of Europe Convention on Cybercrime does not alter this finding.", "label": "potential value"}, "4b537da2-39e3-4079-88a8-7817da03ad06": {"case_id": "f5b2eaaf-32f4-4e12-8b98-2a0ddc1ebfb0", "opinion_id": "59294f1b-569e-4ab8-8ea8-f0e7fbd4effa", "paragraph_id": "f7dde063-e1ca-45b3-9d1d-5e7509841448", "position": 1, "text": "The, Cybercrime Convention requires signatories to compel persons to produce data in their possession or control, Convention on Cybercrime, Nov. 23, 2001, Europ. T.S. No. 185, Art. 18.1.a, available at https://rm.coe.int/1680081561.", "label": "potential value"}, "177e9506-f108-4ecb-9c52-de93736a7ff0": {"case_id": "f5b2eaaf-32f4-4e12-8b98-2a0ddc1ebfb0", "opinion_id": "59294f1b-569e-4ab8-8ea8-f0e7fbd4effa", "paragraph_id": "f7dde063-e1ca-45b3-9d1d-5e7509841448", "position": 3, "text": "Explanatory Report to the Convention on Cybercrime, Nov.. 23, 2001, 11173, available at, https://rm.coe.int/16800 cce5b.", "label": "potential value"}, "181e3f93-ea63-4b84-98c4-51d8dad853b4": {"case_id": "f5b2eaaf-32f4-4e12-8b98-2a0ddc1ebfb0", "opinion_id": "59294f1b-569e-4ab8-8ea8-f0e7fbd4effa", "paragraph_id": "f7dde063-e1ca-45b3-9d1d-5e7509841448", "position": 4, "text": "The government argues that Senate ratification of the Cybercrime Convention indicates that the SCA already provided the afore-mentioned authority required by the Convention.", "label": "potential value"}, "0b8a63ba-8f31-4d01-a5de-6b18edc6a520": {"case_id": "f5b2eaaf-32f4-4e12-8b98-2a0ddc1ebfb0", "opinion_id": "59294f1b-569e-4ab8-8ea8-f0e7fbd4effa", "paragraph_id": "8d921e3a-96b6-416c-b8e8-1af8458942d4", "position": 2, "text": "Furthermore, the Senate did not ratify the Cybercrime Convention until 2006, more than 20 years after enactment of the SCA.", "label": "potential value"}, "9a9e556a-d161-4735-92e8-3e5718ccdfac": {"case_id": "f5b2eaaf-32f4-4e12-8b98-2a0ddc1ebfb0", "opinion_id": "59294f1b-569e-4ab8-8ea8-f0e7fbd4effa", "paragraph_id": "8d921e3a-96b6-416c-b8e8-1af8458942d4", "position": 5, "text": "Indeed, the Cybercrime Convention does not even constitute legislation.", "label": "potential value"}, "e0124787-4856-4f81-b989-cedec593f1de": {"case_id": "0fe892e3-e805-478c-b339-f421d0875657", "opinion_id": "441d699e-e0d4-412f-ad7e-5d584731660f", "paragraph_id": "f30434f0-7719-4c99-a943-576839e709e3", "position": 2, "text": "According to the Convention on Cybercrime, a multilateral treaty to which the United States and Panama are both parties:", "label": "potential value"}, "025cbd05-2c18-4f4b-932a-477bc67a7c21": {"case_id": "0fe892e3-e805-478c-b339-f421d0875657", "opinion_id": "441d699e-e0d4-412f-ad7e-5d584731660f", "paragraph_id": "bf31d263-17c4-41bc-857a-bdcde3f3fe58", "position": 0, "text": "Convention on Cybercrime art. 3, Nov. 23, 2001, T.I.A.S. No. 13174.", "label": "potential value"}, "3a0c9e66-0112-496f-82e3-0a30d4b0b6dc": {"case_id": "0fe892e3-e805-478c-b339-f421d0875657", "opinion_id": "441d699e-e0d4-412f-ad7e-5d584731660f", "paragraph_id": "db583652-57de-4408-8249-a3c832530dcf", "position": 3, "text": "If in .fact ■ the evidence supports the charge of email or Whatsapp interceptions, which would have required use of the “MLM Protection” system that Panamanian funds paid for, the case for extradition may prove to be sound under both the 1904 Treaty and, at least, the Convention on Cybercrime.", "label": "potential value"}, "8100b6e9-37d1-48df-a2d4-7e2473a0815c": {"case_id": "c8802d9f-84b2-43f2-bf63-13f9725773ab", "opinion_id": "0f7d8a43-3af9-4aac-a90a-39bfd404e08b", "paragraph_id": "ead6ff35-7ba4-4a56-bf8d-4e2e280edc39", "position": 2, "text": "Unable to trace the emailed threats to their sender, local authorities called in cybercrime experts from the FBI’s Seattle Division.", "label": "potential value"}, "b9f92a48-ae2c-4860-a842-2f64e6c90d51": {"case_id": "c945e1de-43a4-465a-a0df-ad006205ff45", "opinion_id": "fe7eebef-b5a7-461f-a3e0-226953e2d763", "paragraph_id": "dbef3a00-806e-4053-ba20-ea1150e1b8b5", "position": 0, "text": "On or around April of 2011, Rébecca Gonzalez, then Group Supervisor of the Cybercrimes Unit at Homeland Security Investigations (“HSI”), heard in the news that the PRPD had found child pornography in items seized at Cordero’s home as part of an ongoing lewd acts investigation.", "label": "potential value"}, "a32c85af-fa09-4fa3-82f1-75670c404905": {"case_id": "c945e1de-43a4-465a-a0df-ad006205ff45", "opinion_id": "fe7eebef-b5a7-461f-a3e0-226953e2d763", "paragraph_id": "b934e1bb-6c35-46af-911a-dd6ebcbbacb4", "position": 4, "text": "Douglas Skinner, an agent in the Cybercrimes Unit, performed a digital forensic analysis of the computer during the week of July 25-29, 2011.", "label": "potential value"}, "eaaed995-b717-46e4-ae0a-256f23a0b5e1": {"case_id": "5302471c-7b4e-43bc-b6cb-b4d457603ad4", "opinion_id": "03441428-8e8a-4ecd-81a7-5cbc8f0d0d92", "paragraph_id": "ffd4e73c-1be6-4878-bf45-b09b70f292f9", "position": 0, "text": "The Attias Court based its decision on a particular cybercrime in a commercial setting — “the hack and the nature of the data that the plaintiffs allege was taken” — and it did not purport to address every data breach, including those that might be state-sponsored.", "label": "certain value"}, "a45b1afb-15cd-4696-a69f-8f814fd207f9": {"case_id": "dc751ef9-0560-4c27-acce-f90a3666b9fe", "opinion_id": "4fd8945e-34c8-4542-88ef-70a83ecc2655", "paragraph_id": "d126436f-2527-45d7-bb4b-7978982879b7", "position": 4, "text": "In Gonzalez, the only advertisement documented in the plaintiffs’ complaint was for “a product called ‘Threat-Metrix Cybercrime Report: Q4 2015.’ ”", "label": "potential value"}, "d7a02cce-ee1a-47c7-8817-4dda589a02d6": {"case_id": "b5258dc8-7b7f-474a-b4f4-5a66059a16c8", "opinion_id": "7ec04827-a191-4f0b-a5a5-8bb834b89fb5", "paragraph_id": "f555f85c-5110-4ad6-9883-baa52951ee73", "position": 3, "text": "As we progress technologically, we must remain mindful that cybercrimes do not happen in some metaphysical location that justifies disregarding constitutional limits on venue.", "label": "certain value"}, "a3a03035-17aa-4c15-967d-4f3dc40732f8": {"case_id": "6089b9f8-15f8-4b91-ae26-cf3482d52748", "opinion_id": "770ea42e-2d67-4c81-834c-e105088602f3", "paragraph_id": "8bee4b64-dce5-47f4-8016-74672b930554", "position": 0, "text": "The remainder of the application consists of a set of “definitions” related to cybercrime investigations (Dkt. 64-1 pp. 8-10); a general explanation of how computers and the Internet operate (Id., at 10-14, 16); and a generic pornography “collector profile”", "label": "potential value"}, "6ac8b0b6-b087-402b-a434-c31712434ecb": {"case_id": "6089b9f8-15f8-4b91-ae26-cf3482d52748", "opinion_id": "770ea42e-2d67-4c81-834c-e105088602f3", "paragraph_id": "31c0315c-d66d-41e5-9f97-fcbbfbc8b4f8", "position": 1, "text": "The generalized statements regarding cybercrime and pornography collector profiles do not demonstrate that Schesso had some proclivity or likelihood of committing crimes other than the particular crime(s) described in the single incident of file sharing that occurred on October 20, 2008, particularly when the warrant was not sought for some 20 months after the date of the alleged crimes.", "label": "certain value"}, "91d7ea9f-d89e-498a-9876-594ad880b0fc": {"case_id": "a1c2a09b-5e09-46d7-9986-b56a36a2f0ab", "opinion_id": "72c61ecd-2b1f-492f-9491-cf257cb463f4", "paragraph_id": "c778250f-eb48-439e-afe6-70bc22ee7336", "position": 0, "text": "Hearing Before the Subcomm. on Commerce, Justice and State; Judiciary and Related Agencies of the Senate Comm, on Appropriations, 106th Cong. (2000) (Statement of Janet Reno Attorney General of the United States, “Cybercrime”), available at 2000 WL 11068228, at *7 (emphasis added).", "label": "potential value"}, "1ba9aab4-f560-4b71-a1a4-4d9ae89fad63": {"case_id": "3bd94c04-be9e-4b36-b571-82236e6fd153", "opinion_id": "0ac7d3ff-aee2-48ff-b04e-5419f1a94d32", "paragraph_id": "3bdc37fe-30a7-4935-ba39-80e30e8c9897", "position": 0, "text": "In August 2011 a police detective assigned to a cybercrimes task force found that child pornography had been downloaded to an Internet Protocol address belonging to Ford’s stepfather.", "label": "potential value"}, "4774fe61-356b-4e4e-a295-74dd4caf5488": {"case_id": "db40cb21-e53d-4591-95f9-c4392feed353", "opinion_id": "ecf46172-342d-4289-b93b-f37ae385c27f", "paragraph_id": "48defcad-23a7-4988-b7cc-23376983408b", "position": 0, "text": "In his papers in opposition to the instant motion, plaintiff expresses the view (for the first time) that the complaint also states claims under an unspecified “Whis-tleblower Act,” as well as federal laws related to “cybercrimes” and intellectual property.", "label": "potential value"}, "ecc2413a-6ff4-494d-8c7c-41c6ee7cab8d": {"case_id": "8bbefca8-b44c-4468-ab28-8711c930ef68", "opinion_id": "08712930-815c-4d50-9790-71dc1f986cfe", "paragraph_id": "db48521c-0261-4b04-a962-12c5a0e15372", "position": 0, "text": "At trial, the government presented the testimony of Charles McMullen, who previously worked in an undercover capacity for the Florida Attorney General’s Child Predator Cybercrime Unit.", "label": "potential value"}, "b8cc9914-b1a0-4574-842a-9dc35a18c66e": {"case_id": "8e5e2c10-3398-4c4a-8f35-9bf6656f7e1d", "opinion_id": "c032d9bb-0542-4ee9-bf36-88e4ad992e4e", "paragraph_id": "eb75c87b-132b-4ae0-b8a0-09893d19810e", "position": 3, "text": "Compare A. Mitchell Polinsky & Steven Shavell, “The Optimal Trade-Off Between the Probability and Magnitude of Fines,” 69 Am. Econ. Rev. 880 (1979); see also Tracey L. Meares, Neal Katyal, & Dan Kahan, “Updating the Study of Punishment,” 56 Stan. L.Rev. 1171 (2004) (discussing, among other things, the substitution effects from one crime to another induced by very high penalty levels); Mitchell Edmund O’Neill, “Old Crimes in New Bottles: Sanctioning Cybercrime,” 9 Geo. Mason L.Rev. 237, 274 (2000).", "label": "potential value"}, "30789bdb-8a14-49a3-a291-069d1e7b18c6": {"case_id": "0f3e2183-953e-4377-9305-f37d34b3bb85", "opinion_id": "a626ee37-1879-4dda-a89b-b5d7cc77a3ac", "paragraph_id": "96915771-691f-4517-b5e4-80188cdf81cd", "position": 3, "text": "As observed in Charles Doyle & Alyssa Weir, CRS Report for Congress-Cybercrime: An Overview of the Federal Computer Fraud and Abuse Statute and Related Federal Criminal Laws (Order Code 97-1025) (Updated June 28, 2005):", "label": "potential value"}, "6e089942-9f6d-4cd1-a2b1-d1e54d2e2e99": {"case_id": "0f3e2183-953e-4377-9305-f37d34b3bb85", "opinion_id": "a626ee37-1879-4dda-a89b-b5d7cc77a3ac", "paragraph_id": "db8953ca-3753-4fc9-81f8-0ff380570a91", "position": 2, "text": "See, e.g., Kerr, Cybercrime's Scope, 78 N.Y.U.L.Rev. at 1640-41.", "label": "potential value"}, "3546e01f-5a02-494e-8fc9-a5e5d83fb0d0": {"case_id": "04a4e0d7-d357-4f57-bdb4-31e4f6c48f9a", "opinion_id": "331617c0-92b5-4439-bffb-92e56e40cd63", "paragraph_id": "f962bcd4-6245-41f5-a5ac-06e6f26a5d31", "position": 0, "text": "Detective Nathan Dix testified that he was a cybercrimes detective for the Largo Police Department and an agent on the Federal Bureau of Investigation’s (“FBI”)", "label": "potential value"}, "721905cb-1d0a-463a-8ad3-19c3c9e72bc1": {"case_id": "a8798715-e290-49bc-a1ad-4d0099dace94", "opinion_id": "b0b8a41c-2d5b-48b3-afe0-a6a2991fb7b0", "paragraph_id": "02f5f438-af11-4d31-8596-bcc21b5536e3", "position": 3, "text": "Appellant’s Br. 22-23 (quoting Orín S. Kerr, Cybercrime Scope: Interpreting “Access ” and “Authorization ” in Computer Misuse Statutes, 78 N.Y.U. L.Rev. 1596, 1645 (2003)).", "label": "potential value"}, "5f08c5a7-f161-466c-aa07-52af52def7ee": {"case_id": "e3d28101-421d-49d5-acfd-65c0a094edb6", "opinion_id": "4839a653-2190-4f55-acfa-9cc3252a5ab7", "paragraph_id": "f60e1a61-cd50-463e-b633-ff6733d82647", "position": 0, "text": "In January 2013, investigators with the Southwest Missouri Cybercrimes Task Force remotely connected to a computer through the Ares peer-to-peer network.", "label": "potential value"}, "6a659a8a-1308-4d46-89c2-92557d60a63b": {"case_id": "f7202751-412b-4357-8a06-6006e1b8357a", "opinion_id": "bf57162c-f6c3-4486-91ed-39600025d99d", "paragraph_id": "613d6f0c-63a8-49c5-a2dc-8b41e6029d3a", "position": 1, "text": "Orin S. Kerr, Cybercrimes’ Scope: Interpreting “Access” and Authorization” in Computer Misuse Statutes, 78 N.Y.U. L. Rev. 1596,1617 (2003).", "label": "potential value"}, "02a549b0-5a3b-4a35-8965-41fd9ae2994b": {"case_id": "a08c50fe-85a4-4dce-96fc-57db692eb6fa", "opinion_id": "4f068472-eda1-4a22-8709-53de1e78d7e3", "paragraph_id": "c5051bed-e1e4-435d-a385-150cf6cab864", "position": 1, "text": "Caywood and Throop felt that these websites inaccurately suggested that UWP had developed or was actively developing a cybercrime program.", "label": "potential value"}, "6b1322f1-b211-4bf1-89f1-5b90c8c1f1a5": {"case_id": "a08c50fe-85a4-4dce-96fc-57db692eb6fa", "opinion_id": "4f068472-eda1-4a22-8709-53de1e78d7e3", "paragraph_id": "e58ab362-c2db-4803-849d-9f918010163a", "position": 2, "text": "Caywood and dean Throop withdrew their support of Burton’s efforts to develop a cybercrime curriculum.", "label": "potential value"}, "c7638669-64a2-4305-a666-a9f8503c2a58": {"case_id": "eadbcdec-a417-43e0-a33b-14e1480e947a", "opinion_id": "c3cc6148-9d89-4d9a-aa8f-c099de0ca18c", "paragraph_id": "5ee7be0b-306d-4c5e-b7a4-103a6a36b621", "position": 3, "text": "The FBI has made “cybercrime,” most of which is child pornography, its “third-highest priority behind counterterrorism and counterintelligence.”", "label": "high value"}, "023bb4a9-aa68-4339-be1e-61a0acc0d427": {"case_id": "f671b7c0-e5d8-46cf-baa4-246ab79756af", "opinion_id": "7b2ecdcc-5baa-4ff7-9d36-48eebd986258", "paragraph_id": "7a0cdf4d-2413-4cc1-9f07-23559d30d68e", "position": 2, "text": "The warrant permitted seized items to be transferred to the Vancouver Police Department Digital Evidence Cybercrime Unit or to any qualified law enforcement digital evidence processing lab for examination, analysis, and recovery of data.", "label": "potential value"}, "c772de34-c1b1-44e0-aaec-a40dab023040": {"case_id": "053e7383-8053-4e39-8d8f-cad9e77c00c8", "opinion_id": "3c254b9c-3009-4a6f-b449-95ac551ed51a", "paragraph_id": "524b8aa1-c217-4c0f-8ef8-a4a02389d80f", "position": 2, "text": "See Dept, of Justice, United States Attorneys’ Manual § 9-13.420(c)(1997), online at http://www.justice. gov/usao/eousa/foia_reading_room/usam/title 9/13mcrm.htm# 9-13.420 (as visited April 29, 2011); Dept, of Justice, Searching and Seizing Computers and Obtaining Evidence in Criminal Investigations, Chapter 2 § F(2)(b) (2009), online at http://www.justice.gov/ criminal/cybercrime/ssmanual/ssmanual2009. pdf (as visited on April 29, 2011).", "label": "no value"}, "135e4bad-dc78-48a5-8b44-636c426864a6": {"case_id": "78f490b7-abba-4e5a-b1eb-99598d7a1205", "opinion_id": "f892263d-3dda-4d8e-a2bd-0e3d6f79ca6e", "paragraph_id": "ee5606cb-7a99-4429-96f1-c367e43c4de2", "position": 0, "text": "Moore then called Detective Scott Gibson with the TPD’s cybercrimes unit.", "label": "potential value"}, "4393a8a0-1509-4a92-914d-e0444b78742b": {"case_id": "78f490b7-abba-4e5a-b1eb-99598d7a1205", "opinion_id": "f892263d-3dda-4d8e-a2bd-0e3d6f79ca6e", "paragraph_id": "3f2349bc-d16a-489e-827f-aea298ea6ef9", "position": 1, "text": "Sergeant Malcolm Williams of the TPD cybercrimes unit found over 320 images and approximately eighty videos of child pornography.", "label": "potential value"}, "e8ebe9fb-8ef0-44a4-9833-6337eeb812ef": {"case_id": "c28b6a89-ffee-4452-b5d0-7e1e45877797", "opinion_id": "090dc666-2c2f-49c2-8d98-27181913d546", "paragraph_id": "f0f60d4c-3ad1-4742-a098-edf4739d06b0", "position": 1, "text": "An undercover officer, Detective Mark Stephens of the CyberCrimes Unit of the Platte County, Missouri, Sheriffs Department, using the screen name “lisEL_mo_13”", "label": "potential value"}, "a7fffbb9-1def-42d7-b4f7-21d5ce50177f": {"case_id": "a31d6990-0eb9-40c1-8d47-5733fe8d4772", "opinion_id": "e051e726-eb7a-4f65-bb14-34cdc591be87", "paragraph_id": "b74f7cb9-f3b8-41a0-8024-f30bc122772e", "position": 4, "text": "Finally, in 2003, the department created the Sex Offender Unit, which currently consists of a Supervisory U.S. Probation Officer, a Senior U.S. Probation Officer, two U.S. Probation Officers (one based in our Brooklyn office and the other working out of the Central Islip Courthouse), and the department’s CyberCrime Specialist.", "label": "potential value"}, "396be3f4-ddf9-4d68-8321-f9283d638d45": {"case_id": "fb5bb24f-f5a6-42fa-8a48-76acc6eb8db8", "opinion_id": "28675fec-0660-4889-91c4-41d877c01a98", "paragraph_id": "781dc11b-dfc6-4de1-b85e-89ce9fe41a87", "position": 0, "text": "Mr. Syed became the subject of an undercover law enforcement operation after a member of the FBI’s Cybercrimes and Computer Exploitation Task Force posed as a 14-year-old female named “Samantha” on a mobile-based chat network..", "label": "potential value"}, "b41246a7-5e94-401e-b740-dff77576ed1c": {"case_id": "7714a212-96c6-4901-a203-1296e6802e5e", "opinion_id": "2965da57-ac4c-444a-b143-d6dd32c1f444", "paragraph_id": "d1618ca2-8594-4db3-90ec-ac18ac9c7b50", "position": 2, "text": "For example, Ramsey County claims that if Congress had wanted to create liability for \"accessing” or \"viewing” data, it could have done so explicitly, as it did in the areas of cybercrime, child pornography, and income tax return privacy.", "label": "potential value"}, "c06f5d1a-ce1e-4d24-99b7-579fa68bfee4": {"case_id": "0ffe8d1a-ecb8-4394-8be1-cb58fe9ec218", "opinion_id": "c4d87ffd-6ce5-46aa-bf96-6c67ed598d7e", "paragraph_id": "cd885970-80d2-4f8d-b256-c14b39788d4d", "position": 1, "text": "As one author describes, deterrence and punishment are particularly important for cybercrimes:", "label": "certain value"}, "73670aee-0171-4b28-a2ac-826bb18e1c13": {"case_id": "e53e735a-8ba0-4ee1-8663-70749ed1f6c7", "opinion_id": "be46e990-ca6c-4af2-afb6-a195ec599fba", "paragraph_id": "7c3d0880-bb26-4058-84f7-5d30eb089893", "position": 0, "text": "4 .Available at http://www.justice.gov/criminal/ cybercrime/docs/ssmanual2009.pdf (last visited Mar. 29, 2014).", "label": "no value"}, "686a57eb-577e-4778-9949-43709ad4795e": {"case_id": "33e62c39-5ffc-4301-8816-204e58be9a93", "opinion_id": "9c54a0b0-dbff-4fde-b58e-844442b66e80", "paragraph_id": "caf3679c-9be0-4af7-a79c-4b70b38b4952", "position": 7, "text": "Further, at the suppression hearing, Jim Per-singer, a computer forensic cybercrimes specialist, testified that people who collect child pornography do not normally download child pornography at a public place, but typically view it at their residence or place of employment.", "label": "potential value"}, "821e35ff-9f01-4f47-86b9-851b899af5f0": {"case_id": "0e090eae-092a-4412-aa98-4917f18139e0", "opinion_id": "f8005127-ee35-49dd-b86f-ec96a707649a", "paragraph_id": "7db24315-9938-425e-a8b3-30cfadea249e", "position": 3, "text": "United States Department of Justice, Prosecuting Intellectual Property Crimes 101 (3d ed. 2006), available at http://www.justice.gov/ criminal/cybercrime/ipmanua]/ipma2006. pdf.", "label": "no value"}, "295f676d-cc06-41d3-af84-5d3857717090": {"case_id": "52e70571-9d35-4971-9ccb-5b9f1fbb6ba8", "opinion_id": "64e4d888-03c0-4eec-a2a8-75572c349d60", "paragraph_id": "5d3b56ec-0b82-4f16-9ebf-c3b1acc058f6", "position": 1, "text": "See generally H. Marshall Jarrett et al., U.S. Dep’t of Justice, Searching and Seizing Computers and Obtaining Electronic Evidence in Criminal Investigations 84-85 (2009), available at http://www.justice.gov/criminal/ cybercrime/docs/ssmanual2009.pdf.", "label": "no value"}, "6e90c181-cb75-4af2-ab3f-536b2cb5c6c3": {"case_id": "0d7153b4-6734-4f9e-807e-d8cf6767772b", "opinion_id": "7b474750-e8eb-46ec-83e6-bff9919dbc0e", "paragraph_id": "4b4bb2d4-a08c-45af-87ea-6881f012f997", "position": 2, "text": "Id. at 935-36 (focusing on the use of the terms “without authorization” and “exceeds authorization,” as well as the idea that “the legislative history supports the conclusion that Congress intended the CFAA to do ‘for computers what trespass and burglary laws did for real property’ (quoting Orin S. Kerr, Cybercrimes’ Scope: Interpreting “Access” and “Authorization” in Computer Misuse Statutes, 78 N.Y.U. L.Rev. 1596, 1617 (2003)); and noting that, although the scope of the statute had been broadened several times, the amendments related primarily to the penalties associated with violations but did not change the requirement that access be “without authorization” or “in excess of authorization).", "label": "potential value"}, "de9133e6-2e85-4188-a031-d45162827ec4": {"case_id": "60f623c4-c982-4114-a4e2-999bc10a430b", "opinion_id": "8ab5d2eb-f9ac-45bc-a858-481412bb2c26", "paragraph_id": "fdb66799-076a-4f84-a3fc-e9f2b001ae77", "position": 2, "text": "On the following day, members of the Cybercrime Unit observed Mr. Baker entering Heartland Community College in Normal, Illinois.", "label": "potential value"}, "1b83ba21-5172-46f4-b570-9a08e6a1cda2": {"case_id": "60f623c4-c982-4114-a4e2-999bc10a430b", "opinion_id": "8ab5d2eb-f9ac-45bc-a858-481412bb2c26", "paragraph_id": "fdb66799-076a-4f84-a3fc-e9f2b001ae77", "position": 8, "text": "A subsequent search of Mr. Baker’s residence by members of the Cybercrime Unit resulted in the seizure of at least 300 images containing child pornography from Mr. Baker’s computer and floppy disks in his possession.", "label": "potential value"}, "740e441c-674e-4064-93b3-3003219eb787": {"case_id": "60f623c4-c982-4114-a4e2-999bc10a430b", "opinion_id": "8ab5d2eb-f9ac-45bc-a858-481412bb2c26", "paragraph_id": "fdb66799-076a-4f84-a3fc-e9f2b001ae77", "position": 1, "text": "The Central Illinois Cybercrime Unit, a cooperative law enforcement program involving federal and local prosecutors, local police and the FBI, initiated an investigation and began surveillance efforts.", "label": "potential value"}, "0dab0836-b94b-467f-87eb-5bf6e7b424b6": {"case_id": "5b147167-b7e3-4d7c-97f1-a9c888436fed", "opinion_id": "440f3c7f-a471-474c-bf6a-055862b7ac79", "paragraph_id": "452f4e0e-4e73-449c-a1af-f56a1b8c54a4", "position": 8, "text": "(The “Encase Cybercrime Arsenal” package is sold by a company called Guidance Software to the law enforcement community; it is described as a powerful search and diagnostic program.", "label": "potential value"}, "da5de1fb-b2db-470a-89fb-0ffa057dae9e": {"case_id": "ab669536-0af6-4dad-b07d-e270bd0e50b0", "opinion_id": "cb89eb59-ed9e-4be6-bcba-c2233eb32e1c", "paragraph_id": "dc2b3fbc-7333-4476-bb47-84840ada77a4", "position": 0, "text": "Detective Dennis Schumacher, working in the Cybercrime Division of the Benton County Sheriff s Office, obtained a search warrant for appellant’s residence based on Clergy’s report.", "label": "potential value"}, "a946315a-faf4-4aea-8e04-78397845d395": {"case_id": "98b76e9a-dee1-4c63-b003-bb5553b0e1ab", "opinion_id": "f76ecb3b-0718-4f55-a7aa-14bfab6120b5", "paragraph_id": "2f574cfe-d2c9-4397-8e17-dea0bbe0f656", "position": 0, "text": "On November 1, 2011, a special agent employed by the Florida Department of Law Enforcement (the FDLE Agent) was assigned to the Department’s cybercrime squad operating out of the Tampa region.", "label": "potential value"}, "201c6528-13ee-4f69-ae25-bcc6464549cb": {"case_id": "058e55fc-df4f-46ba-bddd-d27fc380f206", "opinion_id": "b2af05b5-8463-43df-80f3-d7c1fcfbeaec", "paragraph_id": "0681542f-2098-4a99-a2d4-ddd80fcc5f15", "position": 0, "text": "“Cybercrime” relates not just to the unauthorized use or disruption of computer files or programs and the theft of an electronic identity, but also to the use of a computer to facilitate or carry out a traditional criminal offense, as alleged in this case.", "label": "high value"}, "832ec6d8-ebcc-41db-bf54-ed921e1f1787": {"case_id": "058e55fc-df4f-46ba-bddd-d27fc380f206", "opinion_id": "b2af05b5-8463-43df-80f3-d7c1fcfbeaec", "paragraph_id": "0681542f-2098-4a99-a2d4-ddd80fcc5f15", "position": 2, "text": "This species of cybercrime is considered by some no different from crimes committed in real space, and this school feels it should therefore be regulated in the same manner.", "label": "certain value"}, "48571dee-1e95-4f74-b387-7fc4e8f14080": {"case_id": "e5f46608-6551-496d-bac9-fc289be6a3c4", "opinion_id": "b1ea33ae-91ab-4da3-aa60-8e18fb368752", "paragraph_id": "7d040381-a245-4fa3-a0cf-c9b623ca11b2", "position": 1, "text": "During the plea colloquy, the State explained that a Cybercrime agent in Virginia located child pornography on defendant’s computer.", "label": "potential value"}, "85dcf3da-c001-407a-b00b-7b294b58ec8f": {"case_id": "6ffcb950-ad09-4c20-b0d4-b57a624dd448", "opinion_id": "75fa0774-01fe-4025-84ae-ea8b70abf751", "paragraph_id": "3a61259f-fd5f-4e75-bb18-b929b35b53dc", "position": 1, "text": "At trial, James Persinger, a cybercrime computer forensic specialist and former police officer, testified as an expert witness that he examined four computers belonging, variously, to Mr. and Mrs. Lyman, as well as two thumb drives that Mr. Lyman produced for the litigation and that he owned.", "label": "potential value"}, "f497a1d4-b7c2-4613-806d-16789efeabda": {"case_id": "d196e847-3acd-4dcf-9643-5a6f9d7c3d6c", "opinion_id": "87a22b09-346c-4edb-b4be-a5be63a8a1f7", "paragraph_id": "d0cbb350-3562-4b09-924e-413a3f730daa", "position": 1, "text": "According to the firm’s website, Stroz Friedberg is a technical services firm specializing in the areas of computer forensics, mobile phone forensics, electronic discovery, data breach, cybercrime response, and investigations.", "label": "potential value"}, "1edc82ab-e195-4f2d-be60-6a24deb9fea3": {"case_id": "7bdc48f1-0c89-48fa-adfd-46f1323f6f6c", "opinion_id": "71c22e36-c006-4d96-a300-7e5654f145a5", "paragraph_id": "39e2f979-4664-45fd-b9c6-d7d952aa4094", "position": 1, "text": "Pursuant to the second, warrant, Deputy Commander Jay Houston of the cybercrime division searched Chesney’s computer and found five images depicting child pornography in the computer’s recycle bin.", "label": "potential value"}, "7eade502-9b05-4901-9c26-5bf6bd510267": {"case_id": "2eae41e1-1ca2-4ae8-a97d-2f495775e973", "opinion_id": "18cd8d89-469b-493d-936f-8602b1410ca5", "paragraph_id": "dce992da-8bf4-4756-b7ee-316617fd1ff4", "position": 1, "text": "During the plea colloquy, the State explained that a Cybercrime agent in Virginia located child pornography on defendant’s computer.", "label": "potential value"}, "5a732913-1259-457d-b79c-3e8a5152d2b9": {"case_id": "be521061-78bb-4d02-8117-2341bbd2d4a4", "opinion_id": "e5068547-bed1-4dc4-ba83-0d8a81391eb9", "paragraph_id": "eddec47d-702b-40a6-9fcd-36b131b246d3", "position": 4, "text": "A member of the Raleigh Police Department’s cybercrimes unit found approximately 304 LARC files on defendant’s flash drive, 80% of which were TAP files that were “either deleted or deleted and overwritten.”.", "label": "potential value"}, "3bed5b64-bf0c-4bb3-991c-fe32fbe124d3": {"case_id": "0fee9003-07e8-4341-945a-73424e0c8165", "opinion_id": "537bae96-4f72-420c-b474-6ef4c66f6472", "paragraph_id": "7eea4e13-2cc7-44e7-83e2-fd5c0b307097", "position": 6, "text": "Detective James Neville of the Raleigh Police Department’s cybercrimes unit testified that he found approximately 304 LARC files on defendant’s flash drive, about 80% of which were TAP files that had been “either deleted or deleted and overwritten” on LARC’s server.", "label": "potential value"}, "b1a7ffd9-53fc-43fe-bd14-0f3d5c6fe0bf": {"case_id": "180e9514-fb61-4e36-9d21-575ef1472dd4", "opinion_id": "fd82d47d-0a76-4ca9-ad81-31d2e4ad6fde", "paragraph_id": "4ac02fe9-f007-4cbe-9b2c-b56b3230bd54", "position": 0, "text": "As part of this investigation, Krist worked with Donald Raymo, a federal agent with the Department of Homeland Security in the cybercrimes division, which typically investigates child-pornography allegations.", "label": "certain value"}, "0aacd014-8ccf-4e7f-9a04-c03ca33d2bee": {"case_id": "c1c35eca-408e-4741-b27f-d2043dc00a23", "opinion_id": "71de0485-7b8f-46c5-a1aa-04c5b3ebec9c", "paragraph_id": "582cfab0-090f-4e59-b7c5-e8dcf5e64bb5", "position": 5, "text": "In arguing that good cause existed for granting her motions, she alleged generally that victims and witnesses were subject to threats, intimidation, potential identity theft, and other cybercrimes.", "label": "certain value"}, "8bd8b3a4-356a-4145-ad18-3a3952263f0d": {"case_id": "d7252789-7edb-405d-b0e4-7a183565d38a", "opinion_id": "79599849-0143-457c-9c0f-e7f940a119da", "paragraph_id": "15b4eef5-3d6f-46b0-8800-5abd501fd516", "position": 0, "text": "In October 2003, a detective from the New York Police Department’s Computer Investigation and Technology Unit notified the Texas Attorney General’s Cybercrime Unit that child pornography was being disseminated from an Internet Protocol («IP”) addregg ⅛ Granbury, Texas.", "label": "potential value"}, "f392f153-5f95-434b-a924-cc68c7a1fc97": {"case_id": "f1928ad5-e914-4cbb-b672-23b5f3825d03", "opinion_id": "4b014dd9-3c85-4810-8fbc-6ee179b8b869", "paragraph_id": "8fac87f2-a7c8-457f-bf50-b9b7d01e2456", "position": 4, "text": "See generally Susan W. Brenner, Brian Carrier & Jef Henninger, The Trojan Horse Defense in Cybercrime Cases, 21 Santa Clara Computer & High Tech. L.J. 1 (2004); see also John Leyden, How Malware Frames the Innocent for Child Abuse, The Register, Nov. 9, 2009, available at http://www.theregister.co.uk/2009/ll/09/malware_child_abuse_images_frame _up t.", "label": "potential value"}, "c2bb72eb-1fcd-40a4-948a-149072960f91": {"case_id": "072207d1-598d-4e8a-aaa0-6a8e395c8b4d", "opinion_id": "529a9b80-9d12-4033-8857-2a8d9a86fa3b", "paragraph_id": "f289aba6-7229-47bd-8862-1944581e5f76", "position": 0, "text": "The People allege that a cybercrime group (which the People termed the Western Express Cybercrime Group), was formed.", "label": "potential value"}, "0e6b9e0b-65bc-4af4-adc1-ec518045f5fc": {"case_id": "417ca40f-c49b-4397-8ca3-bfb3740bef57", "opinion_id": "4987afcc-c77a-47c3-9ef3-cc8e460daa35", "paragraph_id": "3f205b17-51d4-48b6-85e8-462cf6b5e507", "position": 2, "text": "Not only does the Internet permit individuals to commit traditional criminal offenses in cyberspace through the use of computers (see Goodman and Brenner, The Emerging Consensus on Criminal Conduct in Cyberspace, 2002 UCLA J L & Tech 3 [2002]; Katyal, Criminal Law in Cyberspace, 149 U Pa L Rev 1003 [2001]), but it created the opportunity for loosely organized networks to coordinate large-scale criminal operations such as thefts of millions of dollars in funds from banks worldwide, or the penetration of telephone network computer systems and theft of phone card information (see Rustad, Private Enforcement of Cybercrime on the Electronic Frontier, 11 S Cal Interdisc LJ 63 [2001]).", "label": "certain value"}, "b74b2432-dabd-456c-a21b-0d7f28fe50d8": {"case_id": "417ca40f-c49b-4397-8ca3-bfb3740bef57", "opinion_id": "4987afcc-c77a-47c3-9ef3-cc8e460daa35", "paragraph_id": "d46ad712-1dd8-4208-bba3-b2ce6ae9a692", "position": 0, "text": "Since the time that cybercrime first emerged, prosecution of its various forms has involved the use of both long-established criminal statutes and new legislation.", "label": "certain value"}, "b101136b-e53c-440e-a8bb-07c4c2a7c8b6": {"case_id": "417ca40f-c49b-4397-8ca3-bfb3740bef57", "opinion_id": "4987afcc-c77a-47c3-9ef3-cc8e460daa35", "paragraph_id": "d46ad712-1dd8-4208-bba3-b2ce6ae9a692", "position": 4, "text": "Beginning in the 1980s, a wave of computer-crime-related criminal laws began to be enacted worldwide,\n“precipitated by the inadequacy of the existing traditional criminal provisions, which protect exclusively physical, tangible and visible objects against traditional crimes, in the advent of cybercrime.", "label": "potential value"}, "329c282b-7ca4-4201-9681-78bd2eb1d5c5": {"case_id": "417ca40f-c49b-4397-8ca3-bfb3740bef57", "opinion_id": "4987afcc-c77a-47c3-9ef3-cc8e460daa35", "paragraph_id": "505e24ad-64bd-4785-9222-28f87193909b", "position": 0, "text": "The indictment alleges that defendants comprised a “cybercrime” enterprise that used the structure and facilities of Western Express to systematically traffic in stolen credit card data, using money-laundering processes made possible by Western Express in order to avoid detection.", "label": "certain value"}, "9002f5c4-eaf3-44d4-8a79-a35423b5473b": {"case_id": "417ca40f-c49b-4397-8ca3-bfb3740bef57", "opinion_id": "4f490e08-7553-4b70-8536-a805f544ba47", "paragraph_id": "b252e576-6428-49ae-a309-cb2e617c67c6", "position": 0, "text": "The enterprise corruption charge is based on allegations that defendants comprised an international cybercrime group in which defendant-respondent Western Express, with the knowledge and participation of its president, defendant-respondent Vassilenko, facilitated the Internet sale of stolen credit card data in anonymous transactions between defendant vendors and defendant buyers, including respondents Latta, Perez, Roach and Washington, by advertising on Web sites, buying and selling unregulated digital currencies and directing wire transfers to shell accounts.", "label": "certain value"}, "13d0ece3-e83f-4c54-ab4f-4ef985c305f0": {"case_id": "417ca40f-c49b-4397-8ca3-bfb3740bef57", "opinion_id": "4f490e08-7553-4b70-8536-a805f544ba47", "paragraph_id": "b3fbb436-a4da-49e7-942c-e6985357bf96", "position": 1, "text": "While the People assert that the “Western Express Cybercrime Group” was “comprised of Buyers, Vendors, Cybercrime Services Providers, and Money Movers, all of whom made decisions and shared authority over distinct aspects of the enterprise’s activities,” there is no evidence of any collective decision-making or coordination with respect to the purported enterprise’s activities or of any overarching structure of authority or hierarchy in which defendants participated.", "label": "potential value"}}