{"ba19ca10-f277-47ab-8ab3-56239b51873b": {"case_id": "c320734d-bcc4-4d66-a085-13a9152bb396", "opinion_id": "d5ad1040-f70b-49c3-8173-8484785c3210", "text": "The parties agree that 29 U.S.C. § 207(o)(5)(B) assures that, in this case, an officer\nshall be permitted by the employee’s employer to use [comp] time within a reasonable period after making the request if the use of the compensatory time does not unduly disrupt the operations of the public agency.", "position": 2}, "04b09f33-45ef-4e06-858b-e10ad1248f57": {"case_id": "c320734d-bcc4-4d66-a085-13a9152bb396", "opinion_id": "d5ad1040-f70b-49c3-8173-8484785c3210", "text": "Thus, under this subsection there are two conditions precedent that must be satisfied before an employee may take comp time off: (1) the employee must be permitted to take the comp time within a reasonable period of time after making his request; and (2) taking the comp time must not unduly disrupt the operations of the Memphis Police Department.", "position": 3}, "427b1056-921e-4b8d-ba67-95710d3532fa": {"case_id": "c320734d-bcc4-4d66-a085-13a9152bb396", "opinion_id": "d5ad1040-f70b-49c3-8173-8484785c3210", "text": "The plaintiffs concede that the defendant’s precinct commanders may properly reserve to themselves the authority to determine when the logbooks are “full,” so that the “manning” in the precinct will not fall below necessary levels and thus unduly disrupt the operation of the police department. The plaintiffs insist, however, that the precinct commanders are declaring the logbook full, not when there is a risk of manpower falling below what is necessary for the public safety, but rather when the number of officers requesting comp time off reaches the point that it will be necessary to pay their replacement officers at the overtime rate of pay. That excuse for declaring the logbook full, the plaintiffs argue, is not permitted under the FLSA, or the Labor Department regulations, or the collective bargaining agreement between the parties, because paying a replacement officer at the overtime rate does not unduly disrupt the operation of the police department as that term is defined in 29 C.F.R. § 553.25(d) and has nothing whatever to do with the “reasonable period” within which the comp time may be used following a request for it. In addition, the plaintiffs point to Department of Labor commentary on the application of the FLSA which provides:", "position": 12}, "557923f4-ad54-43ea-ba80-1530067834d1": {"case_id": "c320734d-bcc4-4d66-a085-13a9152bb396", "opinion_id": "46787211-f96c-40dc-a537-bbc7603bbb72", "text": "The plaintiffs argue that this practice of closing a precinct’s log books violates the FLSA. The Act allows public agencies to provide, in lieu of overtime, “compensatory time off at a rate not less than one and one-half hours for each hour of employment for which overtime compensation is required by this section.” 29 U.S.C. § 207(o)(l). The Act imposes several conditions on a public agency’s ability to offer compensatory time, however. Two are relevant for the purposes of this case. First, an employer may grant compensatory time in lieu of overtime pay pursuant only to a collective bargaining agreement, or other agreement. See 29 U.S.C. § 207(o)(2)(A). Second, an employee “shall be permitted by the employee’s employer to use such time within a reasonable period after making the request if the use of the compensatory time does not unduly disrupt the operations of the public agency.” 29 U.S.C. § 207(o)(5).", "position": 10}, "ff808646-4d13-4929-bce0-b6741283c3b7": {"case_id": "66ddd564-1496-41dd-9638-e0881e478b5a", "opinion_id": "a2274196-6e25-486c-8015-d1f911e9bb17", "text": "(A) who has accrued compensatory time off authorized to be provided under paragraph (1), and\n(B) who has requested the use of such compensatory time,\nshall be permitted by the employee’s employer to use such time within a reasonable period after making the request if the use of the compensatory time does not unduly disrupt the operations of the public agency.", "position": 73}, "9bfd195e-4c83-404a-828d-5c32fd0a8963": {"case_id": "571b5b1a-3372-427e-a0e4-c933e323cec0", "opinion_id": "f933e4f9-b8d2-402c-9d88-18d1213fb8ea", "text": "The FLSA allows public agencies to compensate their employees with compensatory time off at a rate of not less that one and one-half hours for each hour of employment for which overtime is required, provided that the agency follows certain criteria delineated in 29 U.S.C. § 207(o). The only criterion that plaintiffs claim the City does not meet is that an employee who has accrued compensatory time “shall be permitted to use such time within a reasonable period after making the request if the use of the compensatory time does not unduly disrupt the operations of the agency.” 29 U.S.C. § 207(o)(5). The statute does not define what constitutes an “undue disruption” or a “reasonable period.”", "position": 37}, "71b8d809-f43e-41fd-b7de-c149cb545c4b": {"case_id": "5ea5c7b0-c0fc-45ff-8610-b152eee797c1", "opinion_id": "c38d07c9-2bf2-4567-9f93-3b89a875605e", "text": "Appellants correctly point out that Congress attempted to strike a balance between the “employee’s right to make use of comp time that has been earned and the employer’s need for flexibility.” 1985 U.S.C.C.A.N. at 659. Clearly, Congress wanted to protect employees’ rights to use comp time and therefore limited the employer’s ability to prohibit use of comp time to situations when use of comp time would “unduly disrupt the operations of the public agency.” § 207(o)(5)(B). However, Congress did not intend to allow employees to upset the balance by stockpiling comp time and eliminating the employer’s flexibility. Although employees have a right to use comp time when it would not unduly disrupt the public employers business, the FLSA does not give employees the right of absolute control over the use of comp time. Rather, the legislative history suggests that employers and employees are required to negotiate and reach agreements over the use and preservation of comp time. See 1985 U.S.C.C.A.N. at 659 (“The agreement or understanding may include provisions governing the preservation, use, or cashing out of comp time so long as those provisions do not conflict with [the FLSA].”); see also 29 C.F.R. § 553.23(a)(2) (“The agreement or understanding may include other provisions governing the preservation, use, or cashing out of compensatory time so long as these provisions are consistent with section 7(o) of the Act.”).", "position": 28}, "9e6bd03f-e848-4766-bf12-86241a4d72b7": {"case_id": "94ee7b7d-8bc2-437e-af99-88ec0115c00c", "opinion_id": "f6da8ef1-431f-4db7-bc08-7c885773e13a", "text": "If an employee has accrued compensatory time and requests use of this compensatory time, the employer must permit the use of such time off within a “reasonable period” after the employee’s request as long as such use will not “unduly disrupt” the operations of the agency. § 553.25(a). A “reasonable period” will be determined by considering the customary work practices within the agency based on the circumstances, including the normal schedule of work, anticipated peak workloads based on past experience, emergency requirements for staff and services, and the availability of qualified substitute staff. § 553.25(c)(1). If applicable provisions are included within the agreement or understanding between the employer and employee, they will govern the meaning of “reasonable period.” § 553.25(c)(2). An “unduly disruptive” use of accrued compensatory time off is one which the agency reasonably and in good faith anticipates “would impose an unreasonable burden on the agency’s ability to provide services of acceptable quality and quantity for the public.” § 553.25(d).", "position": 9}, "d2d087d9-c24c-4d0c-9fb9-e1e3d610bbf9": {"case_id": "94ee7b7d-8bc2-437e-af99-88ec0115c00c", "opinion_id": "f6da8ef1-431f-4db7-bc08-7c885773e13a", "text": "Moreover, the FLSA expressly provides that an employee of a public agency who has accrued compensatory time off and has requested the use of such compensatory time shall be permitted by the agency to use such time within a reasonable period after making the request if the use of the compensatory time does not unduly disrupt the operations of the agency. § 207(o)(5). Accordingly, even if an agency can on its own initiative redeem compensatory time commitments for cash (the preferred form of compensation) at the employee’s current regular rate of pay, it simply does not follow that an agency can also unilaterally make the employee’s compensatory time an even less desirable substitute for cash overtime pay by depriving the employee of the choice of when and how to use it, but instead dictating the manner of its usage without regard to the desires or convenience of the employee.", "position": 19}, "69717e98-d02c-4518-8c80-f58c7391c031": {"case_id": "94ee7b7d-8bc2-437e-af99-88ec0115c00c", "opinion_id": "6efac669-6f9a-4c55-b951-d8851a014c7a", "text": "(A) who has accrued compensatory time off authorized to be provided under paragraph (1), and\n(B) who has requested the use of such compensatory time, shall be permitted by the employee’s employer to use such time within a reasonable period after making the request if the use of the compensatory time does not unduly disrupt the operations of the public agency.", "position": 22}, "e9728d08-68ef-4145-833f-a104d0007caf": {"case_id": "94ee7b7d-8bc2-437e-af99-88ec0115c00c", "opinion_id": "6efac669-6f9a-4c55-b951-d8851a014c7a", "text": "The class contends that Congress vested the employee, rather than the employer, with the right to determine the use of accrued comp time off. They urge that 29 U.S.C. § 207(o)(5) imposes only one limitation on this right — that the use of the comp time not unduly disrupt the operations of the public agency. The plaintiffs maintain since no other limitation on this right was imposed by Congress, they could choose to use or to bank their comp time as they see fit. In their view, employers do not have the right to control employees’ use of their accrued comp time, so long as their use does not unduly disrupt their operations.", "position": 25}, "1d0fe7cf-bf0b-4579-9f0a-bc5f5a57654b": {"case_id": "8160407f-ca66-4c50-90e2-062e317fa0c0", "opinion_id": "f37800e6-b580-447d-bd23-5e70d67abd4f", "text": "The Supreme Court’s opinion in Garcetti sets forth the controlling test for determining whether a public employee’s speech was made incident to his employment duties: “when public employees make statements pursuant to their official duties, the employees are not speaking as citizens for First Amendment purposes, and the Constitution does not insulate their communications from employer discipline.” 547 U.S. at 421, 126 S.Ct. 1951. In Garcetti a deputy district attorney wrote a dispositional memorandum, in which he recommended dismissing a prosecution based on an improper search warrant affidavit. Id. at 414-15, 126 S.Ct. 1951. The district court concluded that, because the statements were made pursuant to his official job duties, they were not protected speech. Id. at 415, 126 S.Ct. 1951. The United States Court of Appeals for the Ninth Circuit reversed, holding that the speech was inherently a matter of public concern and that it did not unduly disrupt the operations of the District Attorney’s Office. Id. at 415-16, 126 S.Ct. 1951. The Supreme Court in turn reversed the court of appeals and held that courts must first inquire as to whether an employee spoke as a citizen or in his role as an employee. Id. at 418, 126 S.Ct. 1951. The Court expressly recognized that “the First Amendment protects a public employee’s right, in certain circumstances, to speak as a citizen addressing matters of public concern.” Id. at 417, 126 S.Ct. 1951. The Court also stressed that, whether the speech at issue “coneern[s] the subject matter of [the speaker’s] employment” is “nondispositive,” because the First Amendment “protects some expressions related to the speaker’s job.” Id. at 421, 126 S.Ct. 1951. Instead, the “controlling factor” is whether the statements were “made pursuant to [the speaking employee’s] duties,” that is, whether such utterances were among the things that the employee “was employed to do.” Id. at 421, 126 S.Ct. 1951. The Garcetti Court did not advance a framework for defining when an employee speaks pursuant to his official duties. Id. at 424, 126 S.Ct. 1951. It did, however, condemn reliance on “excessively broad job descriptions.” Id. at 424-25, 126 S.Ct. 1951. And, it cautioned against a focus on formal job descriptions because “[t]he proper inquiry is a practical one.” Id.", "position": 31}, "109d7478-aaf8-48f2-bfdd-92b4812d0743": {"case_id": "07aca9d1-ab0a-4eef-b2ee-1177b249fe9e", "opinion_id": "a6411eb3-976e-4b95-92d1-471a6ced9c89", "text": "In 1988, the MPA and a large segment of its members have brought suit in this court against the city, alleging that the city police department violated the FLSA. (DPFF ¶¶8, 13; PC, at p. 2a.) The MPA used similar consent forms in the previous case. (DPFF ¶ 9.) The plaintiffs in the earlier suit filed three complaints; all three alleged that the police department had “denied plaintiffs’ requests for compensatory time off under circumstances where the granting of the request would not unduly disrupt the operation” of the police department. (DPFF ¶ 11; PC, at p. 2a.)", "position": 28}, "abc80ec5-7434-4585-a14d-7fa91552da3b": {"case_id": "07aca9d1-ab0a-4eef-b2ee-1177b249fe9e", "opinion_id": "a6411eb3-976e-4b95-92d1-471a6ced9c89", "text": "The complaint in the 1988 case alleged that the police department had denied the plaintiffs’ request for compensatory time off “under circumstances where the granting of the request would not unduly disrupt the operation” of the police department. (Mukamal Aff. ¶ 6.) The present compensatory overtime claim alleges that the city, by vesting approval of compensatory time off in the “middle management of the police department, improperly administers its time off system.” (ComplA 17.) As a result, the plaintiffs allege, they are “not allowed protected and open access to use of their compensatory time.” (ComplA 17.) The police officers argue that this system violates the rule that compensatory time shall be given to all “if the use of compensatory time does not unduly disrupt the operations of the public agency.” See 29 U.S.C. § 207(o)(5)(B).", "position": 44}, "ce1d6d54-edc7-4bfc-bb97-bed520ee3892": {"case_id": "fbf54c0f-4f36-4c7e-9607-68d83bc84a03", "opinion_id": "7f362b09-3e95-426e-a5a6-098aa8b742b5", "text": "Westlake’s argument ultimately rests on a perceived regulatory error. It offers no practical reason for its proposed reading. Westlake does not explain why the Secretary would impose such a stringent requirement upon employees who cannot foresee their need for leave but not upon employees who can foresee their need for leave. Congress added the notice requirement to assist employers plan around their employees’ absences. See S.Rep. No. 3 at 2, reprinted in 1993 U.S.C.C.A.N. 3, 4; 137 Cong.Rec. H9727 (statement of Rep. Roukema) (noting that employee must give notice “so as not to unduly disrupt the operations of the employer”). That goal is not advanced by requiring employees to expressly mention the FMLA by name: an absent employee is an absent employee.", "position": 28}, "09378ff8-d071-4676-9c71-be30e4644a61": {"case_id": "00e50c1b-1f82-4b52-9bcc-8c703f7a1e4b", "opinion_id": "98beec11-b84c-4acf-8330-1a997d548029", "text": "An employee of a public agency ... (A) who has accrued compensatory time off ... and (B) who has requested the use of such compensatory time, shall be permitted by the employee’s employer to use such time within a reasonable period after making the request if the use of the compensatory time does not unduly disrupt the operations of the public agency.", "position": 14}, "dfd9116d-1c91-43c4-9ea3-331fb40019b4": {"case_id": "7acdf7a6-b22c-4b64-ada4-b58fdf02d451", "opinion_id": "be584d61-76e6-41a2-b4c9-b4b7399653c7", "text": "Mortensen contends that under the FLSA, 29 U.S.C. § 207(o )(5), and its accompanying regulations, the county is required to allow him to use accrued CTO on days he specifically requests, unless the county shows that granting the request would “unduly disrupt” the operation of the Sheriffs Department. The county responds that the FLSA and the Agreement do not allow an employee unfettered discretion in scheduling his CTO. Thus, we must determine the correct interpretation of § 207(o )(5), and whether the county properly applies the statute to its operations.", "position": 25}, "dd4cf8e4-a8d8-4eb3-959c-e821cf50b44f": {"case_id": "7acdf7a6-b22c-4b64-ada4-b58fdf02d451", "opinion_id": "be584d61-76e6-41a2-b4c9-b4b7399653c7", "text": "(A) who has accrued compensatory time off authorized to be provided under paragraph (1), and\n(B) who has requested the use of such compensatory time, shall be permitted by the employee’s employer to use such time within a reasonable period after making the request if the use of the compensatory time does not unduly disrupt the operations of the public agency.", "position": 32}, "d3990a95-4f2d-446f-9b0b-52312f651679": {"case_id": "7acdf7a6-b22c-4b64-ada4-b58fdf02d451", "opinion_id": "be584d61-76e6-41a2-b4c9-b4b7399653c7", "text": "(A) who has accrued compensatory time off authorized to be provided under paragraph (1), and\n(B) who has requested the use of such compensatory time, shall be permitted by the employee’s employer to use such time within a reasonable period after making the request if the use of the compensatory time does not unduly disrupt the operations of the public agency.", "position": 65}, "df786c52-2ebd-4a8e-b0a1-c2aea9d4b0ca": {"case_id": "7acdf7a6-b22c-4b64-ada4-b58fdf02d451", "opinion_id": "be584d61-76e6-41a2-b4c9-b4b7399653c7", "text": "(a) Section 7(o )(5) of the FLSA provides that any employee of a public agency who has accrued compensatory time and requested use of this compensatory time, shall be permitted to use such time off within a \"reasonable period” after making the request, if such use does not \"unduly disrupt” the operations of the agency. This provision, however, does not apply to \"other compensatory time” (as defined below in § 553.28), including compensatory time accrued for overtime worked prior to April 15, 1986.", "position": 71}, "95da641d-9a08-402f-9f5e-84d4be257ab6": {"case_id": "a0a410a7-7946-4431-a14b-187f29e9440c", "opinion_id": "57c8b7ad-7680-4edd-b23b-9fce4b4b5ee8", "text": "The Fair Labor Standards Act [“FLSA”], 29 U.S.C. § 201 et seq., permits States and their political subdivisions, unlike private employers, to pay their employees for overtime by granting them compensatory time or “comp time” (time off work with full pay) instead of cash. § 207(o). Once an employee has earned comp time, the Act grants the employee a qualified right to use the time off when he chooses. The state or municipal employer must grant an employee’s request “to use such time within a reasonable period after making the request if the use of the compensatory time does not unduly disrupt the operations of the public agency.” § 207(o)(5).", "position": 2}, "a73a0a80-ac20-4326-bcab-cb0ac1c593b7": {"case_id": "a0a410a7-7946-4431-a14b-187f29e9440c", "opinion_id": "57c8b7ad-7680-4edd-b23b-9fce4b4b5ee8", "text": "(A) who has accrued compensatory time off ..., and\n(B) who has requested the use of such compensatory time,\nshall be permitted by the employee’s employer to use such time within a reasonable period after making the request if the use of the compensatory time does not unduly disrupt the operations of the public agency.", "position": 17}, "5aeaf492-ab4a-40f3-a36e-a1d1e8dcf375": {"case_id": "39106760-ba21-4e4c-8816-e78fbf3ba27d", "opinion_id": "4559aa83-bf5e-42be-aa17-31e8022fbb89", "text": "(A) who has accrued compensatory time off authorized to be provided under paragraph (1), and\n(B) who has requested the use of such compensatory time, shall be permitted by the employee's employer to use such time within a reasonable period after making the request if the use of the compensatory time does not unduly disrupt the operations of the public agency.", "position": 93}, "ce03a520-8d5b-4cab-b713-734ff53118f4": {"case_id": "e16a0e54-c0b8-4f14-bfa4-42e3a9a049eb", "opinion_id": "214ef548-0c60-453d-9976-c2bbd381f844", "text": "Beginning in May, 2000, Caroline Campbell, the Director of the Department, became Plaintiffs immediate supervisor. Id. ¶ 9. On June 29, 2001, Plaintiff was treated in an emergency room after she “became very sick, with chest pains, nausea, swollen legs, and blood pressure of 210/160.” Id. ¶ 11. During Plaintiffs July, 2001 performance review, Ms. Campbell informed her “that the medical appointments were causing hardship to the office.” Id. ¶ 10i In August, 2001, Plaintiff informed Ms. Campbell of her hypertension and that her doctor wanted her to have weekly appointments to have her blood pressure checked. Id. ¶ 12. Plaintiff asserts that “Ms. Campbell disapproved of these weekly appointments, telling Plaintiff that Plaintiff did not ‘need to see the doctor every week’ because a lab technician at [Washington Hospital Center] could check Plaintiffs blood pressure for her.” Id. Plaintiff claims that she “made every reasonable effort to schedule her medical treatment and medical supervision in a manner that did not unduly disrupt the operations of the department^]” and that she was “forced to cancel and reschedule numerous medical appointments because of work.” Id.", "position": 5}, "32f4c841-affb-4a97-bfc1-27e3c3fd8a54": {"case_id": "e7358dfa-f781-4af7-9c1f-742e474d5c2b", "opinion_id": "e5befa10-3d36-403b-ba2a-7bdba700ffc7", "text": "(A) who has accrued compensatory time off authorized to be provided under paragraph (1), and\n(B) who has requested the use of such compensatory time, shall be permitted by the employee’s employer to use such time[l] within a reasonable period after making the request [2]if the use of the compensatory time does not unduly disrupt the operation of the public agency.", "position": 29}, "3dab4f4b-a1fa-41ff-8c0a-64c847c84171": {"case_id": "e7358dfa-f781-4af7-9c1f-742e474d5c2b", "opinion_id": "e5befa10-3d36-403b-ba2a-7bdba700ffc7", "text": "We also note, moreover, that [the undue disruption] exception would be void of legal significance even if the Union’s reading of the FLSA were correct. This is so because requiring comp-time usage-on-demand would, as Dr. Jeanner-et’s uncontroverted analysis concludes, “unduly disrupt” the operations of the HPD. As he said:", "position": 74}, "ad4fe3c9-30be-4867-bddb-1c8c45dd686d": {"case_id": "e7358dfa-f781-4af7-9c1f-742e474d5c2b", "opinion_id": "e5befa10-3d36-403b-ba2a-7bdba700ffc7", "text": "In other words, local neighborhoods could be seriously adversely affected when too many regular duty officers are off work. The FLSA requires, generally, that officers be allowed to take comp time within reasonable periods after making their requests. The burden that this statute places upon public employers is waived, however, in those circumstance where compliance would “unduly disrupt the operations of the public agency.” This balance represents the statutory compromise between the interests of public agencies and their employees. Without adequate evidence placing Dr. Jeanneret’s conclusion of undue disruption into dispute, this court must conclude, as did the district court, that the Union has no claim cognizable under section 207(o) (5).", "position": 76}, "0a972966-81de-46c6-8ea0-cb101aa57561": {"case_id": "3569f538-c8fa-43ac-bb4b-c657326f87b7", "opinion_id": "3feccff8-5c3d-4633-9431-a0a87609cf03", "text": "2 . At a hearing on November 1, 2002, the City explained that the restrictions in the CBA on how officers may use the accrued comp time, and in particular the denial of a request to use comp time because it would cause overtime, probably violated the \"undue disruption” standard governing comp time schemes under the FLSA. \"[A public] employee ... who has accrued compensatory time off... and ... who has requested the use of such compensatory time, shall be permitted by the employee's employer to use such time within a reasonable period after making the request if the use of the compensatory time does not unduly disrupt the operations of the public agency.” 29 U.S.C. § 207(o)(5).", "position": 42}, "8cc80a8f-0089-49f5-a8b0-3bfc0f0d4b8f": {"case_id": "f9924770-a184-41c6-8573-5453deab1a8a", "opinion_id": "d59a691f-06a6-424c-ab0c-39120a3c739c", "text": "Nevertheless, some decisions by Article III courts hold that those courts have jurisdiction to entertain an application for extraordinary relief and to pass on whether the administration of the discretionary regulation provides due process of law. Brown v McNamara, 387 F2d 150 (CA 3d Cir) (1967); Hammond v Lenfest, 398 F2d 705 (CA 2d Cir) (1968); and In re Kelly, 401 F2d 211 (CA 5th Cir) (1968). Other Article III courts, however, have taken the position that they should refuse to accept subject matter jurisdiction to pass on the factual adequacy of decisions by defense officials on whether a member of the armed forces ought to be discharged. They have thought the exercise of such jurisdiction could unduly disrupt the operation of the armed forces or that it would be contrary to the doctrine of separation of powers. Orloff v Willoughby, 345 US 83, 97 L Ed 842, 73 S Ct 534 (1953); Harmon v Brucker, 243 F2d 613, 619 (CA DC Cir) (1957), reversed on other grounds, 355 US 579, 2 L Ed 2d 503, 78 S Ct 433 (1958).", "position": 12}, "0e3bc328-6873-4819-b088-ea295cae2745": {"case_id": "998f3bd6-bd6e-4eb4-9ade-c1c305914c43", "opinion_id": "04fab0d1-d645-4cc0-b0fc-b21e4c98db68", "text": "We also note, moreover, that this exception would be void of legal significance even if the Union’s reading of the FLSA were correct. This is so because requiring comp-time usage-on-demand would, as Dr. Jeanneret’s uncontroverted analysis concludes, “unduly disrupt” the operations of the HPD. As he said:", "position": 47}, "20227cb2-b94f-400c-9551-c2d0e709c259": {"case_id": "998f3bd6-bd6e-4eb4-9ade-c1c305914c43", "opinion_id": "04fab0d1-d645-4cc0-b0fc-b21e4c98db68", "text": "In other words, local neighborhoods could be seriously adversely affected when too many regular duty officers are off work. The FLSA requires, generally, that officers be allowed to take comp time within reasonable periods after making their requests. The burden that this statute places upon public employers is waived, however, in those circumstances where compliance would “unduly disrupt the operations of the public agency.” This balance represents the statutory compromise between the interests of public agencies and their employees. Without adequate evidence placing Dr. Jeanneret’s conclusion of undue disruption into dispute, this court must conclude, as did the district court, that the Union has no claim cognizable under section 207(o)(5).", "position": 49}, "1b1dcd5a-471e-424b-80e6-7accce7db383": {"case_id": "998f3bd6-bd6e-4eb4-9ade-c1c305914c43", "opinion_id": "04fab0d1-d645-4cc0-b0fc-b21e4c98db68", "text": "(A) who has accrued compensatory time off ... and\n(B) who has requested the use of such compensatory time,\nshall be permitted by the employee’s employer to use such time within a reasonable period after making the request if the use of the compensatory time does not unduly disrupt the operations of the public agency.", "position": 15}, "a112cce7-262a-4243-870e-10fb7e832491": {"case_id": "4aec1650-887c-490f-9a27-082582a186e7", "opinion_id": "65a2b851-5a9a-472c-afc7-b11dbd4ea44b", "text": "“(A) who has accrued compensatory time off... , and “(B) who has requested the use of such compensatory time,\n“shall be permitted by the employee’s employer to use such time within a reasonable period after making the request if the use of the compensatory time does not unduly disrupt the operations of the public agency.”", "position": 23}, "f3ff2736-398c-42c8-8042-387485082b70": {"case_id": "aa1642e1-12cf-4a0e-aa4e-715b0fb0b002", "opinion_id": "be5faac0-4768-4f7b-bedb-6a76ae82032f", "text": "An employee of a public agency which is a State, political subdivision of a State, or an interstate governmental agency who has accrued compensatory time off authorized to be provided ..., and who has requested the use of such compensatory time, shall be permitted by the employee’s employer to use such time within a reasonable period after making the request if the use of the compensatory time does not unduly disrupt the operations of the public agency.", "position": 158}, "57f3a50f-5a26-43b0-acae-e96176ca13ae": {"case_id": "21a4ad9b-81e2-48fb-8654-5f01c3307c69", "opinion_id": "1eddbc7b-255f-47cc-97d9-5eed3ab02108", "text": "(A) who has accrued compensatory time off ..., and\n(B) who has requested the use of such compensatory time, shall be permitted by the employee’s employer to use such time within a reasonable period after making the request if the use of the compensatory time does not unduly disrupt the operations of the public agency.", "position": 70}, "d1c6248e-cf7e-4630-82b0-bffa2f2c5aa2": {"case_id": "21a4ad9b-81e2-48fb-8654-5f01c3307c69", "opinion_id": "1eddbc7b-255f-47cc-97d9-5eed3ab02108", "text": "The DOL, which is responsible for the administration, interpretation, and application of the FLSA, has promulgated regulations explaining various provisions of the act. For instance, section 553.25 states that “[sjection 7(o)(5) ... provides that any employee of a public agency who has accrued compensatory time and requested use of this [ ] time, shall be permitted to use such time off within a ‘reasonable period’ after making the request, if such use does not ‘unduly disrupt’ the operations of the agency.”", "position": 72}, "54e1c4ba-e8ee-4377-9c41-79010a05128b": {"case_id": "28523605-a877-4dbd-865c-1ec21495ee84", "opinion_id": "03e5f8fe-97bf-42f0-91b1-d8bcd9f8cf31", "text": "Nor is the distinction between the United Way and excluded charities reasonable in general “in light of the purposes which the forum ... serves.” Id. at 49, 103 S.Ct. at 957. The purpose of the state offices, state employees, and the state payroll is obviously to run the state’s business. The state could validly, and reasonably, decide that it must limit access to its facilities in order not to unduly disrupt the operation of state business. Access must be allocated, however, in “some even-handed manner,” NAACP v. Devine, 727 F.2d at 1265, citing Heffron v. Int’l Society for Krishna Consciousness, 452 U.S. 640, 649, 101 S.Ct. 2559, 2564, 69 L.Ed.2d 298 (1980), without presumptively favoring one group over another. If the Legislature wanted to restrict access to charities which would benefit the most individuals while incurring the least disruption, it could do so. But it cannot do so presumptively, without any on-going factual inquiry into the degree to which any one applicant for access meets the specified criteria, and still maintain that it is acting reasonably.", "position": 33}, "068c9590-0fcf-4c13-a93f-f80a4b703918": {"case_id": "b640913f-bc72-4981-a2c2-c2b2277c9abc", "opinion_id": "7682d473-49e3-4a2f-9566-57aaa0d1d516", "text": "An employee of a public agency which is a State, political subdivision of a State, or an interstate governmental agency who has accrued compensatory time off authorized to be provided ..., and who has requested the use of such compensatory time, shall be permitted by the employee’s employer to use such time within a reasonable period after making the request if the use of the compensatory time does not unduly disrupt the operations of the public agency.", "position": 264}, "0a055f91-34e0-4d56-a0dd-4fae4ca612a2": {"case_id": "3d2c1618-e192-49fa-8b4b-0e16c3d39daa", "opinion_id": "a1df9820-b5fd-4dfa-bded-c639a023e0ea", "text": "Only our most complex issue remains. Milwaukee takes advantage of its option to give officers compensatory time off in lieu of overtime. 29 U.S.C. § 207(o). It does not permit officers to use this time on demand, however; officers must apply in advance, and the City will deny the application if staffing levels would fall too far below the norm. According to the flsa, employees must be allowed to use compensatory leave “within a reasonable period after making the request if the use ... does not unduly disrupt the operations” of the employer. 29 U.S.C. § 207(o)(5). See also 29 C.F.R. § 553.25(c), (d). Plaintiffs say that Milwaukee is too stingy about granting leave, and that it would not “unduly disrupt” the Police Department’s operations to pay other officers (at overtime rates) to make up the shortfall in personnel that otherwise would occur when many officers want to take compensatory leave at the same time. Milwaukee responds that this understanding of “unduly disrupt” would make the compensatory-leave system pointless. If the only way to give one officer compensatory leave (in lieu of overtime pay) is to hire another at an overtime rate, the City might as well pay the officers in cash rather than leave to begin with.", "position": 6}, "079eea77-263a-4f2b-a2b1-10656826788a": {"case_id": "be770ebc-8975-4a83-b2ac-498d18218707", "opinion_id": "7092a3f8-42d2-436a-bac3-d41b88d0c482", "text": "(A) who has accrued compensatory time off authorized to be provided under paragraph (1), and\n(B) who has requested the use of such compensatory time, shall be permitted by the employee’s employer to use such time within a reasonable period after making the request if the use of the compensatory time does not unduly disrupt the operations of the public agency.", "position": 4}, "7c67a329-e74b-463d-be91-ecbf74979c16": {"case_id": "be770ebc-8975-4a83-b2ac-498d18218707", "opinion_id": "7092a3f8-42d2-436a-bac3-d41b88d0c482", "text": "(a) Section 7(o)(5) of the FLSA provides that any employee of a public agency who has accrued compensatory time and requested use of this compensatory time, shall be permitted to use such time off within a “reasonable period” after making the request, if such use does not “unduly disrupt” the operations of the agency. This provision, however, does not apply to “other compensatory time” (as defined below in § 553.28), including compensatory time accrued for overtime worked prior to April 15, 1986.", "position": 15}, "3e15a6cc-148e-4515-ad45-333752a9067d": {"case_id": "367755c8-12dc-407a-bc9b-50fa5c45295f", "opinion_id": "fe684b59-e79a-45ab-8c04-ed81079ec9e6", "text": "Plaintiffs also argue that the City violated the FLSA by withholding for nearly five months the use of the comp time which they had earned. Initially, the Court notes that nowhere have Plaintiffs alleged that they asked to use their comp time but were denied by the City. Moreover, 29 U.S.C. § 207(o)(5) and 29 C.F.R. § 553.25(a) state that an employee “shall be permitted to use such time off within a reasonable period after making the request, if such use does not unduly disrupt the operations of the agency.” In the instant case, it would be unduly disruptive of the training course to allow Plaintiffs to use their comp time before the ten week training programs were completed. If a cadet were allowed to use his comp time while at the academy, not only might he' miss information relevant to his job, but he may also fall short of the 400 minimum training hours required to be certified.", "position": 58}, "96cd107c-e4da-42ad-ae29-b4659c8e1ab6": {"case_id": "090c5851-e2f8-4c57-9cd2-b7a4114b08a4", "opinion_id": "137cf157-a006-48ad-8f50-c4d64fc53eda", "text": "(A) who has accrued compensatory time off authorized to be provided under paragraph (1), and\n(B) who has requested the use of such compensatory time, shall be permitted by the employee’s employer to use such time within a reasonable period after making the request if the use of the compensatory time does not unduly disrupt the operations of the public agency.", "position": 29}, "93a99fcc-ca23-49d2-884c-31c76ac647be": {"case_id": "c06745d3-eac7-4006-a1d7-5a2328d8f3d7", "opinion_id": "5ccffa46-f843-4502-a077-5ff397462ce7", "text": "An employee ... who has accrued compensatory time ... and ... who has requested the use of such compensatory time, shall be permitted by the employee’s employer to use such time within a reasonable period alter making the request if the use of the compensatory time does not unduly disrupt the operations of the public agency, [emphasis added]", "position": 24}, "0a027c85-201a-414b-836a-93fd78bcf4b2": {"case_id": "26a9c7c4-510f-4b0e-ac00-bf0bb563687c", "opinion_id": "28793721-a597-4e2d-91f8-5cd5f4a7a4d6", "text": "The “reasonable period” clause, as noted at the outset of this opinion, is one of two statutory clauses governing an employer’s obligation to permit use of accrued compensatory time. The other is the “unduly disrupt” clause. Again, Section 207(o )(5) provides that “[a]n employee of a public agency” who has earned and “requested the use of such compensatory time, shall be permitted ... to use such time within a reasonable period after making the request if the use of the compensatory time does not unduly disrupt the operations of the public agency.” 29 U.S.C.S. § 207(o )(5)(A)-(B) (emphasis added).", "position": 19}, "066d23c0-a96b-4f76-bf45-071520a9d40a": {"case_id": "26a9c7c4-510f-4b0e-ac00-bf0bb563687c", "opinion_id": "28793721-a597-4e2d-91f8-5cd5f4a7a4d6", "text": "The Fair Labor Standards Act (FLSA), 29 U.S.C.S. §§ 201-219, requires a public employer to allow an employee awarded compensatory time off in lieu of overtime pay “to use such time within a reasonable period after making [a] request if the use of the compensatory time does not unduly disrupt the operations of the public agency.” 29 U.S.C.S. § 207(o )(5). This appeal requires us to consider whether an employer who denies permission to use compensatory time on the date requested but permits use within the “reasonable period” defined in its agreement with its employees must also show that a grant would “unduly disrupt” operations. 29 C.F.R. § 553.25(c)(2), (d). We conclude that the employer need not do so and affirm the order granting summary judgment to the employer.", "position": 1}}