{"550a3018-cabd-47a8-a404-392cc4cb604a": {"case_id": "c320734d-bcc4-4d66-a085-13a9152bb396", "opinion_id": "d5ad1040-f70b-49c3-8173-8484785c3210", "paragraph_id": "ba19ca10-f277-47ab-8ab3-56239b51873b", "position": 0, "text": "The parties agree that 29 U.S.C. § 207(o)(5)(B) assures that, in this case, an officer\nshall be permitted by the employee’s employer to use [comp] time within a reasonable period after making the request if the use of the compensatory time does not unduly disrupt the operations of the public agency.", "label": "no value"}, "35d5ac79-1cc0-41e7-8dd2-fd06ee330dc9": {"case_id": "c320734d-bcc4-4d66-a085-13a9152bb396", "opinion_id": "d5ad1040-f70b-49c3-8173-8484785c3210", "paragraph_id": "04b09f33-45ef-4e06-858b-e10ad1248f57", "position": 0, "text": "Thus, under this subsection there are two conditions precedent that must be satisfied before an employee may take comp time off: (1) the employee must be permitted to take the comp time within a reasonable period of time after making his request; and (2) taking the comp time must not unduly disrupt the operations of the Memphis Police Department.", "label": "no value"}, "f786e4df-f043-4bd1-bc2e-c134fd1dbd58": {"case_id": "c320734d-bcc4-4d66-a085-13a9152bb396", "opinion_id": "d5ad1040-f70b-49c3-8173-8484785c3210", "paragraph_id": "427b1056-921e-4b8d-ba67-95710d3532fa", "position": 0, "text": "The plaintiffs concede that the defendant’s precinct commanders may properly reserve to themselves the authority to determine when the logbooks are “full,” so that the “manning” in the precinct will not fall below necessary levels and thus unduly disrupt the operation of the police department.", "label": "certain value"}, "e0453ef3-57e6-4f42-88ab-bea541320f24": {"case_id": "c320734d-bcc4-4d66-a085-13a9152bb396", "opinion_id": "d5ad1040-f70b-49c3-8173-8484785c3210", "paragraph_id": "427b1056-921e-4b8d-ba67-95710d3532fa", "position": 2, "text": "That excuse for declaring the logbook full, the plaintiffs argue, is not permitted under the FLSA, or the Labor Department regulations, or the collective bargaining agreement between the parties, because paying a replacement officer at the overtime rate does not unduly disrupt the operation of the police department as that term is defined in 29 C.F.R. § 553.25(d) and has nothing whatever to do with the “reasonable period” within which the comp time may be used following a request for it.", "label": "high value"}, "4587dd94-fa04-4bfe-9e3c-396bb4e8e9aa": {"case_id": "c320734d-bcc4-4d66-a085-13a9152bb396", "opinion_id": "46787211-f96c-40dc-a537-bbc7603bbb72", "paragraph_id": "557923f4-ad54-43ea-ba80-1530067834d1", "position": 7, "text": "Second, an employee “shall be permitted by the employee’s employer to use such time within a reasonable period after making the request if the use of the compensatory time does not unduly disrupt the operations of the public agency.”", "label": "no value"}, "2c63a825-658e-492b-87e6-f119f14331fc": {"case_id": "66ddd564-1496-41dd-9638-e0881e478b5a", "opinion_id": "a2274196-6e25-486c-8015-d1f911e9bb17", "paragraph_id": "ff808646-4d13-4929-bce0-b6741283c3b7", "position": 0, "text": "(A) who has accrued compensatory time off authorized to be provided under paragraph (1), and\n(B) who has requested the use of such compensatory time,\nshall be permitted by the employee’s employer to use such time within a reasonable period after making the request if the use of the compensatory time does not unduly disrupt the operations of the public agency.", "label": "potential value"}, "ec6805e1-f676-4b46-b1c1-957342855601": {"case_id": "571b5b1a-3372-427e-a0e4-c933e323cec0", "opinion_id": "f933e4f9-b8d2-402c-9d88-18d1213fb8ea", "paragraph_id": "9bfd195e-4c83-404a-828d-5c32fd0a8963", "position": 1, "text": "The only criterion that plaintiffs claim the City does not meet is that an employee who has accrued compensatory time “shall be permitted to use such time within a reasonable period after making the request if the use of the compensatory time does not unduly disrupt the operations of the agency.”", "label": "potential value"}, "63a9e4cb-8961-4fcc-a40c-eb256df4a9b1": {"case_id": "5ea5c7b0-c0fc-45ff-8610-b152eee797c1", "opinion_id": "c38d07c9-2bf2-4567-9f93-3b89a875605e", "paragraph_id": "71b8d809-f43e-41fd-b7de-c149cb545c4b", "position": 2, "text": "Clearly, Congress wanted to protect employees’ rights to use comp time and therefore limited the employer’s ability to prohibit use of comp time to situations when use of comp time would “unduly disrupt the operations of the public agency.” § 207(o)(5)(B).", "label": "potential value"}, "0ae75c85-e0a6-4ee0-9384-10ff6fbe9cc3": {"case_id": "94ee7b7d-8bc2-437e-af99-88ec0115c00c", "opinion_id": "f6da8ef1-431f-4db7-bc08-7c885773e13a", "paragraph_id": "9e6bd03f-e848-4766-bf12-86241a4d72b7", "position": 0, "text": "If an employee has accrued compensatory time and requests use of this compensatory time, the employer must permit the use of such time off within a “reasonable period” after the employee’s request as long as such use will not “unduly disrupt” the operations of the agency.", "label": "potential value"}, "2ed11a5a-81f7-43e6-99a7-250af80fca7e": {"case_id": "94ee7b7d-8bc2-437e-af99-88ec0115c00c", "opinion_id": "f6da8ef1-431f-4db7-bc08-7c885773e13a", "paragraph_id": "d2d087d9-c24c-4d0c-9fb9-e1e3d610bbf9", "position": 0, "text": "Moreover, the FLSA expressly provides that an employee of a public agency who has accrued compensatory time off and has requested the use of such compensatory time shall be permitted by the agency to use such time within a reasonable period after making the request if the use of the compensatory time does not unduly disrupt the operations of the agency. § 207(o)(5).", "label": "potential value"}, "2cece004-3042-4233-a8e7-1855a1438b15": {"case_id": "94ee7b7d-8bc2-437e-af99-88ec0115c00c", "opinion_id": "6efac669-6f9a-4c55-b951-d8851a014c7a", "paragraph_id": "69717e98-d02c-4518-8c80-f58c7391c031", "position": 0, "text": "(A) who has accrued compensatory time off authorized to be provided under paragraph (1), and\n(B) who has requested the use of such compensatory time, shall be permitted by the employee’s employer to use such time within a reasonable period after making the request if the use of the compensatory time does not unduly disrupt the operations of the public agency.", "label": "potential value"}, "99026bc9-4b4f-4cd1-9cdb-d7de7f8c1739": {"case_id": "94ee7b7d-8bc2-437e-af99-88ec0115c00c", "opinion_id": "6efac669-6f9a-4c55-b951-d8851a014c7a", "paragraph_id": "e9728d08-68ef-4145-833f-a104d0007caf", "position": 1, "text": "They urge that 29 U.S.C. § 207(o)(5) imposes only one limitation on this right — that the use of the comp time not unduly disrupt the operations of the public agency.", "label": "potential value"}, "2517b10d-1f89-44bc-ac7a-1e4ba818f2c7": {"case_id": "8160407f-ca66-4c50-90e2-062e317fa0c0", "opinion_id": "f37800e6-b580-447d-bd23-5e70d67abd4f", "paragraph_id": "1d0fe7cf-bf0b-4579-9f0a-bc5f5a57654b", "position": 6, "text": "The United States Court of Appeals for the Ninth Circuit reversed, holding that the speech was inherently a matter of public concern and that it did not unduly disrupt the operations of the District Attorney’s Office.", "label": "no value"}, "fcb2cfc3-4ac1-4631-92d6-136940a3162a": {"case_id": "07aca9d1-ab0a-4eef-b2ee-1177b249fe9e", "opinion_id": "a6411eb3-976e-4b95-92d1-471a6ced9c89", "paragraph_id": "109d7478-aaf8-48f2-bfdd-92b4812d0743", "position": 3, "text": "The plaintiffs in the earlier suit filed three complaints; all three alleged that the police department had “denied plaintiffs’ requests for compensatory time off under circumstances where the granting of the request would not unduly disrupt the operation” of the police department.", "label": "potential value"}, "ff6d9127-8f51-4c76-b2d6-fb69e150c58e": {"case_id": "07aca9d1-ab0a-4eef-b2ee-1177b249fe9e", "opinion_id": "a6411eb3-976e-4b95-92d1-471a6ced9c89", "paragraph_id": "abc80ec5-7434-4585-a14d-7fa91552da3b", "position": 0, "text": "The complaint in the 1988 case alleged that the police department had denied the plaintiffs’ request for compensatory time off “under circumstances where the granting of the request would not unduly disrupt the operation” of the police department.", "label": "potential value"}, "95f50cc3-80a1-4b14-bd0c-1fc3bef5d70c": {"case_id": "07aca9d1-ab0a-4eef-b2ee-1177b249fe9e", "opinion_id": "a6411eb3-976e-4b95-92d1-471a6ced9c89", "paragraph_id": "abc80ec5-7434-4585-a14d-7fa91552da3b", "position": 5, "text": "The police officers argue that this system violates the rule that compensatory time shall be given to all “if the use of compensatory time does not unduly disrupt the operations of the public agency.”", "label": "potential value"}, "02750c9e-47aa-4515-9d7e-1c5c7f977bdd": {"case_id": "fbf54c0f-4f36-4c7e-9607-68d83bc84a03", "opinion_id": "7f362b09-3e95-426e-a5a6-098aa8b742b5", "paragraph_id": "ce1d6d54-edc7-4bfc-bb97-bed520ee3892", "position": 4, "text": "See S.Rep. No. 3 at 2, reprinted in 1993 U.S.C.C.A.N. 3, 4; 137 Cong.Rec. H9727 (statement of Rep. Roukema) (noting that employee must give notice “so as not to unduly disrupt the operations of the employer”).", "label": "certain value"}, "5c9b9c2d-311e-46ca-a439-ea319244dc12": {"case_id": "00e50c1b-1f82-4b52-9bcc-8c703f7a1e4b", "opinion_id": "98beec11-b84c-4acf-8330-1a997d548029", "paragraph_id": "09378ff8-d071-4676-9c71-be30e4644a61", "position": 1, "text": "(A) who has accrued compensatory time off ... and (B) who has requested the use of such compensatory time, shall be permitted by the employee’s employer to use such time within a reasonable period after making the request if the use of the compensatory time does not unduly disrupt the operations of the public agency.", "label": "potential value"}, "09dc5ad0-e025-4411-bd31-1a727900e7b3": {"case_id": "7acdf7a6-b22c-4b64-ada4-b58fdf02d451", "opinion_id": "be584d61-76e6-41a2-b4c9-b4b7399653c7", "paragraph_id": "dfd9116d-1c91-43c4-9ea3-331fb40019b4", "position": 0, "text": "Mortensen contends that under the FLSA, 29 U.S.C. § 207(o )(5), and its accompanying regulations, the county is required to allow him to use accrued CTO on days he specifically requests, unless the county shows that granting the request would “unduly disrupt” the operation of the Sheriffs Department.", "label": "potential value"}, "e252f0e4-e9c5-4ddc-a463-165761e9da3c": {"case_id": "7acdf7a6-b22c-4b64-ada4-b58fdf02d451", "opinion_id": "be584d61-76e6-41a2-b4c9-b4b7399653c7", "paragraph_id": "dd4cf8e4-a8d8-4eb3-959c-e821cf50b44f", "position": 0, "text": "(A) who has accrued compensatory time off authorized to be provided under paragraph (1), and\n(B) who has requested the use of such compensatory time, shall be permitted by the employee’s employer to use such time within a reasonable period after making the request if the use of the compensatory time does not unduly disrupt the operations of the public agency.", "label": "potential value"}, "5d1ebf96-f8fe-445f-998b-f40d71c5f3b8": {"case_id": "7acdf7a6-b22c-4b64-ada4-b58fdf02d451", "opinion_id": "be584d61-76e6-41a2-b4c9-b4b7399653c7", "paragraph_id": "d3990a95-4f2d-446f-9b0b-52312f651679", "position": 0, "text": "(A) who has accrued compensatory time off authorized to be provided under paragraph (1), and\n(B) who has requested the use of such compensatory time, shall be permitted by the employee’s employer to use such time within a reasonable period after making the request if the use of the compensatory time does not unduly disrupt the operations of the public agency.", "label": "potential value"}, "1c4b27d2-a907-4a82-ad3c-3be075bce87b": {"case_id": "7acdf7a6-b22c-4b64-ada4-b58fdf02d451", "opinion_id": "be584d61-76e6-41a2-b4c9-b4b7399653c7", "paragraph_id": "df786c52-2ebd-4a8e-b0a1-c2aea9d4b0ca", "position": 0, "text": "(a) Section 7(o )(5) of the FLSA provides that any employee of a public agency who has accrued compensatory time and requested use of this compensatory time, shall be permitted to use such time off within a \"reasonable period” after making the request, if such use does not \"unduly disrupt” the operations of the agency.", "label": "potential value"}, "d1f8504f-e7f8-4ca3-9c68-43262c10fb45": {"case_id": "a0a410a7-7946-4431-a14b-187f29e9440c", "opinion_id": "57c8b7ad-7680-4edd-b23b-9fce4b4b5ee8", "paragraph_id": "95da641d-9a08-402f-9f5e-84d4be257ab6", "position": 2, "text": "The state or municipal employer must grant an employee’s request “to use such time within a reasonable period after making the request if the use of the compensatory time does not unduly disrupt the operations of the public agency.” § 207(o)(5).", "label": "no value"}, "80c9f0e2-9859-4ed0-9ba1-adf04b29b0c9": {"case_id": "a0a410a7-7946-4431-a14b-187f29e9440c", "opinion_id": "57c8b7ad-7680-4edd-b23b-9fce4b4b5ee8", "paragraph_id": "a73a0a80-ac20-4326-bcab-cb0ac1c593b7", "position": 0, "text": "(A) who has accrued compensatory time off ..., and\n(B) who has requested the use of such compensatory time,\nshall be permitted by the employee’s employer to use such time within a reasonable period after making the request if the use of the compensatory time does not unduly disrupt the operations of the public agency.", "label": "potential value"}, "31040398-acc9-49e9-a2ae-20e17e77b0bd": {"case_id": "39106760-ba21-4e4c-8816-e78fbf3ba27d", "opinion_id": "4559aa83-bf5e-42be-aa17-31e8022fbb89", "paragraph_id": "5aeaf492-ab4a-40f3-a36e-a1d1e8dcf375", "position": 0, "text": "(A) who has accrued compensatory time off authorized to be provided under paragraph (1), and\n(B) who has requested the use of such compensatory time, shall be permitted by the employee's employer to use such time within a reasonable period after making the request if the use of the compensatory time does not unduly disrupt the operations of the public agency.", "label": "potential value"}, "0e1c30db-e7f9-4f38-b709-93d270316272": {"case_id": "e16a0e54-c0b8-4f14-bfa4-42e3a9a049eb", "opinion_id": "214ef548-0c60-453d-9976-c2bbd381f844", "paragraph_id": "ce03a520-8d5b-4cab-b713-734ff53118f4", "position": 13, "text": "Plaintiff claims that she “made every reasonable effort to schedule her medical treatment and medical supervision in a manner that did not unduly disrupt the operations of the department^]” and that she was “forced to cancel and reschedule numerous medical appointments because of work.”", "label": "potential value"}, "fcf2269c-461a-4f36-abcd-1959a8aa7f6c": {"case_id": "e7358dfa-f781-4af7-9c1f-742e474d5c2b", "opinion_id": "e5befa10-3d36-403b-ba2a-7bdba700ffc7", "paragraph_id": "32f4c841-affb-4a97-bfc1-27e3c3fd8a54", "position": 0, "text": "(A) who has accrued compensatory time off authorized to be provided under paragraph (1), and\n(B) who has requested the use of such compensatory time, shall be permitted by the employee’s employer to use such time[l] within a reasonable period after making the request [2]if the use of the compensatory time does not unduly disrupt the operation of the public agency.", "label": "potential value"}, "5c7eaa87-4387-48a8-86d1-b9958150826a": {"case_id": "e7358dfa-f781-4af7-9c1f-742e474d5c2b", "opinion_id": "e5befa10-3d36-403b-ba2a-7bdba700ffc7", "paragraph_id": "3dab4f4b-a1fa-41ff-8c0a-64c847c84171", "position": 1, "text": "This is so because requiring comp-time usage-on-demand would, as Dr. Jeanner-et’s uncontroverted analysis concludes, “unduly disrupt” the operations of the HPD.", "label": "high value"}, "5e8ebb20-c29c-417f-9009-e96004994916": {"case_id": "e7358dfa-f781-4af7-9c1f-742e474d5c2b", "opinion_id": "e5befa10-3d36-403b-ba2a-7bdba700ffc7", "paragraph_id": "ad4fe3c9-30be-4867-bddb-1c8c45dd686d", "position": 2, "text": "The burden that this statute places upon public employers is waived, however, in those circumstance where compliance would “unduly disrupt the operations of the public agency.”", "label": "potential value"}, "0db70700-222f-49db-be43-ad19915f7f8a": {"case_id": "3569f538-c8fa-43ac-bb4b-c657326f87b7", "opinion_id": "3feccff8-5c3d-4633-9431-a0a87609cf03", "paragraph_id": "0a972966-81de-46c6-8ea0-cb101aa57561", "position": 2, "text": "\"[A public] employee ... who has accrued compensatory time off... and ... who has requested the use of such compensatory time, shall be permitted by the employee's employer to use such time within a reasonable period after making the request if the use of the compensatory time does not unduly disrupt the operations of the public agency.”", "label": "potential value"}, "5814e9ee-7b8f-4e93-a0a8-8204da7c89a8": {"case_id": "f9924770-a184-41c6-8573-5453deab1a8a", "opinion_id": "d59a691f-06a6-424c-ab0c-39120a3c739c", "paragraph_id": "8cc80a8f-0089-49f5-a8b0-3bfc0f0d4b8f", "position": 3, "text": "They have thought the exercise of such jurisdiction could unduly disrupt the operation of the armed forces or that it would be contrary to the doctrine of separation of powers.", "label": "potential value"}, "cf4788b4-3878-4805-bb4e-7f34e20948bc": {"case_id": "998f3bd6-bd6e-4eb4-9ade-c1c305914c43", "opinion_id": "04fab0d1-d645-4cc0-b0fc-b21e4c98db68", "paragraph_id": "0e3bc328-6873-4819-b088-ea295cae2745", "position": 1, "text": "This is so because requiring comp-time usage-on-demand would, as Dr. Jeanneret’s uncontroverted analysis concludes, “unduly disrupt” the operations of the HPD.", "label": "high value"}, "66e1fcd7-3188-4751-9f02-0c9201051f7e": {"case_id": "998f3bd6-bd6e-4eb4-9ade-c1c305914c43", "opinion_id": "04fab0d1-d645-4cc0-b0fc-b21e4c98db68", "paragraph_id": "20227cb2-b94f-400c-9551-c2d0e709c259", "position": 2, "text": "The burden that this statute places upon public employers is waived, however, in those circumstances where compliance would “unduly disrupt the operations of the public agency.”", "label": "potential value"}, "4f60ebff-43e6-47c0-9aa1-54ce75c192b6": {"case_id": "998f3bd6-bd6e-4eb4-9ade-c1c305914c43", "opinion_id": "04fab0d1-d645-4cc0-b0fc-b21e4c98db68", "paragraph_id": "1b1dcd5a-471e-424b-80e6-7accce7db383", "position": 0, "text": "(A) who has accrued compensatory time off ... and\n(B) who has requested the use of such compensatory time,\nshall be permitted by the employee’s employer to use such time within a reasonable period after making the request if the use of the compensatory time does not unduly disrupt the operations of the public agency.", "label": "potential value"}, "596d33e0-20f3-4437-8784-41907707f3b9": {"case_id": "4aec1650-887c-490f-9a27-082582a186e7", "opinion_id": "65a2b851-5a9a-472c-afc7-b11dbd4ea44b", "paragraph_id": "a112cce7-262a-4243-870e-10fb7e832491", "position": 0, "text": "“(A) who has accrued compensatory time off... , and “(B) who has requested the use of such compensatory time,\n“shall be permitted by the employee’s employer to use such time within a reasonable period after making the request if the use of the compensatory time does not unduly disrupt the operations of the public agency.”", "label": "potential value"}, "4ecabc60-a8b6-4b1b-b615-790c9eac4922": {"case_id": "aa1642e1-12cf-4a0e-aa4e-715b0fb0b002", "opinion_id": "be5faac0-4768-4f7b-bedb-6a76ae82032f", "paragraph_id": "f3ff2736-398c-42c8-8042-387485082b70", "position": 0, "text": "An employee of a public agency which is a State, political subdivision of a State, or an interstate governmental agency who has accrued compensatory time off authorized to be provided ..., and who has requested the use of such compensatory time, shall be permitted by the employee’s employer to use such time within a reasonable period after making the request if the use of the compensatory time does not unduly disrupt the operations of the public agency.", "label": "potential value"}, "906b3735-d75e-4b71-9c69-374e90ad674a": {"case_id": "21a4ad9b-81e2-48fb-8654-5f01c3307c69", "opinion_id": "1eddbc7b-255f-47cc-97d9-5eed3ab02108", "paragraph_id": "57f3a50f-5a26-43b0-acae-e96176ca13ae", "position": 0, "text": "(A) who has accrued compensatory time off ..., and\n(B) who has requested the use of such compensatory time, shall be permitted by the employee’s employer to use such time within a reasonable period after making the request if the use of the compensatory time does not unduly disrupt the operations of the public agency.", "label": "potential value"}, "a8520d51-1d49-4a1f-8cad-4b5559d1a453": {"case_id": "21a4ad9b-81e2-48fb-8654-5f01c3307c69", "opinion_id": "1eddbc7b-255f-47cc-97d9-5eed3ab02108", "paragraph_id": "d1c6248e-cf7e-4630-82b0-bffa2f2c5aa2", "position": 1, "text": "For instance, section 553.25 states that “[sjection 7(o)(5) ... provides that any employee of a public agency who has accrued compensatory time and requested use of this [ ] time, shall be permitted to use such time off within a ‘reasonable period’ after making the request, if such use does not ‘unduly disrupt’ the operations of the agency.”", "label": "potential value"}, "1e9602e4-de12-4ac1-ada1-c583c2e44add": {"case_id": "28523605-a877-4dbd-865c-1ec21495ee84", "opinion_id": "03e5f8fe-97bf-42f0-91b1-d8bcd9f8cf31", "paragraph_id": "54e1c4ba-e8ee-4377-9c41-79010a05128b", "position": 3, "text": "The state could validly, and reasonably, decide that it must limit access to its facilities in order not to unduly disrupt the operation of state business.", "label": "potential value"}, "7b8643b3-cb86-4bbc-88e3-c680405f763f": {"case_id": "b640913f-bc72-4981-a2c2-c2b2277c9abc", "opinion_id": "7682d473-49e3-4a2f-9566-57aaa0d1d516", "paragraph_id": "068c9590-0fcf-4c13-a93f-f80a4b703918", "position": 0, "text": "An employee of a public agency which is a State, political subdivision of a State, or an interstate governmental agency who has accrued compensatory time off authorized to be provided ..., and who has requested the use of such compensatory time, shall be permitted by the employee’s employer to use such time within a reasonable period after making the request if the use of the compensatory time does not unduly disrupt the operations of the public agency.", "label": "potential value"}, "453cb2eb-5644-40a6-b130-874dd7ce15dd": {"case_id": "3d2c1618-e192-49fa-8b4b-0e16c3d39daa", "opinion_id": "a1df9820-b5fd-4dfa-bded-c639a023e0ea", "paragraph_id": "0a055f91-34e0-4d56-a0dd-4fae4ca612a2", "position": 4, "text": "According to the flsa, employees must be allowed to use compensatory leave “within a reasonable period after making the request if the use ... does not unduly disrupt the operations” of the employer.", "label": "no value"}, "1707a73e-f16a-43a3-8041-28a3e5dfab67": {"case_id": "be770ebc-8975-4a83-b2ac-498d18218707", "opinion_id": "7092a3f8-42d2-436a-bac3-d41b88d0c482", "paragraph_id": "079eea77-263a-4f2b-a2b1-10656826788a", "position": 0, "text": "(A) who has accrued compensatory time off authorized to be provided under paragraph (1), and\n(B) who has requested the use of such compensatory time, shall be permitted by the employee’s employer to use such time within a reasonable period after making the request if the use of the compensatory time does not unduly disrupt the operations of the public agency.", "label": "potential value"}, "57c0e7cd-6b7d-4f1f-a2f1-632830da60ff": {"case_id": "be770ebc-8975-4a83-b2ac-498d18218707", "opinion_id": "7092a3f8-42d2-436a-bac3-d41b88d0c482", "paragraph_id": "7c67a329-e74b-463d-be91-ecbf74979c16", "position": 0, "text": "(a) Section 7(o)(5) of the FLSA provides that any employee of a public agency who has accrued compensatory time and requested use of this compensatory time, shall be permitted to use such time off within a “reasonable period” after making the request, if such use does not “unduly disrupt” the operations of the agency.", "label": "potential value"}, "4e1af20a-1827-45d3-be22-20268783f922": {"case_id": "367755c8-12dc-407a-bc9b-50fa5c45295f", "opinion_id": "fe684b59-e79a-45ab-8c04-ed81079ec9e6", "paragraph_id": "3e15a6cc-148e-4515-ad45-333752a9067d", "position": 2, "text": "Moreover, 29 U.S.C. § 207(o)(5) and 29 C.F.R. § 553.25(a) state that an employee “shall be permitted to use such time off within a reasonable period after making the request, if such use does not unduly disrupt the operations of the agency.”", "label": "no value"}, "2b621124-5210-45bc-a093-f5b46fd8737e": {"case_id": "090c5851-e2f8-4c57-9cd2-b7a4114b08a4", "opinion_id": "137cf157-a006-48ad-8f50-c4d64fc53eda", "paragraph_id": "96cd107c-e4da-42ad-ae29-b4659c8e1ab6", "position": 0, "text": "(A) who has accrued compensatory time off authorized to be provided under paragraph (1), and\n(B) who has requested the use of such compensatory time, shall be permitted by the employee’s employer to use such time within a reasonable period after making the request if the use of the compensatory time does not unduly disrupt the operations of the public agency.", "label": "potential value"}, "d972965e-fd2d-45cb-aa6e-31ccdacd465b": {"case_id": "c06745d3-eac7-4006-a1d7-5a2328d8f3d7", "opinion_id": "5ccffa46-f843-4502-a077-5ff397462ce7", "paragraph_id": "93a99fcc-ca23-49d2-884c-31c76ac647be", "position": 0, "text": "An employee ... who has accrued compensatory time ... and ... who has requested the use of such compensatory time, shall be permitted by the employee’s employer to use such time within a reasonable period alter making the request if the use of the compensatory time does not unduly disrupt the operations of the public agency, [emphasis added]", "label": "potential value"}, "1c2f9a62-94c0-4281-848b-8ad8c651374a": {"case_id": "26a9c7c4-510f-4b0e-ac00-bf0bb563687c", "opinion_id": "28793721-a597-4e2d-91f8-5cd5f4a7a4d6", "paragraph_id": "0a027c85-201a-414b-836a-93fd78bcf4b2", "position": 2, "text": "Again, Section 207(o )(5) provides that “[a]n employee of a public agency” who has earned and “requested the use of such compensatory time, shall be permitted ... to use such time within a reasonable period after making the request if the use of the compensatory time does not unduly disrupt the operations of the public agency.”", "label": "potential value"}, "f707e790-1ddc-40e8-b891-cbc0e03798f7": {"case_id": "26a9c7c4-510f-4b0e-ac00-bf0bb563687c", "opinion_id": "28793721-a597-4e2d-91f8-5cd5f4a7a4d6", "paragraph_id": "066d23c0-a96b-4f76-bf45-071520a9d40a", "position": 0, "text": "The Fair Labor Standards Act (FLSA), 29 U.S.C.S. §§ 201-219, requires a public employer to allow an employee awarded compensatory time off in lieu of overtime pay “to use such time within a reasonable period after making [a] request if the use of the compensatory time does not unduly disrupt the operations of the public agency.”", "label": "potential value"}}