{"e9a0da6a-0d25-4493-8f89-76c075421df8": {"case_id": "17a8d06f-617e-4ace-b47b-6d68294faa77", "opinion_id": "92aef00e-21f8-4c1f-a841-b6525004a350", "paragraph_id": "603f3c4b-3d96-47ba-8ea5-55aafbf0d341", "position": 2, "text": "Thus, the schema of the protest was not the mechanical recordation of the additional exemptions in a note to his employers or by IRS personnel at a processing center.", "label": "potential value"}, "d670b7d1-14d7-43d3-84f8-fa22cd362664": {"case_id": "66deaa82-f060-47d6-bb87-207db5d3fefc", "opinion_id": "e66cd083-a732-475d-bd05-26ff79d71d79", "paragraph_id": "bf05da16-e52e-4487-9646-01932289ac6c", "position": 1, "text": "The definition of “documentary materials” specifically includes any “electronic or mechanical recordations.”", "label": "no value"}, "919722d9-aecf-48ca-9bf2-65fa07220e86": {"case_id": "ccd7b58a-61d0-4a25-8406-ee2ef6c5efd6", "opinion_id": "661602af-4bfd-4b5d-8531-21f87425d597", "paragraph_id": "e548599c-5577-41ca-a965-2a70398f75e0", "position": 5, "text": "For this reason, the use of the mechanical recordation test to decide whether worthlessness was recognized by the end of a fiscal year is inadequate.", "label": "potential value"}, "2fccca26-b0d9-42a5-abf0-f0159ee29f09": {"case_id": "d437014a-5a47-482c-b57c-157779129f96", "opinion_id": "a59f4279-f1b8-42d0-8154-ac94ddf396de", "paragraph_id": "4caff51f-7e82-40ef-968b-5b20c94e722e", "position": 1, "text": "This request calls for discovery of written or recorded statements and recordings of defendant’s [sic] conversations by any means of mechanical recordation or electronic surveillance, whether made before or after arrest and/or indictment and whether or not in response to interrogation.", "label": "certain value"}, "518c0b49-19dc-49df-886f-8e4c06caf981": {"case_id": "cf24a332-4ece-4f97-b034-9440da2eb8e0", "opinion_id": "306449b7-c2f8-45ab-bb64-5fe801c5047c", "paragraph_id": "7ecc966a-91a7-4b93-9dbf-ed72d48237c8", "position": 4, "text": "In this case, all conversations recorded were also monitored, so, as in Bynum, at 502 & n. 6, we need not reach the question whether the statute was intended to apply solely either to aural intrusion or mechanical recordation.", "label": "potential value"}, "9b1d87e1-c9bf-4d86-8421-d85c6c5696a0": {"case_id": "a77ac3fc-4e34-48b4-87d2-9c5f3241b35f", "opinion_id": "7ee996a1-b2c2-42e0-921b-f13268e54fef", "paragraph_id": "a6bffdc8-795a-4f08-8515-a7c0a4658440", "position": 0, "text": "In their cross-motion for further discovery, defendants clearly requested “any and all tape recordings or mechanical recordation of conversations had by [plaintiff] or by someone on his behalf with any of the following: a) a party to this action; b) a witness or potential witness; c) or any other person who was contacted by or on behalf of plaintiff in connection with this litigation.”", "label": "certain value"}, "3458b712-592c-47a5-803e-f0ee5d05c3d8": {"case_id": "96d98609-dc3c-4698-a75d-320c1b8f5f6b", "opinion_id": "e6e958dd-4905-4e42-b09a-d28ad40f91b6", "paragraph_id": "02525580-0edd-4467-a81e-6f29cfc36df8", "position": 3, "text": "In Suarez, the Fourth Circuit explained that the reliability of intercepted electronic communications is guaranteed in two ways: “mechanical recordation as received” and “relatively prompt sealing.”", "label": "potential value"}, "04b110cd-3148-441a-a4c5-84d8be00ed80": {"case_id": "96d98609-dc3c-4698-a75d-320c1b8f5f6b", "opinion_id": "e6e958dd-4905-4e42-b09a-d28ad40f91b6", "paragraph_id": "6fa4d6be-ed7e-45d6-8acc-0e8dc3dc586c", "position": 0, "text": "“[Section 2518(8)(a)]’s whole premise is that the evidentiary reliability of particular electronic communications can be ensured by two means: (1) their mechanical recordation as received, which ensures their original integrity; followed by (2) the relatively prompt sealing of the mechanical recordation.", "label": "potential value"}, "2db89ccf-8aab-4a9e-b66a-905a0414ddf7": {"case_id": "96d98609-dc3c-4698-a75d-320c1b8f5f6b", "opinion_id": "e6e958dd-4905-4e42-b09a-d28ad40f91b6", "paragraph_id": "6fa4d6be-ed7e-45d6-8acc-0e8dc3dc586c", "position": 2, "text": "That premise, hence the statute’s intended application, is completely undercut where simultaneous mechanical recordation is impossible, and human alteration made possible in the very act of manual “recordation.”", "label": "potential value"}, "13a5f268-6edc-4a9f-a531-da5cf39761b1": {"case_id": "3493a631-e317-49ef-bb9e-1b7dba521f22", "opinion_id": "2684788d-2bd5-43ff-84c7-76cf7a4cb1aa", "paragraph_id": "c2d52a52-144b-481d-8afa-7d0fd59ababe", "position": 2, "text": "The materials sought are no more than mechanical recordations of a public event which were ultimately disseminated, albeit in an edited form, to the general public as part of the networks’ respective news broadcasts.", "label": "certain value"}, "436fa7ef-f552-413f-a108-c63c4c342c22": {"case_id": "3493a631-e317-49ef-bb9e-1b7dba521f22", "opinion_id": "2684788d-2bd5-43ff-84c7-76cf7a4cb1aa", "paragraph_id": "77a82255-fb54-480c-afc8-561ff1e8c32d", "position": 5, "text": "All the materials sought to be produced in the instant case, by their very nature, do not involve any journalist’s mental impressions; the tapes are merely the end product of a technician’s mechanical recordation of the commissioners’ meeting.", "label": "certain value"}, "c2d9c17f-7ae7-447f-a6d6-665950931c9e": {"case_id": "b50695a8-367c-4f98-8f46-9b9785f1a0bc", "opinion_id": "d4563613-1ac8-4770-8708-4d8f8a02d0bb", "paragraph_id": "5df5b1b5-4ca6-4e2f-9031-6183959be2ce", "position": 0, "text": "16 .If some broader purpose of the legislation is being defeated by this construction, that stems from its failure to have prescribed a method for safeguarding the integrity and reliability of evidence of communications not subject to mechanical recordation simultaneously with their interception.", "label": "potential value"}, "d5e7bd48-3c37-4065-a42b-71a036116103": {"case_id": "b50695a8-367c-4f98-8f46-9b9785f1a0bc", "opinion_id": "d4563613-1ac8-4770-8708-4d8f8a02d0bb", "paragraph_id": "5df5b1b5-4ca6-4e2f-9031-6183959be2ce", "position": 1, "text": "As the statute is now drawn, it simply does not attempt to control by any requirement of simultaneous \"recordation” the use in evidence of communications not subject to mechanical recordation.", "label": "potential value"}, "5e80b6ce-3a02-4423-80c0-f47db4138ce8": {"case_id": "657e6eac-4f06-43ad-8932-987303980bdb", "opinion_id": "8e7e9af5-108b-4cbc-a6f7-94b76b837afa", "paragraph_id": "2b8fd32b-4066-4474-992c-18b495f76038", "position": 0, "text": "The more difficult question, however, is whether Plaintiffs are entitled to the presence of any third party at Mr. Holland’s physical examination, be it through a professional videographer or court reporter, or even through the mere mechanical recordation of the physical examination via an unattended videotape machine.", "label": "high value"}, "2fe489c7-124e-4da5-ac0c-34dd930e0035": {"case_id": "b3d2c6b7-748f-4484-85d6-8159b9a24eb6", "opinion_id": "eb4ec8e6-5804-4ec6-a92a-c3f09fb1211d", "paragraph_id": "7144e7c1-1aea-4c38-ae5f-60b5c8807b0c", "position": 1, "text": "We need not determine, however, whether the interception prohibited by the statute is aural intrusion or mechanical recordation.", "label": "potential value"}, "c639c124-a753-474f-938a-94959a5a60c3": {"case_id": "2fa8a6ca-7bcf-4bb0-acd8-a83d4d708755", "opinion_id": "8f7ec5d9-2e7c-41fb-b6cd-0864fbb37f9a", "paragraph_id": "f6a8446f-0dc1-44bf-b9fb-39f2c73808e8", "position": 0, "text": "But certain additional steps take place in the mechanical recordation of an order, including the filing of the order in a temporary minute binder, its stamping with a date of entry stamp, and its recordation on microfilm.", "label": "high value"}, "c5556bd0-30e5-4a19-9cb1-0a055e91564b": {"case_id": "93c96c2b-f651-4715-a76b-db9d7e524991", "opinion_id": "43263ab6-f3c8-481e-aa3d-b720bbdff87f", "paragraph_id": "6408b00e-984c-4244-8e65-e4b38b42b3d1", "position": 0, "text": "“But certain additional steps take place in the mechanical recordation of an order, including the filing of the order in a temporary minute binder, its stamping with a date of entry stamp, and its recordation on microfilm.”", "label": "high value"}, "0fdeba09-3d8e-4e65-ad4a-e79c25e2e7ab": {"case_id": "aa136131-9de1-49ca-a85a-891074375dfb", "opinion_id": "94ad7148-a7fe-4b32-94cc-d1da2863de3f", "paragraph_id": "194b4d1a-0d34-4851-b45f-9e4e21012bc7", "position": 1, "text": "We hold that in district court, where there are no official court reporters, a party seeking recordation of a hearing or trial must request a reporter or mechanical recordation.", "label": "potential value"}}