{"603f3c4b-3d96-47ba-8ea5-55aafbf0d341": {"case_id": "17a8d06f-617e-4ace-b47b-6d68294faa77", "opinion_id": "92aef00e-21f8-4c1f-a841-b6525004a350", "text": "Implicit in his act of protest was a calculated effort to deter governmental support of the Vietnam conflict. His letter accompanying the W-4 form seemed to be an effort to reduce available funds in the United States Treasury by fashioning a lesser tax obligation on the part of Malinowski, the taxpayer. Thus, the schema of the protest was not the mechanical recordation of the additional exemptions in a note to his employers or by IRS personnel at a processing center. Rather, Malinowski’s object was to reduce his personal tax obligation and thus diminish the total amount of funds available for governmental prosecution of the war. Another objective of the protest may be gleaned from his pretrial memorandum, note 2, supra, where he characterized the conduct of the war as criminal, that “a person who contributes financial support” thereto “is a criminal” and that he “could prevent [his] participation in the criminal venture only by altering the W-4 form,” “[sjince [his] income was subject to withholding.", "position": 59}, "bf05da16-e52e-4487-9646-01932289ac6c": {"case_id": "66deaa82-f060-47d6-bb87-207db5d3fefc", "opinion_id": "e66cd083-a732-475d-bd05-26ff79d71d79", "text": "Id. § 2201(2). The definition of “documentary materials” specifically includes any “electronic or mechanical recordations.” Id. § 2201(1). The legislative history explains that the scope of the term “Presidential records” “is very broad since a great number of what might ordinarily be construed as one’s private activities are, because of the nature of the presidency, considered to be of public nature, i.e., they effect the discharge of his official or ceremonial duties.” H.R. No. 95-1487, 95th Cong., 2d Sess. §§ 11-12 (1978), reprinted in 1978 U.S.C.C.A.N. 5732, 5742-43.", "position": 60}, "e548599c-5577-41ca-a965-2a70398f75e0": {"case_id": "ccd7b58a-61d0-4a25-8406-ee2ef6c5efd6", "opinion_id": "661602af-4bfd-4b5d-8531-21f87425d597", "text": "In Brandtjen & Kluge, Inc. v. Commissioner, supra, the court was reviewing a bad debt deduction from a post-year-end perspective to determine if any action had been taken to evidence the worthlessness (or continuing vitality) of a debt, “within the taxable year” under I.R.C. § 166(a)(2). Typically, the court is looking at the company’s actions as of the end of the fiscal year to see if a charge-off was made within the year. However, the question in this case is not whether the charge-off occurred “within the year.” That is not in dispute, and a post-year examination of Velvet’s books and records would indeed reflect this fact. The question, rather, is whether the worthlessness was determined at a particular point in time within that year. For this reason, the use of the mechanical recordation test to decide whether worthlessness was recognized by the end of a fiscal year is inadequate. Clearly, any entries intended to represent corporate activity during a fiscal year will appear as of the last day of that year. But we cannot infer from the absence of these entries before the end of the fiscal year that the state of facts which such mechanical entries represent do not exist. To do so in this case would completely ignore the substance of the board action in declaring Haberstroh’s debt worthless, and would apparently make its determination effective only upon entry in the books of the company.", "position": 29}, "4caff51f-7e82-40ef-968b-5b20c94e722e": {"case_id": "d437014a-5a47-482c-b57c-157779129f96", "opinion_id": "a59f4279-f1b8-42d0-8154-ac94ddf396de", "text": "Any relevant written or recorded statements or copies of statements made by the defendant, within the possession, custody, or control of the government, the existence of which is known, or by the exercise of due diligence may become known, to the attorney for the government. This request calls for discovery of written or recorded statements and recordings of defendant’s [sic] conversations by any means of mechanical recordation or electronic surveillance, whether made before or after arrest and/or indictment and whether or not in response to interrogation. The term “statement” is not limited to verbatim recordings and transcriptions, but also includes handwritten notes, interview memoranda, reports of investigation, and administrative pages.", "position": 20}, "7ecc966a-91a7-4b93-9dbf-ed72d48237c8": {"case_id": "cf24a332-4ece-4f97-b034-9440da2eb8e0", "opinion_id": "306449b7-c2f8-45ab-bb64-5fe801c5047c", "text": "9 . Section 2510(4) defines “intercept” to mean “the aural acquisition of the contents of any wire or oral communication through the use of any electronic, mechanical or other device.” Section 2518(8) (a) requires that “[t]he contents of any wire or oral communication intercepted . . . shall, if possible, be recorded on tape or wire or other comparable device.” The recordings in turn must be kept under seal until authorized to be opened by court order. In this case, all conversations recorded were also monitored, so, as in Bynum, at 502 & n. 6, we need not reach the question whether the statute was intended to apply solely either to aural intrusion or mechanical recordation. Indeed, were all the calls not recorded, ingenious counsel might be claiming that exculpatory conversations or conversations that would place seemingly inculpatory conversations in context were omitted and Brady v. Maryland would be invoked. We also see no reason why, upon proper application by affected parties, subject to order of the court to which returns on the authorizing warrants were made, so-called “non-pertinent” calls could not be erased from the tapes.", "position": 71}, "a6bffdc8-795a-4f08-8515-a7c0a4658440": {"case_id": "a77ac3fc-4e34-48b4-87d2-9c5f3241b35f", "opinion_id": "7ee996a1-b2c2-42e0-921b-f13268e54fef", "text": "In their cross-motion for further discovery, defendants clearly requested “any and all tape recordings or mechanical recordation of conversations had by [plaintiff] or by someone on his behalf with any of the following: a) a party to this action; b) a witness or potential witness; c) or any other person who was contacted by or on behalf of plaintiff in connection with this litigation.” My June 3,1987 Order granted that request. Based on that Order, defendants requested and received a list of all tape recordings made by plaintiff that address this case. The list indicated that conversations with fifteen individuals were still extant.", "position": 29}, "02525580-0edd-4467-a81e-6f29cfc36df8": {"case_id": "96d98609-dc3c-4698-a75d-320c1b8f5f6b", "opinion_id": "e6e958dd-4905-4e42-b09a-d28ad40f91b6", "text": "We have not yet considered whether the method of recording at issue in this case — by handwritten transcription in a log book — satisfies the recording requirement of § 2518(8)(a). The Fourth and the Ninth Circuits, however, have determined that it does not. See United States v. Suarez, 906 F.2d 977, 983 (4th Cir.1990) (“[Transcribing by hand in a log book the images appearing on a display pager is not recording on a comparable device within the meaning of [§ 2518(8)(a)].”); United States v. Hermanek, 289 F.3d 1076, 1089 (9th Cir.2002) (citing Suarez and holding the same). In Suarez, the Fourth Circuit explained that the reliability of intercepted electronic communications is guaranteed in two ways: “mechanical recordation as received” and “relatively prompt sealing.” Suarez, 906 F.2d at 983-84. The “mechanical” means of recording required by the statute “minimize human involvement and limit the opportunity for intentional alteration and human error.” Hermanek, 289 F.3d at 1089. These protections, inherent in mechanical recordings, safeguard the integrity of the records and cannot be replaced by handwritten logs. Based on that same rationale, we join the Fourth and Ninth Circuits in holding that the handwritten transcription in a log book of images appearing on a display pager is not sufficient to meet the recording requirement of § 2518(8)(a).", "position": 24}, "6fa4d6be-ed7e-45d6-8acc-0e8dc3dc586c": {"case_id": "96d98609-dc3c-4698-a75d-320c1b8f5f6b", "opinion_id": "e6e958dd-4905-4e42-b09a-d28ad40f91b6", "text": "“[Section 2518(8)(a)]’s whole premise is that the evidentiary reliability of particular electronic communications can be ensured by two means: (1) their mechanical recordation as received, which ensures their original integrity; followed by (2) the relatively prompt sealing of the mechanical recordation. In this way, the opportunity for human alterations is completely avoided at the point of interception and minimized thereafter. That premise, hence the statute’s intended application, is completely undercut where simultaneous mechanical recordation is impossible, and human alteration made possible in the very act of manual “recordation.” The complete futility of any sealing requirement ... is the best indication that the statute imposes none.”", "position": 28}, "c2d52a52-144b-481d-8afa-7d0fd59ababe": {"case_id": "3493a631-e317-49ef-bb9e-1b7dba521f22", "opinion_id": "2684788d-2bd5-43ff-84c7-76cf7a4cb1aa", "text": "The Court finds no First Amendment issue involved in the present dispute. Neither reporters’ notes, mental impressions or confidential sources are sought to be discovered. The materials sought are no more than mechanical recordations of a public event which were ultimately disseminated, albeit in an edited form, to the general public as part of the networks’ respective news broadcasts.", "position": 8}, "77a82255-fb54-480c-afc8-561ff1e8c32d": {"case_id": "3493a631-e317-49ef-bb9e-1b7dba521f22", "opinion_id": "2684788d-2bd5-43ff-84c7-76cf7a4cb1aa", "text": "In response to the motion to compel, the networks argue that the subpoenas duces tecum seek production of all tapes, etc., whether broadcast or not, and that the First Amendment privilege is not limited to protection of confidential sources, but is also designed to protect the entire editorial process. In support of their position, the networks rely on Loadholtz v. Fields, 389 F.Supp. 1299, 1303 (M.D.Fla.1975), which holds that “[t]he compelled production of a reporter’s resource materials is equally as invidious as the compelled disclosure of his confidential informants.” The networks’ reliance on Loadholtz is misplaced. In Loadholtz, the plaintiff sought the compelled production of certain unpublished documents which necessarily included documents developed by a newspaper reporter in the course of his preparing an article for publication. In this instance, neither a reporter’s resource material nor disclosure of confidential informants is sought. All the materials sought to be produced in the instant case, by their very nature, do not involve any journalist’s mental impressions; the tapes are merely the end product of a technician’s mechanical recordation of the commissioners’ meeting. Therefore, the Court finds that the compelled production of all of the materials sought by the subpoenas duces tecum will have no effect upon the newsgathering and editorial process protected by the First Amendment.", "position": 9}, "5df5b1b5-4ca6-4e2f-9031-6183959be2ce": {"case_id": "b50695a8-367c-4f98-8f46-9b9785f1a0bc", "opinion_id": "d4563613-1ac8-4770-8708-4d8f8a02d0bb", "text": "16 .If some broader purpose of the legislation is being defeated by this construction, that stems from its failure to have prescribed a method for safeguarding the integrity and reliability of evidence of communications not subject to mechanical recordation simultaneously with their interception. As the statute is now drawn, it simply does not attempt to control by any requirement of simultaneous \"recordation” the use in evidence of communications not subject to mechanical recordation. Protection against any risks of unreliability in such evidence must be found in other parts of the overall statutory scheme and in traditional techniques of advocacy-", "position": 74}, "2b8fd32b-4066-4474-992c-18b495f76038": {"case_id": "657e6eac-4f06-43ad-8932-987303980bdb", "opinion_id": "8e7e9af5-108b-4cbc-a6f7-94b76b837afa", "text": "The more difficult question, however, is whether Plaintiffs are entitled to the presence of any third party at Mr. Holland’s physical examination, be it through a professional videographer or court reporter, or even through the mere mechanical recordation of the physical examination via an unattended videotape machine. Some federal courts have permitted a third party’s presence in exceptional circumstances. See, e.g., Di Bari v. Incaica Cia Armadora, S.A., 126 F.R.D. 12 (E.D.N.Y.1989) (stenographer allowed at psychiatric examination when it appeared that plaintiff, who was not fluent in English, would have difficulty communicating with his attorney); Zabkowicz v. West Bend Co., 585 F.Supp. 635 (E.D.Wis.1984) (recording device allowed in the event psychiatric examination transformed into “de facto deposition”).", "position": 13}, "7144e7c1-1aea-4c38-ae5f-60b5c8807b0c": {"case_id": "b3d2c6b7-748f-4484-85d6-8159b9a24eb6", "opinion_id": "eb4ec8e6-5804-4ec6-a92a-c3f09fb1211d", "text": "The Government’s contention in response, that although all conversations were recorded only 90% of them were in fact monitored by the agents, is not persuasive. We need not determine, however, whether the interception prohibited by the statute is aural intrusion or mechanical recordation.", "position": 51}, "f6a8446f-0dc1-44bf-b9fb-39f2c73808e8": {"case_id": "2fa8a6ca-7bcf-4bb0-acd8-a83d4d708755", "opinion_id": "8f7ec5d9-2e7c-41fb-b6cd-0864fbb37f9a", "text": "But certain additional steps take place in the mechanical recordation of an order, including the filing of the order in a temporary minute binder, its stamping with a date of entry stamp, and its recordation on microfilm. Is any of these additional steps critical to the process of entering an order in the permanent minutes of the court so that without its performance the order cannot be deemed effective? Does performance of the essentials of entry amount to substantial compliance with the requirements of the statute, even though one or more additional steps in the process have not been taken? Is a failure to timely perform one or more of these additional steps correctible by the court as clerical error? We turn to a consideration of the effect to be given substantial compliance with a procedural statute.", "position": 26}, "6408b00e-984c-4244-8e65-e4b38b42b3d1": {"case_id": "93c96c2b-f651-4715-a76b-db9d7e524991", "opinion_id": "43263ab6-f3c8-481e-aa3d-b720bbdff87f", "text": "“But certain additional steps take place in the mechanical recordation of an order, including the filing of the order in a temporary minute binder, its stamping with a date of entry stamp, and its recordation on microfilm.” (Italics added.)", "position": 21}, "194b4d1a-0d34-4851-b45f-9e4e21012bc7": {"case_id": "aa136131-9de1-49ca-a85a-891074375dfb", "opinion_id": "94ad7148-a7fe-4b32-94cc-d1da2863de3f", "text": "N.C.R. App. R 10(b)(1) (1997). We hold that in district court, where there are no official court reporters, a party seeking recordation of a hearing or trial must request a reporter or mechanical recordation. If the party makes no request, then Rule 10(b)(1) prevents the issue from being raised on appeal. Therefore, we decline to address any of plaintiffs arguments as to recordation, finding she did not properly preserve the issue for appeal.", "position": 8}}