{"57af6fc1-0769-4cbd-a020-0f4cdcf65e63": {"case_id": "8dddbf44-c214-4c21-a8b3-42bfd6e47a8f", "opinion_id": "7138fd79-22a7-46c0-98cf-fcf77eb93295", "paragraph_id": "4953fa1c-89a6-47a3-b87f-8959fcf32d47", "position": 0, "text": "Section 722 allows an individual debt- or to redeem certain tangible personal property from liens securing dischargeable consumer debts if the property is exempted under section 522 or has been abandoned under section 554, by paying the lienholder the amount of the allowed claim secured by the lien.", "label": "no value"}, "b0a90821-d18a-4f10-9ac8-9c1dd500cf90": {"case_id": "f31ba6c4-df08-4078-898f-e11fb49430d2", "opinion_id": "bc62f8f8-40e0-49b8-acfd-dfb9c7965e6a", "paragraph_id": "7f3fe43f-6855-4575-b83e-4a54992c806e", "position": 0, "text": "“An individual debtor may, whether or not the debtor has waived the right to redeem under this section, redeem tangible personal property intended primarily for personal, family, or household use, from a lien securing a dischargeable consumer debt, if such property is exempted under section 522 of this title or has been abandoned under section 554 of this title, by paying the holder of such lien the amount of the allowed secured claim of such holder that is secured by such lien.”", "label": "no value"}, "98c7735a-33d5-41f7-84a2-0a5e2da6bc2e": {"case_id": "9503ef61-68a6-449b-97fc-a5b807d8d08b", "opinion_id": "729f577a-4b05-4e8b-8737-0c6b68ea2fcf", "paragraph_id": "dcad00fb-8ad0-44d5-9ef4-9d43912506e2", "position": 0, "text": "Section 722 of the Code, Title 11, U.S.C., permits the debtor to redeem “tangible personal property intended primarily for personal, family or household use, from a lien securing a dischargeable consumer debt ... by paying the holder of such lien the amount of the allowed secured claim of such holder that is secured by such lien.”", "label": "no value"}, "ac8f495f-34f1-41bf-8927-37590f881e73": {"case_id": "342691c6-aa86-4365-ac34-691cbda19270", "opinion_id": "d4d85cae-501b-4975-a8a8-6986f99c9635", "paragraph_id": "38c7a11c-5611-4c2c-88e0-a7fa48715c19", "position": 0, "text": "An individual debtor may, whether or not the debtor has waived the right to redeem under this section, redeem tangible personal property intended primarily for personal, family, or household use, from a lien securing a dischargeable consumer debt, if such property is exempted under section 522 of this title or has been abandoned under section 554 of this title, by paying the holder of such lien the amount of the allowed secured claim of such holder that is secured by such lien.", "label": "no value"}, "274b1503-523e-4a3a-879d-3c35d897e883": {"case_id": "3163f18a-2e0b-4644-b014-68d6f137d8b8", "opinion_id": "bc074f37-6def-472c-bcae-290cc1f8dcd0", "paragraph_id": "a27e4ce5-8dd8-4422-877b-da92386c2b6a", "position": 0, "text": "An individual debtor may, whether or not the debtor has waived the right to redeem under this section, redeem tangible personal property intended primarily for personal, family or household use, from a lien securing a dischargeable consumer debt, if such property is exempted under section 522 of this title or has been abandoned under section 554 of this title, by paying the holder of such lien the amount of the allowed secured claim of such holder that is secured by such lien.", "label": "no value"}, "b689a6d7-7251-4180-ac8c-ed731dd7a225": {"case_id": "36daa82b-d093-4b9a-97b4-fe6f0cea29a5", "opinion_id": "44c3e04a-9fe2-44f7-85d9-54b3eaedcfc6", "paragraph_id": "582ab4be-b706-47a4-a8f4-fab2c774cde3", "position": 0, "text": "Section 722 gives debtors the right to redeem certain tangible personal property from liens securing dischargeable consumer debts if the property is exempt under Section 522 or has been abandoned under Section 554, by paying the holder of the lien the amount of the allowed secured claim.", "label": "no value"}, "098ee0f1-d0db-47bd-9b39-4499d38b89b0": {"case_id": "727941ae-1880-4ae7-828d-659b8df79ed9", "opinion_id": "7fbaee5b-4527-4026-80b6-5d24c13cf52b", "paragraph_id": "f1e64d12-ba27-4331-94ad-65ea753a34d0", "position": 0, "text": "An individual debtor may, whether or not the debtor has waived the rights to redeem under this section, redeem tangible personal property intended primarily for personal, family, or household use, from a lien securing a dischargeable consumer debt, if such property is exempted under section 522 of this title or has been abandoned under section 544 of this title, by paying the holder of such lien the amount of the allowed secured claim of such holder that is secured by such lien.", "label": "no value"}, "3f63482a-c65b-4a40-94cd-975f8b93fdca": {"case_id": "d5efb965-6651-4b77-9203-4f0438fffdf6", "opinion_id": "1af8d014-4057-4105-9ad3-3f3538f238e7", "paragraph_id": "a0f53583-8d06-410a-b9b7-112a571e1299", "position": 1, "text": "The chapter 7 individual debtor may, under § 722,\n17\nredeem from a lien securing a dischargeable consumer debt, exempt, “tangible personal property intended primarily for personal, family, or household use ... by paying the holder of such lien the amount of the allowed secured claim ... .”", "label": "no value"}, "2b438033-5ec0-4266-a3bc-6304cb498ca8": {"case_id": "aa4dcdba-ae44-47c9-b59b-e70740ee704d", "opinion_id": "40a95153-e42a-40ae-83a3-8f8526f5d036", "paragraph_id": "7a5a104f-0116-44e3-bcfc-2279c1ebd60e", "position": 0, "text": "An individual debtor may, whether or not the debtor has waived the right to redeem under this section, redeem tangible personal property intended primarily for personal, family, or household use, from a lien securing a dischargeable consumer debt, if such property is exempted under section 522 of this title or has been abandoned under section 554 of this title, by paying the holder of such lien the amount of the allowed secured claim of such holder that is secured by such lien.", "label": "no value"}, "193018e6-164e-4c80-a1ab-601056938a49": {"case_id": "d06bb355-d91e-4fca-86bb-b1a063fcdaba", "opinion_id": "c000c7ba-5a25-4f11-8fdf-993fb6db1470", "paragraph_id": "dbf2e087-142a-4f04-8fe7-4f8b80b57f7c", "position": 0, "text": "An individual debtor may, whether or not the debtor has waived the right to redeem under this section, redeem tangible personal property intended primarily for personal, family, or household use, from a lien securing a dischargeable consumer debt, if such property is exempted under section 522 of this title or has been abandoned under section 554 of this title, by paying the holder of such lien the amount of the allowed secured claim of such holder that is secured by such lien.", "label": "no value"}, "d7495f94-b803-41f9-9360-c408aff959fa": {"case_id": "03bb74bf-8734-42b1-ac26-038ae76056a9", "opinion_id": "c66c65af-1f7c-4a14-9046-585cb0e4d7cd", "paragraph_id": "dd86a97b-b9fd-44c1-8b84-05248d14f039", "position": 0, "text": "Like other rights afforded to a debtor, the right of redemption is subject to certain limitations, three of which are explicitly set forth in § 722:(1) the debtor must be an individual; (2) the goods to be redeemed must be tangible consumer goods securing a dischargeable consumer debt; and (3) the property must either be claimed as exempt or have been abandoned by the trustee.", "label": "potential value"}, "f4322629-6bc4-4bc7-a292-5f5178db3b66": {"case_id": "83ac5ad5-f7bb-4cc4-8291-dce617090d6e", "opinion_id": "c50eed8c-be5b-49be-8f23-18db507f2aae", "paragraph_id": "7004d5d5-c8cb-4ce2-bf5c-0bcca4d60a29", "position": 1, "text": "If Tanner and its progeny are correct, then § 722 would be effectively written out of the Bankruptcy Code. Section 722 provides that a debtor may “... redeem tangible personal property intended primarily for personal, family, or household use, from a lien securing a dischargeable consumer debt, if such property is exempted under § 522 of this title or has been abandoned under § 554 of this title, by paying the holder of such lien the amount of the allowed secured claim of such holder that is secured by such lien.”", "label": "potential value"}, "02a5189f-4889-4dc3-adf8-7d0760eb92f8": {"case_id": "681b0414-aeaf-4416-9a80-ffc0df7bf485", "opinion_id": "390f9111-8643-492e-9f97-4e60fb82e3e7", "paragraph_id": "e035f183-791b-4950-8924-dcaf58d39440", "position": 1, "text": "Additionally, the debtor has moved the Court pursuant to § 722 of the Code, to redeem personal property from a lien securing a dischargeable consumer debt.", "label": "potential value"}, "4f3c1969-6bf1-420f-9b05-31f62cf76947": {"case_id": "bfdb636d-7f86-437b-89aa-11a15724381f", "opinion_id": "e8728c3e-5aac-47b8-9d0e-579bcf04c1f4", "paragraph_id": "26302ae6-3310-4c56-b233-3a399f6269c2", "position": 3, "text": "They also acknowledge that the indebtedness held by Bencharge is a dischargeable consumer debt.", "label": "certain value"}, "de59c88d-bf7e-4540-85ea-af3d128413b5": {"case_id": "04e9e321-540c-4029-a694-58e885f2c424", "opinion_id": "808a784a-205f-47c0-9014-22dba83fc37f", "paragraph_id": "1fccba7b-ca07-4afd-a162-c7e7621ff113", "position": 0, "text": "An individual debtor may ... redeem tangible personal property intended primarily for personal, family, or household use, from a lien securing a dischargeable consumer debt, if such property is exempted under section 522 of this title or has been abandoned under section 554 of this title, by paying the holder of such lien the amount of the allowed secured claim of such holder that is secured by such lien.", "label": "no value"}, "c90f6220-24c3-4264-8bd2-e60c873390d7": {"case_id": "5ceef0bc-f2e4-4992-856c-0b9ad0d1d7ae", "opinion_id": "49ddda3d-fdb6-41e2-a4aa-8fdbb65760b8", "paragraph_id": "7bf9b461-4184-4fed-9873-e7dc7a582fca", "position": 0, "text": "Although the Debtor’s motion is styled as a motion to redeem the vehicle, the Court finds that the circumstances presented do not fit comfortably within the purview of § 722, which provides a debt- or’s right to redeem personal property from a Chapter 7 estate, stating that a debtor may “redeem tangible personal property intended primarily for personal, family, or household use, from a lien securing a dischargeable consumer debt, if such property is exempted... or has been abandoned... by paying the holder of such lien the amount of the allowed secured claim_”", "label": "potential value"}, "208d0022-d4ce-4071-9cf3-2271fa4a915d": {"case_id": "f1b10bd7-dbf4-4694-b47c-ea50d79539e3", "opinion_id": "87148308-399f-4f5e-841f-c64b923b99c4", "paragraph_id": "743d4d09-0b7b-4c2c-b3a7-342281fc6405", "position": 0, "text": "11 U.S.C. § 722 allows a debtor to “... redeem tangible personal property intended primarily for personal, family, or household use, from a lien securing a dischargeable consumer debt, if such property is exempted under section 522 of this title or has been abandoned under section 554 of this title, by paying the holder of such lien the amount of the allowed secured claim of such holder that is secured by such lien.”", "label": "no value"}, "fdc61b3a-d465-469c-8481-323be397de0a": {"case_id": "bf640420-17ae-4554-8d18-34786ed2553d", "opinion_id": "8b2f7807-0f52-4b2c-b2d8-ae229112caba", "paragraph_id": "455378aa-5c7f-446d-bca4-0e4d4aed05e5", "position": 1, "text": "Where the real estate securing a dischargeable consumer debt has a value less than the amount of the debt sought to be reaffirmed,’must reaffirmation of the unsecured portion of the debt be approved by the court pursuant to Section 524(d)(2) to meet the prerequisite to enforceability of Section 524(c)(4)?", "label": "potential value"}, "3bceecc2-1416-44a7-a900-b835cd0fb69e": {"case_id": "057e4577-c0a8-4935-8043-1a4f2a2de708", "opinion_id": "7a50df0d-7566-4406-b0af-adbba434b7a1", "paragraph_id": "f9f845c9-6cc2-4db3-bd52-5acf7c8df3d9", "position": 0, "text": "An individual debtor may, whether or not the debtor has waived the right to redeem under this section, redeem tangible personal property intended primarily for personal, family, or household use, from a lien securing a dischargeable consumer debt, if such property is exempted under section 522 of this title or has been abandoned under section 554 of this title, by paying the holder of such lien the amount of the allowed secured claim of such holder that is secured by such lien.", "label": "no value"}, "e15ec2b1-eaa6-4751-9dc9-648c43db8db0": {"case_id": "b5e15e50-fa37-4899-91ae-c76c33e3bbe3", "opinion_id": "d5632a27-46ac-4369-8361-4a44d1301d08", "paragraph_id": "17d7d0ae-9c08-4680-aa92-f2a5657472ce", "position": 1, "text": "A debtor be allowed to redeem collateral securing a dischargeable consumer debt by paying its appraised value if less than the amount of its debt.", "label": "certain value"}, "4ee86000-f8f6-4469-82ec-e887a0c63def": {"case_id": "b5e15e50-fa37-4899-91ae-c76c33e3bbe3", "opinion_id": "d5632a27-46ac-4369-8361-4a44d1301d08", "paragraph_id": "39e20c47-dd61-4a3b-ad2f-813589d35f78", "position": 0, "text": "“To further the rehabilitative goal of the discharge, the Commission recommends that an individual debtor be allowed to redeem property abandoned to or set aside to the debtor as exempt, which secures a dischargeable consumer debt, on payment of the fair market value of the property or the amount of the debt, if less.”", "label": "potential value"}, "c96ea477-c5aa-4330-823c-61e729a308a4": {"case_id": "93fcfd98-97ce-4356-8bf3-6edb604404de", "opinion_id": "d51f9717-a649-4ff2-8f90-042581ceacaf", "paragraph_id": "9ab517d6-ac97-40b2-8a02-0968a6c652c4", "position": 2, "text": "Section 4-504(b) permits the enforcement of an agreement which in effect enables the debtor to purchase collateral securing a dischargeable consumer debt.", "label": "certain value"}, "632494c9-e480-4629-873b-fc21cc009eb5": {"case_id": "93fcfd98-97ce-4356-8bf3-6edb604404de", "opinion_id": "d51f9717-a649-4ff2-8f90-042581ceacaf", "paragraph_id": "a0ba6e64-e6bc-4f42-81fe-550cc5f2f60a", "position": 1, "text": "It authorizes an individual debtor to redeem tangible personal property intended primarily for personal, family, or household use, from a lien securing a dischargeable consumer debt.", "label": "no value"}, "4014c6fc-8f23-4f58-a1c4-9d0abe9ea25d": {"case_id": "bce489a3-81b4-4e10-9fbc-6e859aa8dda0", "opinion_id": "1396dea3-2e2e-4f41-a3a8-95420e91eb68", "paragraph_id": "58275145-74bb-44f5-a515-50858d153d57", "position": 0, "text": "It should be pointed out that 11 U.S.C. § 722 allows a debtor to redeem his tangible personal property from a lien securing a dischargeable consumer debt.", "label": "no value"}, "cc16a2ab-5a14-46a0-9b77-0edbdbdee3ab": {"case_id": "4fa6dde4-6bfb-4d7a-8aef-8d7de5cae60a", "opinion_id": "68175518-d2dc-48a9-9d67-42dbf919f54a", "paragraph_id": "7ff87e89-8abc-4bb2-b46a-dc45470ec627", "position": 0, "text": "An individual debtor may, whether or not the debtor has waived the right to redeem under this section, redeem tangible personal property intended primarily for personal, family, or household use, from a lien securing a dischargeable consumer debt, if such property is exempted under Section 522 of this title, by paying the holder of such lien the amount of the allowed secured claim of such holder that is secured by such lien.", "label": "no value"}, "bcd4f4aa-cb8d-448e-8734-9051c08e69a6": {"case_id": "8d404f04-3af1-4c46-8215-d11a30091857", "opinion_id": "afe71156-996e-4e46-92a0-e2f579f2162d", "paragraph_id": "00135f4b-8fc2-4d23-a911-e2506fbb976d", "position": 0, "text": "1 .11 U.S.C. § 722 allows a debtor to:\nredeem tangible personal property intended primarily for personal, family or household use, from a lien securing a dischargeable consumer debt, if such property is exempted under Section 522 of this title or has been abandoned under Section 554 of this title, by paying the holder of such lien the amount of the allowed secured claim of such holder that is secured by such lien.", "label": "no value"}, "70a1a838-9924-4917-9139-641e47632a5c": {"case_id": "11090462-9fd9-4dd7-bdd9-d03e2bcbcad6", "opinion_id": "9fa666df-cf7d-47cf-b6ec-225cff9da202", "paragraph_id": "6d591a28-4228-4cd2-a2b8-8d6e5b928b22", "position": 0, "text": "Congress recognizing, however, that certain property subject to a lien may be essential or at least worth more to the debtor than anyone else provided in § 722 that an individual debtor in a liquidation case may redeem tangible personal property intended primarily for personal, family or household use from a lien securing a dischargeable consumer debt, if that property is exempted under § 522, by paying the holder of such lien the amount of the allowed secured claim.", "label": "potential value"}, "f5734f34-b0bb-4eb4-b47a-cbd6e4daef43": {"case_id": "fb179e5d-eaa0-47f4-85cd-f1195a34f67b", "opinion_id": "f8ca2bb3-5271-4651-a5d5-ceb33ff2cc6f", "paragraph_id": "313ed770-c0ae-4acd-93a5-7e2b8c1f628e", "position": 1, "text": "An individual debtor may, whether or not the debtor has waived the right to redeem under this section, redeem tangible personal property intended primarily for personal, family, or household use, from a lien securing a dischargeable consumer debt, if such property is exempted under section 522 of this title or has been abandoned under section 554 of this title, by paying the holder of such lien the amount of the allowed secured claim of such holder that is secured by such lien.", "label": "no value"}, "781ed679-0a7a-4280-9a38-9a78b2f97cd6": {"case_id": "82c420b2-c71d-4c26-bf51-ea4a493dfcf7", "opinion_id": "16484029-05e2-40dd-b25a-5e834118136d", "paragraph_id": "b8a9be0a-dc96-4a75-9077-5aebb57bb1cb", "position": 2, "text": "Furthermore, the Beneficial obligation is a dischargeable consumer debt.", "label": "high value"}, "624d88dd-8703-48cd-ad62-9c67fa67f056": {"case_id": "82c420b2-c71d-4c26-bf51-ea4a493dfcf7", "opinion_id": "16484029-05e2-40dd-b25a-5e834118136d", "paragraph_id": "b8a9be0a-dc96-4a75-9077-5aebb57bb1cb", "position": 3, "text": "These requirements having been met, Section 722 provides that the Debtor can redeem the property from a lien securing the dischargeable consumer debt by paying the holder the amount of its allowed secured claim.", "label": "potential value"}, "c1b74b7f-6d63-4d6f-af3d-f9d6e7cb5b2a": {"case_id": "82c420b2-c71d-4c26-bf51-ea4a493dfcf7", "opinion_id": "16484029-05e2-40dd-b25a-5e834118136d", "paragraph_id": "de7f3b09-19ae-4fd6-a70d-e8b9adddc6d1", "position": 0, "text": "An individual debtor may, whether or not the debtor has waived the right to redeem under this section, redeem tangible personal property intended primarily for personal, family, or household use, from a lien securing a dischargeable consumer debt, if such property is exempted under section 522 of this title or has been abandoned under section 554 of this title, by paying the holder of such lien the amount of the allowed secured claim of such holder that is secured by such lien.", "label": "no value"}, "35ba9109-0d94-4d80-a3cf-e45ab6ebe45f": {"case_id": "9a951fb7-f301-4c4b-beec-fa7c09525750", "opinion_id": "51cf11a0-c9e6-4a38-9308-ba9cc36420d4", "paragraph_id": "1e18a040-7719-4366-9d22-fd1705ab60b4", "position": 5, "text": "In turn, the debtor filed a counterclaim against the creditor seeking to recover attorneys fees claiming that the debt is a dischargeable consumer debt under 11 U.S.C. § 523(d).", "label": "potential value"}, "449c8f9f-f779-46ab-8c5a-f889eebbd69d": {"case_id": "6baebf62-3dbc-425f-bccb-af1e3f734197", "opinion_id": "8b319203-a3c7-4c85-a45f-61d69c1af967", "paragraph_id": "65336394-1b85-40c8-b1bf-8a196bd3ed67", "position": 0, "text": "An individual debtor may ... redeem tangible personal properly intended primarily for personal, family, or household use, from a lien securing a dischargeable consumer debt, if such property is exempted under section 522 of this title, ... by paying the holder of such lien the amount of the allowed secured claim of such holder that is secured by such lien.", "label": "no value"}, "e95344d5-9153-4756-817e-d56258ef5a9e": {"case_id": "6002a50c-d2de-487e-bc58-0de0a35618c8", "opinion_id": "2e1a4a20-b0f0-4038-8f1d-1720064f67d9", "paragraph_id": "ae6f3e4b-b34e-42b2-96af-90658deba113", "position": 0, "text": "An individual debtor may, whether or not the debtor has waived the right to redeem under this section, redeem tangible personal property intended primarily for personal, family, or household use, from a lien securing a dischargeable consumer debt, if such property is exempted under section 522 of this title or has been abandoned under section 554 of this title, by paying the holder of such lien the amount of the allowed secured claim of such holder that is secured by such lien.", "label": "no value"}, "37f75cc8-3c01-4314-880b-0e17ae3d157f": {"case_id": "3ca3e8e1-fb7e-401c-a2dd-e60b114eddda", "opinion_id": "7e6045bb-cb85-4454-9eb5-198e31b65726", "paragraph_id": "022b2199-2168-4aaa-8f1e-9e5ef2bbaa15", "position": 0, "text": "An individual debtor may, whether or not the debtor has waived the right to redeem under this section, redeem tangible personal property intended primarily for personal, family, or household use, from a lien securing a dischargeable consumer debt, if such property is exempted under section 522 of this title or has been abandoned under section 554 of this title, by paying the holder of such lien the amount of the allowed secured claim of such holder that is secured by such lien.", "label": "no value"}, "301ad613-f486-43ff-80b6-3b25dc7653f3": {"case_id": "3ca3e8e1-fb7e-401c-a2dd-e60b114eddda", "opinion_id": "7e6045bb-cb85-4454-9eb5-198e31b65726", "paragraph_id": "a0cf0dc7-c4eb-46b0-b44f-c190a6a8dcff", "position": 0, "text": "It is apparent from the statute that the elements for redemption are: (1) tangible personal property; (2) intended for personal, family or household use; (3) covering a dischargeable consumer debt; and (4) the property is exempt or has been abandoned.", "label": "no value"}, "5b4824a3-f17a-4d2c-9db7-b502911897a3": {"case_id": "b8b5c296-3177-428b-93b9-bea1c9f05339", "opinion_id": "7abb8372-ae1a-40be-9fa8-19b0e00ba959", "paragraph_id": "f6987461-7b61-47a5-9140-63b065a5a2dd", "position": 1, "text": "Defendants are individuals using this property which secures a dischargeable consumer debt for personal, family or household use.", "label": "certain value"}, "66d69697-2112-4b99-b40b-bbba0fbb3f51": {"case_id": "9f1b487b-d4ed-44af-ba4a-8178b06fe4c4", "opinion_id": "58306790-eb80-4754-b0bc-787e40fef427", "paragraph_id": "813842a1-4b75-4567-a414-cf987f25e0f2", "position": 1, "text": ". . redeem tangible personal property intended primarily for personal, family, or household use, from a lien securing a dischargeable consumer debt, if such property is exempted under section 522 of this title ... by paying the holder of such lien the amount of the allowed secured claim of such holder that is secured by such lien.”", "label": "no value"}, "b243a5cf-280f-4488-bede-217a80ec87fe": {"case_id": "e73ccbc1-7d0c-4c9d-8fe5-c23a83f0334e", "opinion_id": "33fd779c-cc47-4a9f-99b0-c7677b4e099c", "paragraph_id": "f1563096-63c8-452e-9c8f-7587cb3fd931", "position": 0, "text": "An individual debtor may, whether or not the debtor has waived the right to redeem under this section, redeem tangible personal property intended primarily for personal, family, or household use, from a lien securing a dischargeable consumer debt, if such property is exempted under section 522 of this title or has been abandoned under section 554 of this title, by paying the holder of such lien the amount of the allowed secured claim of such holder that is secured by such lien.", "label": "no value"}, "dded750f-0830-4359-9bef-cb7a12310c9e": {"case_id": "5ec21e61-9a27-45f7-8b41-3d418c064895", "opinion_id": "e90064b5-eb22-487a-b479-4636b07945d1", "paragraph_id": "44c4c59c-4ef0-41be-a302-3d349bdf34ae", "position": 0, "text": "1. § 722 applies only to redemption from liens securing dischargeable consumer debts and creditors have until 60 days after the first date set for a § 341 meeting to file complaints to determine such dis-chargeability.", "label": "certain value"}, "a0e1903b-2e26-4dc4-a6a8-f8d04c0d3f57": {"case_id": "cd04415c-025b-4862-a755-a76b07122f02", "opinion_id": "ea3dc118-986f-4f37-920e-234fdbfd66a2", "paragraph_id": "a5da6975-7d2c-4715-86da-7702eeb7627f", "position": 0, "text": "An individual debtor may, whether or not the debtor has waived the right to redeem under this section, redeem tangible personal property intended primarily for personal, family, or household use, from a lien securing a dischargeable consumer debt, if such property is exempted under section 522 of this title or has been abandoned under section 554 of this title, by paying the holder of such lien the amount of the allowed secured claim of such holder that is secured by such lien.", "label": "no value"}, "4e5f673f-4f0d-4220-8986-2aec28b14086": {"case_id": "1e92c9c3-13d5-439d-98a9-b207067197ba", "opinion_id": "2f34df3f-bcc7-45dc-a88c-af4b4a4aaf70", "paragraph_id": "2a6bcd30-f910-44a9-bbe9-5c8cbb36a62f", "position": 0, "text": "An individual debtor may, whether or not the debtor has waived the right to redeem under this section, redeem tangible personal property intended primarily for personal, family, or household use, from a lien securing a dischargeable consumer debt, if such property is exempted under section 522 of this title or has been abandoned under section 554 of this title, by paying the holder of such lien the amount of the allowed secured claim of such holder that is secured by such lien.", "label": "no value"}, "ccb6792b-fa33-4634-ab87-2421c88f132d": {"case_id": "cb1add3c-de73-4f17-9baf-1e7fa2b49504", "opinion_id": "d6d960d2-3616-4667-b224-4ad02ac6b942", "paragraph_id": "789175be-b2c4-4bf2-9b94-8f8cf7b0e3ec", "position": 0, "text": "An individual debtor may, whether or not the debtor has waived the right to redeem under this section, redeem tangible personal property intended primarily for personal, family, or household use, from a lien securing a dischargeable consumer debt, if such property is exempted under section 522 of this title or has been abandoned under section 554 of this title, by paying the holder of such lien the amount of the allowed secured claim of such holder that is secured by such lien.", "label": "no value"}, "f810f790-8f12-4a9d-aab9-52347b3d266e": {"case_id": "3ff76bf7-1b2f-4d19-9fc5-3292e13fe2cf", "opinion_id": "9bcaf52a-f862-4891-8a30-8dfc71d3ca14", "paragraph_id": "f44a6949-61a7-4839-89df-c9e9307d74d5", "position": 0, "text": "An individual debtor may, whether or not the debtor has waived the right to redeem under this section, redeem tangible personal property intended primarily for personal, family, or household use, from a lien securing a dischargeable consumer debt, if such property is exempted under section 522 of this title or has been abandoned under section 554 of this title, by paying the holder of such lien the amount of the allowed secured claim of such holder that is secured by such lien.", "label": "no value"}, "a632be06-a17c-42c7-9ba4-90223a613874": {"case_id": "0cac54ad-ed0e-47e4-95fc-11eab6f2f722", "opinion_id": "4d6c58ed-2521-456d-be16-811bdcfb10ed", "paragraph_id": "03d24270-074f-4c1b-a0a1-7e0da878fc10", "position": 0, "text": "An individual debtor may, whether or not the debtor has waived the right to redeem under this section, redeem tangible personal property intended primarily for personal, family, or household use, from a lien securing a dischargeable consumer debt, if such property is exempted under section 522 of this title or has been abandoned under section 554 of this title, by paying the holder of such lien the amount of the allowed secured claim of such holder that is secured by such lien.", "label": "no value"}, "47d8cd79-493c-4db5-8b3f-ea3a0caaa909": {"case_id": "8ed99c3b-6305-4d88-87a9-f58262684a45", "opinion_id": "c64f353a-b8eb-4a06-a202-03c788f0ea92", "paragraph_id": "55a0b832-c796-4117-9171-3f3ac6a7a16f", "position": 0, "text": "An individual debtor may, whether or not the debtor has waived the right to redeem under this section, redeem tangible personal property intended primarily for personal, family, or household use, from a lien securing a dischargeable consumer debt, if such property is exempted under section 522 of this title or has been abandoned under section 554 of this title, by paying the holder of such lien the amount of the allowed secured claim of such holder that is secured by such lien.", "label": "no value"}, "afcb51c6-c9d5-4da4-8188-71eb28917288": {"case_id": "ee73134f-7324-4281-b9f1-e7f325e46e6d", "opinion_id": "bf90fdc5-b11b-4b96-970a-60c70fb6c8c4", "paragraph_id": "0b825225-4be7-47ad-a791-bfe059f0d8d3", "position": 0, "text": "An individual debtor may, whether or not the debtor has waived the right to redeem under this section, redeem tangible personal property intended primarily for personal, family, or household use, from a lien securing a dischargeable consumer debt, if such property is exempt under section 522 of this title or has been abandoned under section 554 of this title, by paying the holder of such lien the amount of the allowed secured claim of such holder that is secured by such item.", "label": "no value"}, "dfe117d7-944b-4161-b6b9-d0a6173dfe3e": {"case_id": "b8b967b3-5309-4dcb-a4a7-ca4f508789fe", "opinion_id": "8e9450a9-0714-4eb2-951b-14b6ea9bd1da", "paragraph_id": "cacd1b26-3a95-415b-b338-f5223f2d22c4", "position": 0, "text": "An individual debtor may, whether or not the debtor has waived the right to redeem under this section, redeem tangible personal property intended primarily for personal, family, or household use, from a lien securing a dischargeable consumer debt, if such property is exempted under section 522 of this title or has been abandoned under section 554 of this title, by paying the holder of such lien the amount of the allowed secured claim of such holder that is secured by such lien.", "label": "no value"}, "49566355-3c90-415a-b7f6-0dc8c28fb1d2": {"case_id": "08733121-e60c-42cc-bb72-db62bcf64d32", "opinion_id": "02d6cb06-11ba-4d9a-9156-761957fef064", "paragraph_id": "195924a4-9bdb-4d8c-b7e3-348ad65fa3e5", "position": 0, "text": "An individual debtor may, whether or not the debtor has waived the right to redeem under this section, redeem tangible personal property intended primarily for personal, family, or household use, from a lien securing a dischargeable consumer debt, if such property is exempted under section 522 of this title or has been abandoned under section 554 of this title, by paying the holder of such lien the amount of the allowed secured claim of such holder that is secured by such lien.", "label": "no value"}, "501e11e2-29c1-4d92-bf26-02fc1fd6d145": {"case_id": "63d1a1fd-b53a-4093-9590-bd6d737f2434", "opinion_id": "cac87bc9-0c71-415b-9f45-1246a1efe084", "paragraph_id": "9bcb9c98-91b1-48c2-aef4-b430ea621d78", "position": 0, "text": "An individual debtor may, whether or not the debtor has waived the right to redeem under this section, redeem tangible personal property intended primarily for personal, family, or household use, from a lien securing a dischargeable consumer debt, if such property is exempted under section 522 of this title or has been abandoned under section 554 of this title, by paying the holder of such lien the amount of the allowed secured claim of such holder that is secured by such lien.", "label": "no value"}, "485b1b7c-3c57-4c46-854f-7129babd9487": {"case_id": "8817060c-df31-40e4-a333-43a4427f16da", "opinion_id": "ddf2777a-5904-44b5-a53b-8a8e9a1c6e78", "paragraph_id": "b3dc4184-3d1a-4e9a-b7c1-c66225cbf236", "position": 0, "text": "tangible personal property intended primarily for personal use from a lien securing a dischargeable consumer debt, see 11 U.S.C. §§ 101(7), 523(a), 727, by paying the holder of the lien the amount of its allowed secured claim, i.e., its fair market value, see id. at § 506.", "label": "potential value"}, "ad73f583-ed7e-4f22-b1bd-969581e6fefa": {"case_id": "8817060c-df31-40e4-a333-43a4427f16da", "opinion_id": "ddf2777a-5904-44b5-a53b-8a8e9a1c6e78", "paragraph_id": "18b12863-99fb-4cf8-bcf7-52d11c8be9b1", "position": 0, "text": "An individual debtor may, whether or not the debtor has waived the right to redeem under this section; redeem tangible personal property intended primarily for personal, family, or household use, from a lien securing a dischargeable consumer debt, if such property is exempted under section 522 of this title or has been abandoned under section 554 of this title, by paying the holder of such lien the amount of the allowed secured claim of such holder that is secured by such lien.", "label": "no value"}, "28be2b1d-b02f-49c8-8986-954ad9e7df20": {"case_id": "cf89f344-4d6a-4bde-b3d7-57298ed25349", "opinion_id": "83133042-13e7-46a7-b7a3-88310b5daf37", "paragraph_id": "90254031-3167-4b0d-8fb8-f24966e9d49d", "position": 2, "text": "11 U.S.C. § 522(c) provides that property which is exempt is not liable for any debt of the debtor that arose before the commencement of the case except a lien that is not avoided under §§ 544, 545, 547, 548, 549, 724(a) or 506(d) of the Code. 11 U.S.C. § 722 provides a method for redemption of the debtor’s property from a lien securing a dischargeable consumer debt if that property is exempted or has been abandoned.", "label": "potential value"}, "caf88a93-fcb4-4c91-ba4e-024d7368d0e3": {"case_id": "e3d99a71-a284-4669-b775-4e57d200793a", "opinion_id": "d690915c-153b-4483-b10f-5782e1290fa0", "paragraph_id": "9f2e1ed0-39f6-45ff-b71a-e0a05b8f49fd", "position": 0, "text": "“An individual debtor may, whether or not the debtor has waived the right to redeem under this section, redeem tangible persona] property intended primarily for personal, family, or household use, from a lien securing a dischargeable consumer debt, if such property is exempted under section 522 of this title or has been abandoned under section 554 of this title, by paying the holder of such lien the amount of the allowed secured claim of such holder that is secured by such lien.” (emphasis supplied).", "label": "no value"}, "127cbe97-570b-45e4-91eb-6d6a5cb82d85": {"case_id": "74a67716-3166-403c-93b7-f578226f020e", "opinion_id": "107d676d-f9b3-44da-ad1c-f2cbd30e6b10", "paragraph_id": "3ae7c5e1-7cde-41a3-a799-2ba2c7ec04cf", "position": 0, "text": "An individual debtor may, whether or not the debtor has waived the right to redeem under this section, redeem tangible personal property intended primarily for personal, family, or household use, from a lien securing a dischargeable consumer debt, if such property is exempted under section 522 of this title or has been abandoned under section 554 of this title, by paying the holder of such lien the amount of the allowed secured claim of such holder that is secured by such lien.", "label": "no value"}, "9ff04d37-db8c-42ea-af32-e1ec402dd19e": {"case_id": "1baf4acb-5bc2-462a-b776-bb5214053ea1", "opinion_id": "d80386cb-08ae-4654-b3aa-8d5386442778", "paragraph_id": "ced6a282-2115-4e83-b70a-4ed764b3cfa7", "position": 0, "text": "An individual debtor may, whether or not the debtor has waived the right to redeem under this section, redeem tangible personal property intended primarily for persona], family, or household use, from a lien securing a dischargeable consumer debt, if such property is exempted under section 522 of this title or has been abandoned under section 554 of this title, by paying the holder of such lien the amount of the allowed secured claim of such holder that is secured by such lien.", "label": "no value"}, "8835dcbe-7ba2-484e-9965-230041824c3a": {"case_id": "4c4b68d8-7e5c-4c53-b643-f637064256cc", "opinion_id": "f1e5ebfa-dea0-426f-a267-e056afc19af0", "paragraph_id": "9c3d0430-83e6-4e91-8dca-c46a82986bda", "position": 0, "text": "An individual debtor may, whether or not the debtor has waived the right to redeem under this section, redeem tangible personal property intended primarily for personal, family, or household use, from a lien securing a dischargeable consumer debt, if such property is exempted under section 522 of this title or has been abandoned under section 554 of this title, by paying the holder of such lien the amount of the allowed secured claim of such holder that is secured by such lien.", "label": "no value"}, "1fcf1f38-6504-407b-bf91-76945663e2e4": {"case_id": "4426cb16-c19e-40ba-83e4-8d41348686a8", "opinion_id": "336c9ea0-5539-4135-871f-233688764c5b", "paragraph_id": "3a0d571c-fc99-4d0e-bfc3-53467c188060", "position": 0, "text": "An individual debtor may, whether or not the debtor has waived the right to redeem under this section, redeem tangible personal property intended primarily for personal, family, or household use, from a lien securing a dischargeable consumer debt, if such property is exempted under section 522 of this title or has been abandoned under section 554 of this title, by paying the holder of such lien the amount of the allowed secured claim of such holder that is secured by such lien.", "label": "no value"}, "229626d0-5306-4b71-a19c-c1270a111186": {"case_id": "1f8f1f94-de33-4df0-beb8-7e202dc7eea3", "opinion_id": "d469a517-4a4a-46bd-9754-7cab5dc18031", "paragraph_id": "b568855e-1752-4f35-bcba-ea7e32adb52b", "position": 2, "text": "An individual, debtor may, whether or not the debtor has waived the right to redeem under this section, redeem tangible personal property intended primarily for personal, family, or household use, from a lien securing a dischargeable consumer debt, if such property is exempted under section 522 of this title or has been abandoned under section 554 of this title, by paying the holder of such lien the amount of the allowed secured claim of such holder that is secured by such lien.", "label": "no value"}, "1d781c36-6888-42e8-8049-d61821d0ca92": {"case_id": "4ca401a0-ca0a-4a20-8764-d0afc83b579a", "opinion_id": "dd13c51a-bece-4a1e-bdcd-a943e250c4a1", "paragraph_id": "9951d284-d5ed-43c8-8c54-819e0f7cbd52", "position": 3, "text": "Under the Bankruptcy Code, however, an individual debtor may “redeem tangible personal property intended primarily for personal, family, or household use, from a lien securing a dischargeable consumer debt . . ,” if the property is claimed as exempt or has been abandoned by the trustee, “by paying the holder of such lien the amount of the allowed secured claim . . . .” § 722.", "label": "no value"}, "568c081b-e954-4082-80a5-ee94f278d03e": {"case_id": "b147a6f5-c07d-42f4-bf68-d54878b5f4e4", "opinion_id": "43fb9c22-e2ff-4b48-9a32-c43e231e3eb6", "paragraph_id": "7f67965a-0753-4216-875b-32cc6f2fdb63", "position": 0, "text": "“An individual debtor may, whether or not the debtor has waived the right to redeem under this section, redeem tangible personal property intended primarily for personal, family, or household use, from a lien securing a dischargeable consumer debt, if such property is exempted under Section 522 of this title or has been abandoned under § 554 of this title, by paying the holder of such lien the amount of the allowed secured claim of such holder that is secured by such lien.”", "label": "no value"}, "e0803c32-df42-42ea-b5c8-13ef6837b93c": {"case_id": "4de95dc7-3f15-457f-a0fe-93ebf1a07b4a", "opinion_id": "bbb951d6-6ad8-4055-9834-89eb66173fed", "paragraph_id": "2e9a8769-d673-41e8-952d-7ddc768985e4", "position": 0, "text": "Section 722 of the Bankruptcy Code allows a debtor to redeem qualifying tangible personal property from a lien securing a dischargeable consumer debt “by paying the holder of such lien the amount of the allowed secured claim of such holder that is secured by such lien”.", "label": "no value"}, "29e90950-5c8b-40af-8872-eb8fe631fbd5": {"case_id": "b133deb3-5734-41d6-b509-dbb896248380", "opinion_id": "287fe4a3-718c-4796-87cc-7af50c315d41", "paragraph_id": "a17efb4e-671f-4b86-aeec-2463315215dd", "position": 0, "text": "An individual debtor may, whether or not the debtor has waived the right to redeem under this section, redeem tangible personal property intended primarily for personal, family, or household use, from a lien securing a dischargeable consumer debt, if such property is exempted under section 522 of this title or has been abandoned under section 554 of this title, by paying the holder of such lien the amount of the allowed secured claim of such holder that is secured by such lien.", "label": "no value"}, "d49ac782-449d-4c48-8098-b7507dd4a4ec": {"case_id": "463ca5c6-148c-44a5-b844-a87d2f682123", "opinion_id": "7e19d46a-0d86-40bc-9b41-eae2af8d69e3", "paragraph_id": "e1202856-b70a-4f8f-8dc8-379248654ccc", "position": 10, "text": "11 U.S.C.A. § 722 (1988) (“An individual debtor may ... redeem tangible personal property intended primarily for personal, family, or household use, from a lien securing a dischargeable consumer debt, if such property is exempted under section 522 of this title.... ”).", "label": "no value"}, "621a14ce-aab4-4924-8d18-02536d03ac50": {"case_id": "ebfebc33-4a6d-43ad-9f7c-c2d69028badb", "opinion_id": "170e3536-262a-475a-913b-ffc045910bef", "paragraph_id": "7f092a53-343e-4248-96ef-2d98fe61d1ec", "position": 0, "text": "“An individual debtor may . . . redeem tangible personal property intended primarily for personal, family, or household use, from a lien securing a dischargeable consumer debt, if such property is exempted under Section 522 of this title . . . by paying the holder of such lien the amount of the allowed secured claim of such holder that is secured by such lien.”", "label": "no value"}, "9155c098-0913-447a-8448-8ba344fe9503": {"case_id": "d554a1d2-ce95-4011-ac76-b4d926d68681", "opinion_id": "7fe4a7ed-c150-4e8b-8a3d-ee4f517e1595", "paragraph_id": "b0d292f2-69d1-46f7-bb24-7de98bf44989", "position": 4, "text": "Further the pickup truck does not seem to fit the Section 722 definition of “personal, family or household use” or the requirement of “dischargeable consumer debt”.", "label": "potential value"}, "85bde5bd-eacb-4b51-8a96-72761eeb83aa": {"case_id": "3c4037a3-16c2-4380-bbaf-abf85afe5889", "opinion_id": "0aed9cba-7733-484b-94a8-5692087b098c", "paragraph_id": "53e7cabc-ba46-4a24-9de7-310ac04f059b", "position": 0, "text": "These defendants cite in support of the assertion that interest means equity in § 522 the legislative history to § 722 of the Bankruptcy Code. § 722 allows a debtor to redeem\n“tangible personal property intended primarily for personal, family, or household use, from a lien securing a dischargeable consumer debt, if such property is exempted under § 522 of this title ...”", "label": "potential value"}, "66d333b3-8bbe-4f97-a539-9abd3416c11b": {"case_id": "fa153f12-a32f-4a89-a6ba-e4348d4d8803", "opinion_id": "4880028b-f45a-4f7e-bb78-9ed18ff13bf0", "paragraph_id": "deed80c1-39ca-4fd0-aacb-15fde3e941bb", "position": 6, "text": "Section 722 provides that a Chapter 7 debt- or can redeem exempt household goods from a lien securing a dischargeable consumer debt by paying the creditor the allowed amount of the secured claim.", "label": "no value"}, "b469cc63-00c4-45cf-b41b-234282388484": {"case_id": "f37dbe91-3814-4d3c-934a-f37d3842ac12", "opinion_id": "8a439650-f432-41e4-a152-a882b2d29026", "paragraph_id": "ec230b4c-be97-4d8f-b2ef-0275769cc033", "position": 1, "text": "It authorizes an individual debtor to redeem tangible personal property intended primarily for personal, family, or household use, from a lien securing a dischargeable consumer debt.", "label": "no value"}, "11f5ae56-8df1-415f-ba1e-5dcfbe9cb642": {"case_id": "0407f60f-81f5-412a-a433-493de7d2b26b", "opinion_id": "6ccc4f3f-8f77-4452-9bff-c2ba10ac66f4", "paragraph_id": "111b6565-f4be-4e79-90d2-b5bc2d303a19", "position": 0, "text": "An individual debtor may, whether or not the debtor has waived the right to redeem under this section, redeem tangible personal property intended primarily for personal, family, or household use, from a lien securing a dischargeable consumer debt, if such property is exempted under section 522 of this title or has been abandoned under section 554 of this title, by paying the holder of such lien the amount of the allowed secured claim to such holder that is secured by such lien.", "label": "no value"}, "ed7f026e-1ea3-4055-920b-7dfbb527b76b": {"case_id": "30f22a62-65dd-4c8a-9912-54c2b4ea4585", "opinion_id": "d5cf62b9-4444-4092-b919-b4abfa3d6ca6", "paragraph_id": "4800c59e-b826-490f-8fb0-4be830d809ef", "position": 1, "text": "Section 722 permits a debt- or to redeem tangible personal property from a lien securing a dischargeable consumer debt.", "label": "no value"}, "5e074ed0-d826-4e09-8dae-f75ffdaf4d4f": {"case_id": "30f22a62-65dd-4c8a-9912-54c2b4ea4585", "opinion_id": "d5cf62b9-4444-4092-b919-b4abfa3d6ca6", "paragraph_id": "4800c59e-b826-490f-8fb0-4be830d809ef", "position": 3, "text": "Riggs argues that because Cassell has been granted a discharge, the Bank’s lien no longer secured a “dischargeable consumer debt,” and the redemption remedy is not appropriate.", "label": "potential value"}, "76cd2386-76cb-4889-8d8f-81e7c1deaee3": {"case_id": "1bb95a8a-3cd3-4953-a39f-0c0c787d80fd", "opinion_id": "9a4c9531-32f8-4371-b4fb-3eccabd07e75", "paragraph_id": "30930d03-6937-45f1-8b41-60c1d879b223", "position": 0, "text": "An individual debtor may, whether or not the debtor has waived the right to redeem under this section, redeem tangible personal property intended primarily for personal, family, or household use, from a lien securing a dischargeable consumer debt, if such property is exempted under section 522 of this title or has been abandoned under section 554 of this title, by paying the holder of such lien the amount of the allowed secured claim of such holder that is secured by such lien.", "label": "no value"}, "8da6ba24-8be5-4906-afac-160e114c5b77": {"case_id": "641aff78-f8cc-44cd-93dc-24849fcb61ad", "opinion_id": "631fe963-3d07-400b-ad1f-00f49c45eaac", "paragraph_id": "36c4a94d-9a97-4e1c-a3a0-d6ca73db0752", "position": 2, "text": "An individual debtor may, whether or not the debtor has waived the right to redeem under this section, redeem tangible personal property intended primarily for personal, family, or household use, from a lien securing a dischargeable consumer debt, if such property is exempted under section 522 of this title or has been abandoned under section 554 of this title, by paying the holder of such lien the amount of the allowed secured claim of such holder that is secured by such lien.", "label": "no value"}, "bfbec5bc-7618-441c-b901-c339b67dad02": {"case_id": "a234c54b-b8b4-4597-b073-1b2577e092ff", "opinion_id": "b48bdc10-3665-4a60-8019-b796cad2a2c9", "paragraph_id": "93f582f7-1e88-46a7-8f29-ceca5266ec7a", "position": 6, "text": "The provisions of § 722 applied because the trustee abandoned the property under § 544, and the debt was a dischargeable consumer debt secured by tangible personal property intended for personal, family or household use.", "label": "certain value"}, "f831cd53-76c1-4331-9a53-0f5b9545bea3": {"case_id": "23d8aa0b-a3b1-4927-9456-b8e631544e48", "opinion_id": "cd51a566-f941-4218-9845-d7f2b78c9bcb", "paragraph_id": "aa21e2f8-e845-4cab-93af-02860368f3d9", "position": 1, "text": "The right of redemption under Section 722 allows the debtor to redeem household personal property exempt under Section 522 from a lien securing a dischargeable consumer debt by paying the lienholder the amount of the allowed secured claim.", "label": "no value"}, "2de5109a-c8da-45d8-be41-650dfda3146a": {"case_id": "dca71e21-a27b-412b-aac7-e9c897b4d510", "opinion_id": "92f97b53-17a4-4473-94ff-0c2d85eea91b", "paragraph_id": "3454b1f9-a657-43cf-ad56-e0471f51f0cf", "position": 4, "text": "Section 722 is limited to debtors in a Chapter 7 case; where the collateral is tangible personal property intended for personal, family or household use; where such collateral is exempt or has been abandoned by the trustee; and where the lien secures a dischargeable consumer debt.", "label": "no value"}, "ae7b854d-ba48-4c1e-ad5a-5f3dac89f1bc": {"case_id": "18e88442-517f-403a-b0fb-f649fe8ad68f", "opinion_id": "7cbd365d-54f1-4150-b69d-398621d0b5e1", "paragraph_id": "fa25fd6c-04f3-42a0-9a4e-e18bedf09285", "position": 0, "text": "A debtor may redeem personal property, intended to be used for personal, family, or household purposes, from a lien securing a “dischargeable consumer debt.”", "label": "no value"}, "a0bf0619-b9db-4b34-b244-57b2bae2a0c9": {"case_id": "0e890e57-f7c3-4ede-901f-87a90ab2a43f", "opinion_id": "9876c739-d9a6-4e4b-9572-5411a53ea2de", "paragraph_id": "a0ba6e5e-d3e1-40eb-9253-7bf0344df56c", "position": 2, "text": "If timely exercised, this right of redemption allows an individual Chapter 7 debtor to “redeem [certain] tangible personal property intended primarily for personal, family, or household use, from a lien securing a dischargeable consumer debt” by paying the lienholder a sum equal to “the amount of the allowed secured claim.”", "label": "potential value"}, "cd6e553b-91a5-4cab-9af2-2a9a78f3609b": {"case_id": "211973b7-0a7d-44d3-84de-98c400bca2dd", "opinion_id": "76412e48-b356-48b0-b912-cca62bea19ae", "paragraph_id": "93b80382-70ee-4460-865f-fe9facba9ea9", "position": 0, "text": "“An individual debtor may, whether or not the debtor has waived the right to redeem under this section, redeem tangible personal property intended primarily for personal, family, or household use, from a lien securing a dischargeable consumer debt, if such property is exempted under section 522 of this title or has been abandoned under section 554 of this title, by paying the holder of such lien the amount of the allowed secured claim of such holder that is secured by such lien.”", "label": "no value"}, "2ecacc03-9151-46d4-b3a1-11e1716c3e62": {"case_id": "2009fa82-689a-46dc-ab50-e05a43890f5f", "opinion_id": "655a3ff2-64e9-4aa0-bd40-84ad0867ad5d", "paragraph_id": "70ee26eb-ccca-4421-bfb4-e3bc125c02ff", "position": 1, "text": "11 U.S.C. § 722 states: \"An individual debt- or may, whether or not the debtor has waived the right to redeem under this section, redeem tangible personal property intended primarily for personal, family, or household use, from a lien securing a dischargeable consumer debt, if such property is exempted under section 522 of this title or has been abandoned under section 554 of this title, by paying the holder of such lien the amount of the allowed secure claim of such holder that is secured by such lien.”", "label": "no value"}, "fad1503b-7d02-4a74-8d72-f00fbd1c78b9": {"case_id": "5d180864-8ed8-4b43-aa75-6f86885f2acb", "opinion_id": "aa425d5c-f3b7-4286-95db-6a56845732b7", "paragraph_id": "59166151-2d81-4f97-b5b4-951c3160461a", "position": 0, "text": "An individual debtor may, whether or not the debtor has waived the right to redeem under this section, redeem tangible personal property intended primarily for personal, family, or household use, from a lien securing a dischargeable consumer debt, if such property is exempted under section 522 of this title or has been abandoned under section 554 of this title, by paying the holder of such lien the amount of the allowed secured claim of such holder that is secured by such lien.", "label": "no value"}, "7b2d0d64-ddd6-4db4-8d70-7b46ca630d92": {"case_id": "f55ceaba-bcef-4a6a-b6f0-4d722ec1c876", "opinion_id": "2fcc7d11-f78b-4f10-97cb-68e341706ba5", "paragraph_id": "a0b13d62-8782-44a1-b0a8-b06f364b76fa", "position": 0, "text": "An individual debtor may, whether or not the debtor has waived the right to redeem under this section, redeem tangible personal property intended primarily for personal, family, or household use, from a lien securing a dischargeable consumer debt, if such property is exempted under section 522 of this title or has been abandoned under section 554 of this title, by paying the holder of such lien the amount of the allowed secured claim of such holder that is secured by such lien.", "label": "no value"}, "4627eca8-1aaf-44b4-b332-21a0227da498": {"case_id": "f55ceaba-bcef-4a6a-b6f0-4d722ec1c876", "opinion_id": "2fcc7d11-f78b-4f10-97cb-68e341706ba5", "paragraph_id": "a57122af-a4f9-45be-93d4-2869a762ff17", "position": 0, "text": "In order to redeem, all conditions of § 722 must be met, i.e. it must involve tangible personal property intended for personal, family, or household use; it must involve a lien securing a dischargeable consumer debt; it must involve property wherein the debtor has an exempted interest or which has been abandoned under § 554; and the debtor must pay the allowed secured claim.", "label": "potential value"}, "5a0a2115-30be-4082-ba51-45d9d0038ad4": {"case_id": "18da8bf8-d72b-4ee3-8ab4-eb2e33339897", "opinion_id": "dff930de-44df-487a-9906-c0f51d08a228", "paragraph_id": "9676ad4c-c9f1-442b-ba32-54db1b414185", "position": 0, "text": "An individual debtor may, whether or not the debtor has waived the right to redeem under this section, redeem tangible personal property intended primarily for personal, family, or household use, from a lien securing a dischargeable consumer debt, if such property is exempted under section 522 of this title or has been abandoned under section 554 of this title, by paying the holder of such lien the amount of the allowed secured claim of such holder that is secured by such lien.", "label": "no value"}, "868a2358-d8e7-4f97-89f6-9dcf85682c4d": {"case_id": "e000459d-11c3-4b36-a5d8-81c10dd21645", "opinion_id": "56ab2709-8e98-49f6-beb6-ad21db22617e", "paragraph_id": "942291f7-fb45-4fe0-95b7-9821521f0aac", "position": 0, "text": "An individual debtor may, whether or not the debtor has waived the right to redeem under this section, redeem tangible personal property intended primarily for personal, family, or household use, from a lien securing a dischargeable consumer debt, if such property is exempted under section 522 of this title or has been abandoned under section 554 of this title, by paying the holder of such lien the amount of the allowed secured claim of such holder that is secured by such lien.", "label": "no value"}, "a549916d-c8ae-46ef-b608-13a684c3cac9": {"case_id": "697e7adf-332a-4931-8898-c25f2d09b2ed", "opinion_id": "20f64e03-1943-4f31-b370-736974fbc652", "paragraph_id": "826e41a0-7f81-4b8d-86fc-6f8d71726e12", "position": 0, "text": "An individual debtor may, whether or not the debtor has waived the right to redeem under this section, redeem tangible personal property intended primarily for personal, family, or household use, from a lien securing a dischargeable consumer debt, if such property is exempted under section 522 of this title or has been abandoned under section 554 of this title, by paying the holder of such lien the amount of the allowed secured claim of such holder that is secured by such lien.", "label": "no value"}, "b18c96c2-bf59-449a-877a-0c1d0fb23989": {"case_id": "3764b4c3-6ad7-45dc-8dd6-ba03c47eda24", "opinion_id": "be956728-5d7d-4134-b95f-4eade624f4ed", "paragraph_id": "993b7500-11f1-43c0-b77a-980698ad7f92", "position": 0, "text": "An individual debtor may, whether or not the debtor has waived the right to redeem under this section, redeem tangible personal property intended primarily for personal, family, or household use, from a lien securing a dischargeable consumer debt, if such property is exempted under section 522 of this title or has been abandoned under section 554 of this title, by paying the holder of such lien the amount of the allowed secured claim of such holder that is secured by such lien.", "label": "no value"}, "80105c77-4c6a-4879-879c-ccc9881e172c": {"case_id": "3764b4c3-6ad7-45dc-8dd6-ba03c47eda24", "opinion_id": "be956728-5d7d-4134-b95f-4eade624f4ed", "paragraph_id": "e454d8d3-a9fd-4906-9693-c1e059bc4ea0", "position": 1, "text": "The evidence is undisputed that the 1995 Altima loan is a dischargeable consumer debt, that the Altima vehicle is “tangible personal property intended primarily for personal, family, or household use,” and that AACFCU has a properly perfected security interest in the Altima.", "label": "high value"}, "4f76daa4-18c9-4c05-8dbf-e50061bd079c": {"case_id": "b2656252-9b8d-47bc-be19-4daec71f8552", "opinion_id": "3aa924d6-71c3-47dc-99ca-989e85ebdef5", "paragraph_id": "07ca1c97-8da2-4cfe-abca-c1ed488872c3", "position": 0, "text": "An individual debtor may, whether or not the debtor has waived the right to redeem under this section, redeem tangible personal property intended primarily for personal, family, or household use, from a lien securing a dischargeable consumer debt, if such property is exempted under section 522 of this title or has been abandoned under section 554 of this title, by paying the holder of such lien the amount of the allowed secured claim of such holder that is secured by such lien.", "label": "no value"}, "0a7bbb61-e4c2-46e1-8aab-8c0c5f44d865": {"case_id": "cd5e5c15-bd3a-4db4-8ce9-80b8fbd3b59d", "opinion_id": "a5ad3659-be8c-4ffa-97f1-0d43abf6fccb", "paragraph_id": "08aa4c25-3962-4d2c-b542-407daf2ae2f7", "position": 0, "text": "“An individual debtor may, whether or not the debtor has waived the right, to redeem under this section, redeem tangible personal property intended primarily for personal, family, or household use, from a lien securing a dischargeable consumer debt, if such property is exempted under section 522 of this title or has been, abandoned under section 554 of this title, by paying ■the holder of such lien the amount of the allowed secured claim of such holder that is secured by such lien.”", "label": "no value"}, "84be3d55-bc08-402b-bba6-9b9cbd446586": {"case_id": "a8992688-ae0c-420e-b4bb-722ead5a3c2f", "opinion_id": "050d1867-e9bb-4238-be80-ef42aa7c4af3", "paragraph_id": "9c4f9b96-7f51-49d0-8ab8-03a25e3412cb", "position": 5, "text": "Third, debtors can redeem, at fair market value, household/personal items from liens securing dischargeable consumer debts pursuant to 11 U.S.C. § 722.", "label": "certain value"}, "d729083e-fa60-4967-bf7b-397f0d931dc5": {"case_id": "c5024296-50fe-45b6-8447-67a47c8d704b", "opinion_id": "cb17660b-0b39-47a8-a2d2-9f9fb71a1626", "paragraph_id": "028f5c2d-c3d0-435e-ac5d-40c7cb759ecc", "position": 1, "text": "These motions both seek an order by this Court, be it granting redemption of property securing a dischargeable consumer debt, or the reopening of a case for the express purpose of filing an agreement reaffirming a debt secured by property of the estate.", "label": "potential value"}, "59d8410f-b141-4c80-b0b9-034a468064ee": {"case_id": "9989f72b-4d83-4e81-837c-063c1db9f2d5", "opinion_id": "1615f633-97c1-408f-9893-10d34688cd21", "paragraph_id": "785966f3-963e-4c76-8c11-6c22bec900b1", "position": 8, "text": "(Alan N. Res-nick & Henry J. Sommer eds., 16th ed. 2014) (“Section 722 of the Bankruptcy Code provides that an individual debtor may redeem consumer goods from a lien securing a dischargeable consumer debt....”).", "label": "potential value"}, "18d80abd-ef3a-4073-a52f-92650b0f6156": {"case_id": "68ba887b-9c23-4d26-9b3e-a20b51455f11", "opinion_id": "9de0fce7-dd83-4619-b6b2-cdb55c78ce90", "paragraph_id": "62d65e10-c9d9-41ef-9eba-ae37235dd619", "position": 0, "text": "An individual debtor may, whether or not the debtor has waived the right to redeem under this section, redeem tangible personal property intended primarily for personal, family, or household use, from a lien securing a dischargeable consumer debt, if such property is exempted under section 522 of this title or has been abandoned under section 554 of this title, by paying the holder of such hen the amount of the allowed secured claim of such holder that is secured by such lien.", "label": "no value"}, "b37c8079-0da2-4219-ac5c-5155bbdfa11c": {"case_id": "fcbb3f30-80a9-4d16-98bf-e48bccffb385", "opinion_id": "6e2d76b3-e42f-4ee4-8199-b0aa9bc4db9c", "paragraph_id": "5ab35773-1a07-4902-9d1c-2978cc4f2aa1", "position": 0, "text": "An individual debtor may, whether or not the debtor has waived the right to redeem under this section, redeem tangible personal property intended primarily for personal, family, or household use, from a lien securing a dischargeable consumer debt, if such property is exempted under section 522 of this title [11 USCS § 522] or has been abandoned under section 554 of this title [11 USCS § 554], by paying the holder of such lien the amount of the allowed secured claim of such holder that is secured by such lien.", "label": "no value"}, "8fbe48a3-3913-4072-ad96-4289664f1d34": {"case_id": "6aecce45-5564-466b-971b-646746fb4ed1", "opinion_id": "89770d48-80fd-4acf-88fa-6663f7cb64e8", "paragraph_id": "9f197c99-85a6-4b8c-844b-7028cf8fe440", "position": 0, "text": "An individual debtor may, whether or not the debtor has waived the right to redeem under this section, redeem tangible personal property intended primarily for personal, family, or household use, from a lien securing a dischargeable consumer debt, if such property is exempted under 522 of this title or has been abandoned under section 554 of this title, by paying the holder of such lien the amount of the allowed secured claim of such holder that is secured by such lien.", "label": "no value"}, "9bcb037a-dd6d-4466-a03d-fb4d22096152": {"case_id": "133bcc77-01e0-4f84-b6fb-fc78b0f1e370", "opinion_id": "cfdf943b-86d9-41ca-a52d-afaea30d3d24", "paragraph_id": "04a7fba5-c2cb-4f2f-8bce-ef7bdadf1e0e", "position": 0, "text": "Section 722 authorizes a debtor who is subject to § 521(2) to:\nredeem tangible personal property intended primarily for personal, family, or household use, from a hen securing a dischargeable consumer debt, if such property is exempted under section 522 of this title or has been abandoned under section 554 of this title, by paying the holder of such lien the amount of the allowed secured claim of such holder that is secured by such lien.", "label": "no value"}, "cf687875-e8c4-4d47-85ca-59d6a6c3e692": {"case_id": "f98ab30f-4ca4-49c6-9118-d092804c7ff1", "opinion_id": "ab450194-e17b-4d00-a0e2-d7f118ccb839", "paragraph_id": "e580cbfa-4122-4599-8110-a6cbb6d30c50", "position": 0, "text": "An individual debtor may, whether or not the debtor has waived the right to redeem under this section, redeem tangible personal property intended primarily for personal, family, or household use, from a lien securing a dischargeable consumer debt, if such property is exempted under section 522 of this title [11 USCS § 522] or has been abandoned under section 554 of this title [11 USCS § 554], by paying the holder of such lien the amount of the allowed secured claim of such holder that is secured by such lien.", "label": "no value"}, "42b644b7-d910-4420-90ad-68c7e5d5e514": {"case_id": "8a652df9-c050-47fd-a572-089c3d769c7c", "opinion_id": "8826d304-a5ba-43d4-827c-5f294f59959e", "paragraph_id": "70de7b49-dcfe-4792-8971-3193e85665f7", "position": 0, "text": "An individual debtor may, whether or not the debtor has waived the right to redeem under this section, redeem tangible personal property intended primarily for personal, family, or household use, from a lien securing a dischargeable consumer debt, if such property is exempted under section 522 of this title or has been abandoned under section 554 of this title, by paying the holder of such lien the amount of the allowed secured claim of such holder that is secured by such lien.", "label": "no value"}, "c5b9b701-e6b9-41d8-9fca-b7d59baed54b": {"case_id": "da9129cc-3024-41ec-b26d-7a24148e1409", "opinion_id": "16c78a89-e9ce-43c8-8e3e-41a82e6022d8", "paragraph_id": "60c7ed7b-4761-4daf-b957-f8197a17e2a1", "position": 0, "text": "An individual debtor may, whether or not the debtor has waived the right to redeem under this section, redeem tangible personal property intended primarily for personal, family, or household use, from a lien securing a dischargeable consumer debt, if such property is exempted under section 522 of this title or has been abandoned under section 554 of this title, by paying the holder of such lien the amount of the allowed secured claim of such holder that is secured by such lien.", "label": "no value"}, "6d2995ec-798a-40c3-a225-0a3ca563543a": {"case_id": "8100b37f-1928-4278-afb3-1dee77f64d60", "opinion_id": "63fb1d22-ef1f-4be2-be68-e2dad1f027ac", "paragraph_id": "1fdf2391-92dc-495b-afa4-ecc97268be64", "position": 0, "text": "An individual debtor may, whether or not the debtor has waived the right to redeem under this section, redeem tangible personal property intended primarily for personal, family, or household use, from a lien securing a dischargeable consumer debt, if such property is exempted under section 522 of this title or has been abandoned under section 554 of this title, by paying the holder of such lien the amount of the allowed secured claim of such holder that it is secured by such lien.", "label": "no value"}, "6894bcf8-0e06-401c-a0e9-95268bdc49c9": {"case_id": "24d6578a-25fa-4d8e-b11b-3fa9c99b77f0", "opinion_id": "5729dac0-8f38-4418-81c8-1aa35c461e5a", "paragraph_id": "1a2ff61f-c09e-4313-b463-c2dacd08f75a", "position": 0, "text": "An individual debtor may, whether or not the debtor has waived the right to redeem under this section, redeem tangible personal property intended primarily for personal, family, or household use, from a lien securing a dischargeable consumer debt, if such property is exempted under section 522 of this title or has been abandoned under section 554 of this title, by paying the holder of such lien the amount of the •allowed secured claim of such holder that is secured by such lien.", "label": "no value"}, "c4f8030e-bb67-4f71-9996-2d6ad626e2b9": {"case_id": "a6d7eb2e-dc99-4674-9df0-384c5f9486b5", "opinion_id": "d91aaf81-a72c-4079-95bc-a10015ac1269", "paragraph_id": "fadada84-b9e9-41db-9c67-2fb73c0982fe", "position": 0, "text": "An individual debtor may, whether or not the debtor has waived the right to redeem under this section, redeem tangible personal property intended primarily for personal, family, or household use, from a lien securing a dischargeable consumer debt, if such property is exempted under section 522 of this title or has been abandoned under section 554 of this title, by paying the holder of such lien the amount of the allowed secured claim of such holder that is secured by such lien.", "label": "no value"}, "48aae0e1-76f4-4ac5-9abe-5d36d6a4e737": {"case_id": "a6d7eb2e-dc99-4674-9df0-384c5f9486b5", "opinion_id": "d91aaf81-a72c-4079-95bc-a10015ac1269", "paragraph_id": "27e51e88-5cf3-4d6c-8ac0-544c0183258f", "position": 1, "text": "As applied here, the language of the statute would plainly permit redemption — the debtor’s automobile is tangible personal property intended primarily for personal use; AGF’s lien secures a dischargeable consumer debt; and there is no question about the “abandoned” status of the automobile.", "label": "potential value"}, "7a34bd73-e808-45f0-9457-c3853b7ddca0": {"case_id": "a24d77ea-bcac-48d6-a313-e7ce22ccd5f8", "opinion_id": "0b997292-787b-48c5-be7c-6d976a1f3525", "paragraph_id": "2b378c22-5e93-42ca-9d36-0bdddf2dc18e", "position": 1, "text": "The principal source of concern is § 722, which enables a Chapter 7 debtor to “redeem” narrow classes of exempt or abandoned personal property from “a lien securing a dischargeable consumer debt.”", "label": "potential value"}, "fee07614-b7e2-4f6f-86c0-fe719a33aa00": {"case_id": "915b9f05-cf9d-4006-bcc9-670631ac7a40", "opinion_id": "87a217b6-fbd9-4d7b-b882-8d3f7d9b34f6", "paragraph_id": "9d83f333-db7f-4bfd-a1e1-80c7a7507d77", "position": 0, "text": "The issues before the Court to which this decision relates concern legal standards and procedures to be followed when a Chapter 7 debtor seeks to “redeem tangible personal property intended primarily for personal, family, or household use, from a lien securing a dischargeable consumer debt,” pursuant to the provisions of 11 U.S.C. § 722.", "label": "potential value"}, "70e329a0-46a8-4fb0-8403-0c83922b5842": {"case_id": "915b9f05-cf9d-4006-bcc9-670631ac7a40", "opinion_id": "87a217b6-fbd9-4d7b-b882-8d3f7d9b34f6", "paragraph_id": "1026b55c-5792-4b10-b6be-1832fba78ab8", "position": 0, "text": "An individual debtor may, whether or not the debtor has waived the right to redeem under this section, redeem tangible personal property intended primarily for personal, family, or household use, from a lien securing a dischargeable consumer debt, if such property is exempted under section 522 of this title or has been abandoned under section 554 of this title, by paying the holder of such lien the amount of the allowed secured claim of such holder that is secured by such lien.", "label": "no value"}, "a9c49ed8-ccbc-455b-aa64-44bf8fb862eb": {"case_id": "3a1e1659-d907-484c-8cc5-31db065fc3e6", "opinion_id": "9cd86c91-ad9f-4ff0-b8b7-6d839730bc7a", "paragraph_id": "22c76ce4-eda0-49ff-aff4-5539b1bea118", "position": 0, "text": "Ari individual debtor may, whether or not the debtor has waived the right to redeem under this section, redeem tangible personal property intended primarily for personal, family, or household use, from a lien securing a dischargeable consumer debt, if such property is exempted under section 522 of this title or has been abandoned under section 554 of this title, by paying the holder of such lien the amount of the allowed secured claim of such holder that is secured by such lien.", "label": "no value"}, "170913a0-e31a-4971-91ec-b1698b2c9fde": {"case_id": "355ad9e6-b5e3-48c1-84cf-f994ef6ee19b", "opinion_id": "67cee32d-7713-46f5-be35-a630483bb3b6", "paragraph_id": "cc0d9cbb-b368-418d-9e54-52c45aaa7f87", "position": 2, "text": "Redemption applies only to property which is either abandoned or exempt, which is for personal, family, or household use, and which is subject to a dischargeable consumer debt.", "label": "potential value"}, "6fd8f35f-c117-4f0a-ac16-ae9aab8e0ac4": {"case_id": "355ad9e6-b5e3-48c1-84cf-f994ef6ee19b", "opinion_id": "67cee32d-7713-46f5-be35-a630483bb3b6", "paragraph_id": "611454e6-f06d-428c-9914-092cb1d560a8", "position": 3, "text": "In reaching her conclusion, Judge Swain looked to the statutory preconditions to proper redemption: the property must be either exempt or abandoned, it must be for personal, family, or household use, and it must be subject to a dischargeable consumer debt.", "label": "potential value"}, "cfe4cb31-7c99-497e-b2e9-e50d92ba9ead": {"case_id": "f378d781-cebe-4adf-83e4-50ce7806ec18", "opinion_id": "f188940f-6c2e-4b16-bc52-8729f9905997", "paragraph_id": "07bff3f5-767d-41e4-b77a-359c02e04af3", "position": 0, "text": "An individual debtor may, whether or not the debtor has waived the right to redeem under this section, redeem tangible personal property intended primarily for personal, family, or household use, from a lien securing a dischargeable consumer debt, if such property is exempted under section 522 of this title or has been abandoned under section 554 of this title, by paying the holder of such hen the amount of the allowed secured claim of such holder that is secured by such hen.", "label": "no value"}, "bd1177c2-ad5e-4b6d-addc-41b43450649e": {"case_id": "9633fbb6-20bc-486c-8f44-433cb28dd343", "opinion_id": "f01bd71c-1306-4917-8e15-433f0adecdf7", "paragraph_id": "334d33d1-b0c8-427f-a723-a2b1b9c49ce4", "position": 1, "text": "Section 722 allows an individual to redeem tangible personal property intended primarily for personal, family or household use from a lien securing a dischargeable consumer debt, if the property has been abandoned under section 554, by paying the holder of such lien the amount of the allowed secured claim.", "label": "no value"}, "81233181-bc85-44fa-9fb7-f112b49e3d98": {"case_id": "9cc9b397-0123-48d4-aa34-a3be2d1db821", "opinion_id": "3c077fb4-09c4-4d9c-9bcd-2a352f1ee7b9", "paragraph_id": "aa9fab36-e4dd-4211-8fd2-850a37a09d68", "position": 0, "text": "An individual debtor may ... redeem tangible personal property intended primarily for personal, family, or household use, from a lien securing a dischargeable consumer debt, if such property is exempted under section 522 of this title or has been abandoned under section 554 of this title, by paying the holder of such lien the amount of the allowed secured claim of such holder that is secured by such item.", "label": "no value"}, "3d865e70-52e6-4ced-98a0-8d7f3faf3e73": {"case_id": "57eb6782-4bcc-4468-ba8b-3e65d657d575", "opinion_id": "60e0399a-7b35-471d-a33b-fbb865757e0c", "paragraph_id": "fb8ba106-1426-4473-ae9d-272699155071", "position": 0, "text": "An individual debtor may, whether or not the debtor has waived the right to redeem under this section, redeem tangible personal property intended primarily for personal, family, or household use, from a lien securing a dischargeable consumer debt, if such property is exempted under section 522 of this title or has been abandoned under section 554 of this title, by paying the holder of such lien the amount of the allowed secured claim of such holder that is secured by such lien in full at the time of redemption.", "label": "no value"}, "db373286-0fd2-4579-bfbe-5751f0452763": {"case_id": "1d177095-088a-489e-82fd-6d36c5b7c3bf", "opinion_id": "3dcf1c2f-f4ee-46c7-9084-ce5a37650182", "paragraph_id": "11f6dbcd-1208-4174-844c-8faa1c8455bc", "position": 0, "text": "11 U.S.C. § 722 provides that a chapter 7 individual debtor may “redeem tangible personal property intended primarily for personal, family, or household use, from a hen securing a dischargeable consumer debt, if such property is exempted under section 522 of this title or has been abandoned under section 554 of this title.... ”", "label": "no value"}, "9508690a-c652-4a9a-9d5c-2b871add7205": {"case_id": "29a100cf-e7f1-420e-aa53-850b667dafa1", "opinion_id": "d64719fc-a620-48c6-9eb4-adcfd890d408", "paragraph_id": "2ff360fe-5b28-4e08-8293-f571e09ea72e", "position": 0, "text": "An individual debtor may, whether or not the debtor has waived the right to redeem under this section, redeem tangible personal property intended primarily for personal, family, or household use, from a lien securing a dischargeable consumer debt, if such property is exempted under section 522 of this title, by paying the holder of such lien the amount of the allowed secured claim of such holder that is secured by such lien.", "label": "no value"}, "5bc62e3c-411d-44f3-afff-f4d0dea43370": {"case_id": "29a100cf-e7f1-420e-aa53-850b667dafa1", "opinion_id": "d64719fc-a620-48c6-9eb4-adcfd890d408", "paragraph_id": "07275fc4-04c5-43cf-a1f9-6462ee9745ab", "position": 0, "text": "8 .Section 722 allows a debtor to redeem only tangible personal property intended primarily for personal, family or household use, from a lien securing a dischargeable consumer debt.", "label": "no value"}, "911c39cb-63f3-41c4-92f6-73d7a78ac632": {"case_id": "7e880444-ed9e-47e3-bca6-0e7385f576a3", "opinion_id": "3501c928-965a-4ad5-bc49-f72f8f372167", "paragraph_id": "a0ffc4d0-30f8-4f44-a4e9-559785e05857", "position": 1, "text": "Section 722 provides, in relevant part, that\n!a]n individual debtor may ... redeem tangible personal property intended primarily for personal, family, or household use, from a lien securing a dischargeable consumer debt, if such property is exempted under section 522 of this title or has been abandoned under section 554 of this title, by paying the holder of such lien the amount of the allowed secured claim of such holder that is secured by such lien.", "label": "no value"}, "82acd3ef-8887-40bd-8bef-30fce4324f76": {"case_id": "6f1e9aa5-2801-4274-b19e-48947d82f632", "opinion_id": "2e2904dd-f4e6-4df5-becc-194d48418290", "paragraph_id": "b2fc3abf-cdaa-48e4-b344-4c3dd2c94f29", "position": 4, "text": "The Debtor asserts that redemption is allowed under § 722 because the Vehicle is personal property intended primarily for personal, family, or household use, the Debtor’s interest in the Vehicle is exempt, and the debt represents a dischargeable consumer debt.", "label": "potential value"}, "eccfdfd6-63e1-4837-9a4b-2a8299eea1c1": {"case_id": "6f1e9aa5-2801-4274-b19e-48947d82f632", "opinion_id": "2e2904dd-f4e6-4df5-becc-194d48418290", "paragraph_id": "8878c304-3109-4001-ae79-d3580a14aed0", "position": 0, "text": "An individual debtor may, whether or not the debtor has waived the right to redeem under this section, redeem tangible personal property intended primarily for personal, family, or household use, from a lien securing a dischargeable consumer debt, if such property is exempted under section 522 of this title or has been abandoned under section 554 of this title, by paying the holder of such lien the amount of the allowed secured claim of such holder that is secured by such lien in full at the time of redemption.", "label": "no value"}, "a61512a6-a032-4c30-9b6d-ed6b2b02dc8f": {"case_id": "837e8b5b-267e-496a-bfb0-6563e6c0dc4f", "opinion_id": "4e83e209-4195-476e-b43e-d157b6c9a05b", "paragraph_id": "95e071a0-f694-48c9-a3f9-e43a638c4be6", "position": 1, "text": "Section 722 provides, in relevant part, that\n[a]n individual debtor may ... redeem tangible personal property intended primarily for personal, family, or household use, from a lien securing a dischargeable consumer debt, if such property is exempted under section 522 of this title or has been abandoned under section 554 of this title, by paying the holder of such lien the amount of the allowed secured claim of such holder that is secured by such lien.", "label": "no value"}, "f76608b1-4b48-4ebe-b981-d43c54325023": {"case_id": "dd066466-a313-4c7d-af09-c662e4e6a89a", "opinion_id": "5a874f9b-d22a-40d7-82c7-b6bf7f5852a5", "paragraph_id": "6a8a9dab-ea98-42e7-b2de-5e7c38ccbc89", "position": 3, "text": "See, e.g., 11 U.S.C. § 521 (relating to a debtor’s duties); 11 U.S.C. § 542 (concerning turnover of property to the estate), and 11 U.S.C. § 722 (providing for-the redemption of tangible personal property from a lien securing a dischargeable consumer debt).", "label": "potential value"}, "700cab7c-5ae3-4798-b3cb-98d005afcd48": {"case_id": "97c4e8ef-f84a-47d3-989a-7dee0a655527", "opinion_id": "b51137ce-a946-40ad-847f-87df2d180ae3", "paragraph_id": "e21a218d-29d9-4a7f-b72e-68d8a0ef3346", "position": 0, "text": "An individual debtor may redeem consumer goods from a lien securing a dischargeable consumer debt, if the property is exempt under § 522 or has been abandoned under § 554, by paying the lienholder in full at the time of redemption the amount of the “allowed secured claim” that is secured by the collateral.", "label": "no value"}, "0a5968e7-03ca-4e60-bc2f-7adf2cb402f6": {"case_id": "97c4e8ef-f84a-47d3-989a-7dee0a655527", "opinion_id": "b51137ce-a946-40ad-847f-87df2d180ae3", "paragraph_id": "966efe7b-7176-45b7-96cf-65ca93950db5", "position": 1, "text": "However, one of the statutory requirements for application of § 722 is that the collateral sought to be redeemed must secure “a dischargeable consumer debt.”", "label": "certain value"}, "b786fc2e-3971-414d-b4f1-f32c9914ae48": {"case_id": "97c4e8ef-f84a-47d3-989a-7dee0a655527", "opinion_id": "b51137ce-a946-40ad-847f-87df2d180ae3", "paragraph_id": "2bc454a6-9c06-4b7b-a425-4a5b4522ba8a", "position": 0, "text": "Section 722 permits redemption of specified collateral only from liens securing dischargeable consumer debts.", "label": "certain value"}, "b64dcc16-367c-45d7-9e9e-c68d283946da": {"case_id": "9507dab2-6abe-433b-a7ce-a70c4c9299dd", "opinion_id": "f854b19c-3f5f-4059-a847-6c518a26bf6f", "paragraph_id": "851a23b7-701d-4b46-966e-508475243e7f", "position": 2, "text": "If timely exercised, this right of redemption allows an individual Chapter 7 debtor to “redeem [certain] tangible personal property intended primarily for personal, family, or household use, from a lien securing a dischargeable consumer debt” by paying the lienholder a sum equal to “the amount of the allowed secured claim.”", "label": "potential value"}, "51ef6e61-dae7-4b9e-a3ed-178eb565395f": {"case_id": "aa134989-70f2-43d9-8acb-317970028c2d", "opinion_id": "41dc2b68-66ee-4a04-8f6f-c86d6166bf55", "paragraph_id": "2ec8bdbc-116d-4210-9e4a-700a16c38950", "position": 6, "text": "Section 722 permits Chapter 7 debtors to redeem tangible personal property intended primarily for personal, family or household use from a lien securing a dischargeable consumer debt, if the property has been exempted or abandoned.", "label": "no value"}, "075c2096-03c5-442d-ac8c-1baa0d0586da": {"case_id": "9638cdb9-9bc4-4cb4-9233-2e0ebe466c1d", "opinion_id": "0c87a3cc-44b1-4b30-8542-688d0356493d", "paragraph_id": "fcf24f6d-664c-4f7e-8b3a-78b29876e8c4", "position": 0, "text": "Section 722 provides that An individual debtor may, whether or not the debtor has waived the right to redeem under this section, redeem tangible personal property intended primarily for personal, family, or household use, from a lien securing a dischargeable consumer debt, if such property is exempted under section 522 of this title or has been abandoned under section 554 of this title, by paying the holder of such lien the amount of the allowed secured claim of such holder that is secured by such lien in full at the time of redemption.", "label": "no value"}, "550df3e7-27ed-4132-84df-da6ba69e4a67": {"case_id": "baa4900a-2c85-4a8f-b6bb-e07a3564389b", "opinion_id": "a375b560-7aee-4475-8306-9c7209ca4f74", "paragraph_id": "87702f1a-4e04-4ddd-974c-c7a57d7a69d8", "position": 0, "text": "An individual debtor may, whether or not the debtor has waived the right to redeem under this section, redeem tangible personal property intended primarily for personal, family, or household use, from a lien securing a dischargeable consumer debt, if such property is exempt under section 522 of this title or has been abandoned under section 554 of this title, by paying the holder of such lien the amount of the allowed secured claim of such holder that is secured by such item.", "label": "no value"}, "1639a16a-2f56-4dd4-bf08-6a1317c203fb": {"case_id": "64235bdf-05d6-4097-8b15-ec96d853508f", "opinion_id": "900fad31-c3bc-45c0-910f-0685f5d3b03b", "paragraph_id": "1e829cd3-3493-435d-a7ef-cf84377b55f4", "position": 0, "text": "An individual debtor may ... redeem tangible personal property intended primarily for personal, family, or household use, from a lien securing a dischargeable consumer debt, if such property is exempted under section 522 of this title or has been abandoned under section 554 of this title, by paying the holder of such lien the amount of the allowed secured claim of such holder that is secured by such lien.", "label": "no value"}, "6cae7846-4eba-4a26-919a-a3aa638fbc7a": {"case_id": "363f8d5f-3067-473a-ae14-f0e655409c6b", "opinion_id": "3ccb9bac-5072-40e0-8f52-f0befcd5cc45", "paragraph_id": "597ef782-4cf6-473f-8adf-e018ddfccc51", "position": 0, "text": "An individual debtor may, whether or not the debtor has waived the right to redeem under this section, redeem tangible personal property intended primarily for personal, family, or household use, from a lien securing a dischargeable consumer debt, if such property is exempted under section 522 of this title or has been abandoned under section 554 of this title, by paying the holder of such lien the amount of the allowed secured claim of such holder that is secured by such lien.", "label": "no value"}, "e23b1414-3061-4e5b-b41d-538690f795dd": {"case_id": "b5cb4fed-869b-4cc9-9e5d-79c592e704e2", "opinion_id": "81533716-cb6c-41da-b6ca-3213b5f0c712", "paragraph_id": "c418b5a7-8e8b-45e9-b6cc-799d5757b0e6", "position": 0, "text": "An individual debtor may, whether or not the debtor has waived the right to redeem under this section, redeem tangible personal property intended primarily for personal, family, or household use, from a lien securing a dischargeable consumer debt, if such property is exempted under section 522 of this title or has been abandoned under section 554 of this title, by paying the holder of such lien the amount of the allowed secured claim of such holder that is secured by such lien.", "label": "no value"}, "d8d77b81-f9cf-4fa0-880e-33ca529eb0dc": {"case_id": "a7f81d83-356a-420a-b1aa-3cab2a097804", "opinion_id": "cfcae4ef-3cde-4017-ba8a-f1ffa461e70a", "paragraph_id": "97da19aa-4490-45e2-81a9-6d798704b0eb", "position": 0, "text": "An individual debtor may, whether or not the debtor has waived the right to redeem under this section, redeem tangible personal property intended primarily for personal, family, or household use, from a lien securing a dischargeable consumer debt, if such property is exempted under section 522 of this title or has been abandoned under section 554 of this title, by paying the holder of such lien the amount of the allowed secured claim of such holder that is secured by such lien.", "label": "no value"}, "dbbf175e-57f9-4638-8fe6-27a45d33698f": {"case_id": "922d65cf-fb41-468a-8c3a-8c23bab6cd90", "opinion_id": "a21c6044-0427-4ae7-b193-c00f967148a8", "paragraph_id": "5807474b-4215-483a-96c6-fcc51f8f7145", "position": 0, "text": "An individual debtor may, whether or not the debtor has waived the right to redeem under this section, redeem tangible personal property intended primarily for personal, family, or household use, from a lien securing a dischargeable consumer debt, if such property is exempted under section 522 of this title or has been abandoned under section 554 of this title, by paying the holder of such hen the amount of the allowed secured claim of such holder that is secured by such lien.", "label": "no value"}}