{"cb074414-6844-4742-8d15-2b3c9a314fb0": {"case_id": "f0bab263-3a69-417a-b87c-be5846ccb503", "opinion_id": "57d68710-51a4-41fe-b38b-9cab98c41b67", "text": "As with its analysis of the PACS, Commerce first determined the FIS bonds constituted debt upon issuance, noting the FIS bonds satisfied the first set of hierarchical criteria used to classify hybrid instruments as debt because “these instruments have fixed amortization schedules.”", "position": 26}, "b6c5266b-76c9-4e65-b6cb-8209d7b2677a": {"case_id": "3754050b-ce66-4743-8dd5-f66897a4c654", "opinion_id": "fc8a1b1d-c49a-4ef4-83ab-02aa84abfd45", "text": "Our conclusion that the capital note is not a part of shareholders’ equity or GAAP contributed capital is confirmed by an analysis of the nature of the financial instrument. As we have already explained, a capital note is a hybrid instrument which has characteristics of both debt and equity. Indeed, that the capital note can mandatorily be converted into common stock and that the principal of the note need not be repaid suggest that the capital note would provide a financial cushion similar to that of equity. The capital note has other features, however, which make it more akin to debt. The capital note requires the Bank to make payments of interest to the holder of the note. In addition, although sections 642 through 645 of the Financial Code restrict a bank’s ability to pay dividends and to make other distributions to shareholders on the basis of its earnings and shareholders’ equity, the holder of the capital note has a legally enforceable right to interest payments regardless of whether the bank would be prohibited from making distributions to its shareholders. That a bank could be forced to make interest payments on a capital note even while it is encountering financial distress strongly suggests that a capital note is not the equivalent of equity. A capital note clearly provides a less desirable financial cushion than equity, and is properly excluded from shareholders’ equity and GAAP contributed capital.", "position": 25}, "51412683-ccc4-4e36-82eb-f16b14f900c2": {"case_id": "8164e7ae-4dc8-4217-aa19-20dbed920755", "opinion_id": "5a944f50-c7a3-450c-a098-0fcd57d448f0", "text": "Hanzlicek argues the government must prove that an actual government obligation was replicated to support a conviction under § 472. An attempt to pass a falsely made obligation does not, however, require similitude where the obligation is most charitably described as a hybrid instrument given its non-standard form and nomenclature. Unlike a case involving possession or uttering counterfeit currency where the instrument must bear a likeness to the original, here no original exists. The government does not issue obligations of the form devised by Schweitzer and utilized by the Hanzliceks. It is sufficient that the government prove the instrument is falsely made, one that purports to be what it is not: an obligation of the United States, apparently in the form of a check.", "position": 50}, "c9f0d419-8f39-450c-bbef-9d052fbec1fe": {"case_id": "438c020a-4d21-4dfa-a63a-8252a21e1796", "opinion_id": "cf4993e0-beaa-40a6-8682-8da1499585c9", "text": "If after applying the first [factor], we are unable to establish whether the hybrid instrument is debt or equity, we will turn to the second [factor]. Debt instruments guarantee the creditor a certain payment (i.e., the firm is obligated to pay). The rate may be fixed or variable but the requirement for, or schedule of, payments is predetermined. Any interruption in payment results in a default on the loan by the company. Equity on the other hand, has no guaranteed return. Companies are not required to issue a dividend to their stockholders. There is no counterpart to default for failure to pay a dividend on equity by the company.", "position": 84}, "c96f2d27-77bf-4ceb-8ed8-5fbdb6081f3f": {"case_id": "ec2293f6-2eef-4224-b10c-076d3ce2ec2f", "opinion_id": "d7bc8fdd-a81b-42a5-8bbe-83a1c110e2b2", "text": "The applicability of section 1823(e) to nonnegotiable instruments should not go unbridled, however. This limitation is consistent with the contours of commercial law. In the realm of commercial law, there is a continuum, from agreements which differ from negotiable instruments in only minor respects, to those, such as ordinary contracts, which fail entirely to satisfy the requirements of negotiable instruments. White and Summers noted, for example, \"[a] party may claim he is a holder in due course of a hybrid instrument which lies somewhere in the borderland between negotiable instruments and ordinary contracts_” J. White & R. Summers, Uniform Commercial Code 555 (1980). However, they noted, \"[c]ourts should be even less willing to find negotiability in cases involving not hybrid paper but paper which bears all the characteristics of other, well recognized legal forms such as a contract or other merely executory instrument.” Id. at 556. The insurance contract fails even to resemble a negotiable instrument and, thus, should not be treated as such for the purposes of section 1823(e).", "position": 108}, "c45572fe-fa81-4cf8-95f9-6a413dbff91e": {"case_id": "fb14ee2b-07f3-49d0-815b-ae6c75d81a0f", "opinion_id": "d16c22c4-e12c-4d0e-bc43-a3caa3458ff6", "text": "3. Judicial Analysis of Hybrid Instruments", "position": 35}, "27efc686-5d9e-4bb2-b8d2-844cff3a63fa": {"case_id": "fb14ee2b-07f3-49d0-815b-ae6c75d81a0f", "opinion_id": "d16c22c4-e12c-4d0e-bc43-a3caa3458ff6", "text": "In a perfect world devoid of legal adversity and lawyers’ craft, the Amendments would have left no room for further confusion. In the real world, the introduction of “hybrid” financial instruments with both fixed and floating rates led to further litigation, as parties argued over whether these “hybrid” instruments should be considered derivative securities for purposes of Section 16(b). Four different courts, including three in this Circuit, have considered this question and “produced decisions that are difficult to reconcile, resulting in confusion among insiders as to how these instruments are to be treated under Rule 16a — 1(c)(6).”", "position": 36}, "5a778a21-e71a-4ba3-ac31-383c1f44629f": {"case_id": "fb14ee2b-07f3-49d0-815b-ae6c75d81a0f", "opinion_id": "d16c22c4-e12c-4d0e-bc43-a3caa3458ff6", "text": "“[RJespectfully disagreeing] with the conclusion reached in Lemer,” the Levy court held that the preferred stock in question was not a “derivative security,” and that consequently defendant’s December 1997 conversion of such stock was a “purchase” for purposes of Rule 16(b). Id. at *4 and n. 2. To reach this conclusion, the court focused on the SEC’s suggestion in the Release “that the focus of the inquiry [regarding a derivative security’s exemption from Section 16(b) ] should be on whether the opportunity to profit is conditioned upon the occurrence of events outside the option holder’s control.” Id. at *3. Because a security with a hybrid conversion privilege allows the option holder to “choose the floating component in order to exploit insider information by the timing of the exercise and consequent fixing of the ‘acquisition’ price,” the court reasoned that “[t]he opportunity for profit, as well as for abuse of insider information, is more within the control of the option holder and, consequently, more deserving of oversight.” Id. at *4. In essence, the court saw no difference between a hybrid instrument and one with no fixed price component at all.", "position": 49}, "fe4263b3-0ac9-4fe7-ad37-b59a006efe74": {"case_id": "fb14ee2b-07f3-49d0-815b-ae6c75d81a0f", "opinion_id": "d16c22c4-e12c-4d0e-bc43-a3caa3458ff6", "text": "Moreover, the court viewed the fixed price component as a ceiling, not an actual known quantity, because “[b]y its very terms, ... the option’s exercise price is unknown until [defendant] gives notice of conversion. The holder only knows that the price will not exceed [the fixed price].” Id. at *4. Thus, the court considered the moment when the option holder became certain of the price as the moment of “purchase,” which, in the court’s view, would not occur with a hybrid instrument until exercise of the option.", "position": 50}, "b181f07a-4539-4f1d-8d28-39af38335104": {"case_id": "fb14ee2b-07f3-49d0-815b-ae6c75d81a0f", "opinion_id": "d16c22c4-e12c-4d0e-bc43-a3caa3458ff6", "text": "After an extensive analysis of the Amendments, Lemer, and Levy, the Oz court rejected the Levy analysis, arguing that the Levy court had examined the fixed and floating privileges in isolation, but had failed to consider the operation of the hybrid instrument in practice. As opposed to the Levy court’s assertion that the opportunity for profit is within the control of the option holder, the Oz court contended that “the ‘choice’ of fixed versus floating price privileges is dictated by the market price of the security, not the investor per se.” Id. at *7.", "position": 54}, "8d8f1c77-3423-412a-8fc3-3cef842d1636": {"case_id": "fb14ee2b-07f3-49d0-815b-ae6c75d81a0f", "opinion_id": "d16c22c4-e12c-4d0e-bc43-a3caa3458ff6", "text": "Moreover, the Oz court found that “the fixed price enables the investor who has received inside information to lock his position with a minimum number of shares, and, thereby, realize a minimum profit.” Id. Thus, “the exercise or conversion price is established prior to conversion; it will either be the fixed conversion price or a lesser amount.” Id. at *8. This knowledge is sufficient enough for the investor “to lock in [his] position with respect to the underlying security, and creates an incentive to conduct short-swing transactions on the basis of inside information.” Id. As a result, the court concluded, a hybrid instrument invokes the same investor response as one with only a fixed price component, and should consequently be treated the same way as a fixed price instrument for purposes of Section 16(b).", "position": 55}, "492de815-7db2-4d04-afa9-de57d8f01de2": {"case_id": "fb14ee2b-07f3-49d0-815b-ae6c75d81a0f", "opinion_id": "d16c22c4-e12c-4d0e-bc43-a3caa3458ff6", "text": "Prior to filing an amicus curiae brief (the “Brief’) with the Second Circuit in Levy v. Southbrook Ink Inv., Ltd., 263 F.3d 10 (2d Cir.2001), the SEC had not provided any guidance on the treatment of hybrid derivative instruments under the derivative security scheme adopted in the Amendments. However, the issues involved in Southbrook led the Second Circuit to request input from the SEC on how such hybrid instruments should be treated.", "position": 57}, "d6b420d7-a2b0-4f71-8553-5d519c0c7ea0": {"case_id": "fb14ee2b-07f3-49d0-815b-ae6c75d81a0f", "opinion_id": "d16c22c4-e12c-4d0e-bc43-a3caa3458ff6", "text": "In its Brief, the SEC noted that the fixed rate component of the hybrid instrument involved in Southbrook “sets a floor below which the number of common shares received on conversion will not decline,” with the result that “the holder’s minimum opportunity to profit from the underlying common stock is established at the time the holder acquires the convertible preferred stock.” (Brief, dated March 2001, attached as Exh. A to Declaration of Paul D. Wexler, dated July 14, 2003, at 26-27) (emphasis added). By contrast, the SEC observed that the floating rate component “provides for the investor to convert into an increasing number of common shares as the market price of the common shares declines,” with the result that “[t]he holder’s opportunity to profit with respect to any additional shares of common that it may acquire through the floating rate component is not fixed until conversion. ” (Id. at 27) (emphasis added).", "position": 59}, "acdd8140-d0ee-463a-8cdd-2b25d3150901": {"case_id": "fb14ee2b-07f3-49d0-815b-ae6c75d81a0f", "opinion_id": "d16c22c4-e12c-4d0e-bc43-a3caa3458ff6", "text": "Thus, the SEC’s position in the Brief is similar in approach to that of the Magma Power court, separating the hybrid instrument into two distinct derivative instruments. Under such independent analysis, the SEC concluded that a holder of convertible preferred stock has an opportunity to profit, either directly or indirectly, from a transaction in that preferred stock only if the conversion price is fixed. If the convertible preferred stock has a floating conversion price, then such opportunity to profit cannot occur until the price is fixed, which would only happen through conversion of the preferred stock. Therefore, under the SEC’s reasoning, the acquisition (or disposition) of a hybrid instrument results in (1) an immediate acquisition (or disposition) of a derivative security with respect to the minimum number of shares of underlying common stock that can be acquired under the fixed rate component, and (2) a subsequent purchase (or sale) at the time of conversion of any additional shares acquired (or disposed of) at that time under the floating rate component.", "position": 61}, "c3bf0fc7-9a3b-46a1-b183-dc0efb9c8914": {"case_id": "fb14ee2b-07f3-49d0-815b-ae6c75d81a0f", "opinion_id": "d16c22c4-e12c-4d0e-bc43-a3caa3458ff6", "text": "The foregoing discussion leads the Court to the question at issue in the instant case: were the Conversions purchases or non-events for purposes of Section 16(b)? The Court answers the question by declining to follow previous judicial rulings which reasoned that a hybrid instrument must be treated as akin to an instrument with either only a fixed or only a floating option, and instead adopts the SEC’s reasoning as outlined in the Brief.", "position": 64}, "7b85221d-3484-4694-9b59-1c25cbf99b16": {"case_id": "fb14ee2b-07f3-49d0-815b-ae6c75d81a0f", "opinion_id": "d16c22c4-e12c-4d0e-bc43-a3caa3458ff6", "text": "Implicit in this approach is the acknowledgment that a hybrid instrument presents an investor with not one, but two opportunities to lock in profit and conduct short-swing trading based on inside information: first, at the acquisition of the preferred stock, due to the fixed formula, and again at the conversion of the preferred stock, due to the floating formula. By focusing only on the first opportunity, the Lemer and Oz courts both disregarded the potential for abuse that could occur at the conversion stage. Indeed, the Lemer court went so far as to minimize the effect of the floating price component, arguing that its only effect is to increase the investor’s profit above the level the investor locked in upon purchase of the preferred stock. Yet, given Congress’ intent to prevent “the realization of short-swing profits based upon access to inside information,” Magma Power, 136 F.3d at 320, it strikes this Court as unwarranted to ignore an investor’s ill-gotten gains simply because they exceed his original expectations.", "position": 69}, "fe96a59d-83b2-406d-b0f6-0836437207c0": {"case_id": "fb14ee2b-07f3-49d0-815b-ae6c75d81a0f", "opinion_id": "d16c22c4-e12c-4d0e-bc43-a3caa3458ff6", "text": "(Brief, swpra, at 3.) In other words, the SEC was asked its opinion of whether a hybrid instrument with a fixed and floating conversion formula should be considered a fixed or floating rate derivative. This question is directly applicable to the case at bar, and the SEC’s reasoning offers substantial guidance to the Court in determining how to treat the Preferred Stock.", "position": 73}, "fb55524a-110a-4218-888c-8f2e15062a87": {"case_id": "fb14ee2b-07f3-49d0-815b-ae6c75d81a0f", "opinion_id": "d16c22c4-e12c-4d0e-bc43-a3caa3458ff6", "text": "— agrees. In a letter to the SEC’s Director of Division of Corporation Finance that commented on the Brief, the Subcommittee noted that it was “pleased that the [SEC had] provided guidance regarding the treatment of hybrid instruments under the derivative securities ... provisions” and “agree[s] generally with the [SEC’s] views,” which the Subcommittee believed would “help to provide certainty to an area that is beset by differences of opinion.” ABA Letter, supra, at *599.", "position": 76}, "8ea3b504-253c-4664-bbb3-ec7e5b140d53": {"case_id": "fb14ee2b-07f3-49d0-815b-ae6c75d81a0f", "opinion_id": "d16c22c4-e12c-4d0e-bc43-a3caa3458ff6", "text": "Defendants also contend that if the Brief is considered to be the announcement of a new approach by the SEC with regard to the treatment of hybrid instruments, it is unfair to hold Defendants liable because Defendants did not have fair notice of this interpretation. The Court disagrees. The Conversions occurred prior to the rulings in Lemer, Levy, and Oz, which means that at that time, Defendants had the Amendments and Magma Power as guidance in determining how to treat the hybrid instruments. The Court finds those two sources sufficient to support the conclusion the Court reaches today. The Amendments clearly distinguished the treatment under Section 16(b) between a derivative security with a fixed price option and one with a floating price option, and noted the potential for abuse when using a floating price formula. After discussing the Amendments, Magma Power built on their precedent by analyzing each option separately, as opposed to considering the instrument as a whole, so as not to “offer insiders an opportunity to avoid Section 16(b) that poses so little challenge to ingenuity.”", "position": 78}, "905f46c7-ac6d-4b13-ab34-58095d5322d9": {"case_id": "fb14ee2b-07f3-49d0-815b-ae6c75d81a0f", "opinion_id": "d16c22c4-e12c-4d0e-bc43-a3caa3458ff6", "text": "11 . The SEC later explains that this reasoning does not apply when determining whether an investor is a more than 10 percent beneficial owner because the 10 percent ownership provisions of Rule 16a-l (a)(1) rely on the Section 13(d) standards rather than the derivative security standards when dealing with hybrid instruments. See Brief, supra, at 30. For purposes of this Decision and Order, such distinctions are unnecessary to consider in the Court's discussion.", "position": 102}, "334f086e-c332-4243-a1ea-54cb01888991": {"case_id": "fb14ee2b-07f3-49d0-815b-ae6c75d81a0f", "opinion_id": "d16c22c4-e12c-4d0e-bc43-a3caa3458ff6", "text": "17 . Defendants also contend that Magma Power did not address a conversion right with a hybrid conversion formula. Instead, Defendants assert that the notes in Magma Power contained two separate option provisions, the fixed price option operable by the noteholders and the floating price option operable by defendant. The Court disagrees. The notes in Magma Power were analogous to the hybrid preferred stock in the instant case in that they contained a formula which converted the notes into alternative forms of consideration [i.e., a fixed number of shares of stock or a variable amount of cash based on the market value of such shares as the time of exchange) as selected by the defendant. The Second Circuit's analysis and reasoning, which involved examination of Section 16(b) and the Amendments, provides considerable guidance to anyone attempting to understand Section 16(b)’s treatment of hybrid instruments. The Court also notes that the Subcommittee shares this assessment, having referred to Magma Power in the ABA Letter as a decision directly applicable to the issue of how hybrid instruments are treated under Section 16(b). See ABA Letter, supra, at *597.", "position": 108}, "215db202-b42f-40fc-b889-60384aba0a8a": {"case_id": "f8fe7111-1bd3-4309-888b-c9d9e4bdc885", "opinion_id": "1f011ea0-dd81-406c-90d7-37ed52386cc1", "text": "Which means that the dispute of 1980-82 about options will be played out — is being played out — about each new instrument. Today’s case repeats the conflict. Other novel instruments are being handled by regulation. For example, on July 17, 1989, the CFTC adopted rules exempting from its regulation certain hybrid instruments combining equity or debt with payments based on the price of commodities. 17 C.F.R. Part 34, 54 Fed.Reg. 30684 (1989). Only merger of the agencies or functional separation in the statute can avoid continual conflict. Functional separation is hard to achieve (new instruments will appear at any border). The SEC favors merger; it has asked Congress repeatedly for jurisdiction over all products (including stock-index and financial futures) based on securities, which would relegate the CFTC to its original role as superintendent of commodities futures. The CFTC has so far defended its position, in part with the argument that multiple regulatory bodies allow greater competition and experimentation — a new product can reach market if either agency approves the variant within its domain. See Daniel R. Fisehel, Regulatory Conflict and Entry Regulation of New Futures Contracts, 59 J. Business S85 (1986); Ron-aid W. Anderson, The Regulation of Futures Contracts Innovations in the United States, 4 J. Futures Markets 297 (1984).", "position": 27}, "e4117d7f-635c-4773-9f8f-a9c9ad5812d5": {"case_id": "71cafdcd-2b7e-4788-8c8b-a77ce28a7d1f", "opinion_id": "1ab89d0b-a1b7-4336-86a7-1659f876a005", "text": "If the RZVs were not grants, Dillinger continues, Commerce should consider the RZVs to be hybrid instruments under Commerce’s equityworthiness methodology and classify them as equity at the time they arose. In addition, Dillinger argues, “[i]t is particularly troublesome that [Commerce] adheres to its finding that the RZVs were debt instruments, and that the abandonment of the RZVs constituted debt forgiveness in 1989 because, as a purely factual matter, the ‘debt’ found in this case has not been ‘forgiven.’” (Id. at 40.) The Governments of Germany and Saarland, Dillinger argue, abandoned the RZVs because they were worthless. However, the governments could lay claim to the assets of SAG in a bankruptcy proceeding.", "position": 107}, "f6bc05c3-bc56-48dc-a0ee-b23cf1827435": {"case_id": "71cafdcd-2b7e-4788-8c8b-a77ce28a7d1f", "opinion_id": "1ab89d0b-a1b7-4336-86a7-1659f876a005", "text": "(Def.’s Mem. in Resp. to Pis.’ Mots. (Def.’s Resp.) at 29.) Commerce argues its classification of the RZVs or contingent repayment obligations as debt is supported by substantial evidence first because “[t]he hallmark of debt is the obligation to repay. ” (Id. at 30 (citation omitted).) Because the RZVs required repayment, Commerce argues it properly treated them as debt. Second, Commerce maintains Dillinger ignores the fundamental nature of a grant, which is, in part, the provision of funds “‘without expectation of a * * * payment of any kind.’” (Id. at 31 (citation omitted) (Commerce’s emphasis deleted).) The fact that the contingency did not occur antecedent to cancellation of the RZVs, Commerce reasons, “does not change the essential character of the instruments, which were obligations to repay.” (Id. at 32 (citation omitted).) According to Commerce, Dillinger confuses the repayment obligation with terms and conditions for repayment. Furthermore, Commerce argues, no evidence in the record suggests the governments provided the RZVs with the knowledge the firm could not meet the repayment obligations, and, “ [g] iven that they did attach a repayment obligation, it was reasonable for Commerce to find that the RZVs constituted debts of the company.” (Id. at 33.) As to Dillinger’s argument that the RZVs should be classified as equity, Commerce claims: (1) Dillinger did not raise the issue below; and (2) Dillinger has erroneously read Commerce’s criteria used to identify hybrid instruments as debt or equity. Finally, regarding Dillinger’s argument concerning bankruptcy, Commerce responds: (1) the events giving rise to the bankruptcy occurred subsequent to the period of investigation and, therefore, are not supported by the record; and (2) the bankruptcy does not impact benefits accruing during the period of investigation.", "position": 109}, "5b1f66f6-9666-45ad-9ecf-cba4fb47730e": {"case_id": "941a495b-b12e-4db9-b665-4ecbe3fa2f94", "opinion_id": "ea909849-6c8e-4cf2-b909-ed50c9f70374", "text": "The Court is not persuaded by Domestic Producers’ arguments challenging Commerce’s finding that Sidmar’s preferred shares constituted equity. In defense of its findings described above, Commerce sets forth substantial evidence on the record that the preferred shares constituted equity. See supra section one, part VIII. A.2. Commerce gathered record evidence and worked it through its hierarchy for hybrid instruments, criterion by criterion, reaching the conclusion the preferred shares were equity instruments. Although the agency need not have examined each criterion in its hierarchy, that Commerce was able to advance substantial evidence for each criterion to support its characterization of the shares as equity is persuasive evidence that the agency’s finding is based on substantial evidence and is otherwise in accordance with law. See supra section one, part I.D.l (upholding Commerce’s hierarchical analysis of hybrid securities). Domestic Producers’ argument in opposition does little more than advance an alternative reading of the record evidence. It is clear that “the possibility of drawing two inconsistent conclusions from the evidence does not prevent an administrative agency’s finding from being supported by substantial evidence.” Consolo, 383 U.S. at 620 (citations omitted). The Court holds Commerce’s determination that Sidmar’s preferred shares constituted equity is based on substantial evidence and is otherwise in accordance with law.", "position": 289}, "6c39e57c-eff3-4fa0-9cd4-e4fb10c9d014": {"case_id": "941a495b-b12e-4db9-b665-4ecbe3fa2f94", "opinion_id": "ea909849-6c8e-4cf2-b909-ed50c9f70374", "text": "* * * To classify a hybrid instrument as either debt or equity, we have applied the following hierarchy which in the Department’s view establishes whether an instrument has the qualities of debt or equity: (1) Expiration/ Maturity Date/Repayment Obligation, (2) Guaranteed Interest or Dividends, (3) Ownership Rights, and (4) Seniority. For each hybrid instrument, we considered the four sets of criteria in order. Once a characteristic is clearly indicative of debt or equity, we will stop our analysis and categorize the hybrid as debt or equity.", "position": 25}, "b8790b72-3459-43ce-a9d7-d920282df64f": {"case_id": "941a495b-b12e-4db9-b665-4ecbe3fa2f94", "opinion_id": "ea909849-6c8e-4cf2-b909-ed50c9f70374", "text": "Commerce responds its determination that parts bénéficiaries are equity and not debt is supported by substantial evidence on the record and is in accordance with law. (Def.’s Br. at 51.) After discussing the basis for Commerce’s new methodology of classifying hybrid instruments and its application to parts bénéficiaries in this case, Commerce contends it “has discretion to evaluate the facts on the record and to decide which are the most informative as to the nature of [parts bénéficiaries]. ” (Id. at 59 (citation omitted).) Commerce dismisses Domestic Producers’ claims to the contrary and contends, “[arguments by [Domestic Producers] to the effect that [parts bénéficiaries] have more in common with debt and are in fact contingent liability interest-free loans, simply confirm the hybrid nature of [parts bénéficiaries] and invite the Court to second-guess the Department.” (Id. at 60.)", "position": 60}, "932387cb-94ce-417f-82ad-30bc7d73389b": {"case_id": "941a495b-b12e-4db9-b665-4ecbe3fa2f94", "opinion_id": "ea909849-6c8e-4cf2-b909-ed50c9f70374", "text": "If after applying the first set of criteria, we are unable to establish whether the hybrid instrument is debt or equity, we will turn to the second set of criteria. Debt instruments guarantee the creditor a certain payment (i.e., the firm is obligated to pay). The rate may be fixed or variable but the requirement for, or schedule of, payments is pre-determined. Any interruption in payment results in a default on the loan by the company. Equity on the other hand, has no guaranteed return. Companies are not required to issue a dividend to their stockholders. There is no counterpart to default for failure to pay a dividend on equity by the company.", "position": 89}, "cace1533-3cd8-433a-a097-c81c8090a639": {"case_id": "d725cd59-b43d-484e-b333-42165f3a2a27", "opinion_id": "21380d71-769e-4cd0-96c4-a096dc824bb8", "text": "The continued evolution of products marketed by life insurance companies has resulted in hybrid instruments such as the Individual Flexible Premium Deferred Fixed and Variable Annuity Contract under consideration in this case. These instruments are designed to provide features of traditional insurance products: avoidance of probate, flexible payment options, tax sheltered investment appreciation, and the protection of state insurance regulation, while at the same time allowing investment opportunities and flexibility traditionally found only in direct market or mutual fund investments. Because of this complexity, categorizing these products in terms of the more static descriptions of the statutes can be difficult.", "position": 16}, "4a5daa77-d24f-4c10-bd23-50fc35e4243c": {"case_id": "8f2762a5-7bc5-427b-8eea-3066a069e3be", "opinion_id": "67ac506c-280c-4152-b1fe-05d8f6cb753c", "text": "If the RZVs were not grants, Dillinger continues, Commerce should consider the RZVs to be hybrid instruments under Commerce’s equityworthiness methodology and classify them as equity at the time they arose. In addition, Dillinger argues, “[i]t is particularly troublesome that [Commerce] adheres to its finding that the RZVs were debt instruments, and that the abandonment of the RZVs constituted debt forgiveness in 1989 because, as a purely factual matter, the ‘debt’ found in this ease has not been ‘forgiven.’ ” (Id. at 40.) The Governments of Germany and Saarland, Dillinger argue, abandoned the RZVs because they were worthless. However, the governments could lay claim to the assets of SAG in a bankruptcy proceeding.", "position": 105}, "bec37651-c580-44d8-a994-c177c60d4e03": {"case_id": "8f2762a5-7bc5-427b-8eea-3066a069e3be", "opinion_id": "67ac506c-280c-4152-b1fe-05d8f6cb753c", "text": "(Def.’s Mem. in Resp. to Pis.’ Mots. (Def.’s Resp.) at 29.) Commerce argues its classification of the RZVs or contingent repayment obligations as debt is supported by substantial evidence first because “[t]he hallmark of debt is the obligation to repay.” (Id. at 80 (citation omitted).) Because the RZVs required repayment, Commerce argues it properly treated them as debt. Second, Commerce maintains Dillinger ignores the fundamental nature of a grant, which is, in part, the provision of funds “ “without expectation of a ... payment of any kind.’ ” (Id. at 31 (citation omitted) (Commerce’s emphasis deleted).) The fact that the contingency did not occur antecedent to cancellation of the RZVs, Commerce reasons, “does not change the essential character of the instruments, which were obligations to repay.” (Id. at 32 (citation omitted).) According to Commerce, Dillinger confuses the repayment obligation with terms and conditions for repayment. Furthermore, Commerce argues, no evidence in the record suggests the governments provided the RZVs with the knowledge the firm could not meet the repayment obligations, and, “[g]iven that they did attach a repayment obligation, it was reasonable for Commerce to find that the RZVs constituted debts of the company.” (Id. at 33.) As to Dillinger’s argument that the RZVs should be classified as equity, Commerce claims: (1) Dillinger did not raise the issue below; and (2) Dillinger has erroneously read Commerce’s criteria used to identify hybrid instruments as debt or equity. Finally, regarding Dillinger’s argument concerning bankruptcy, Commerce responds: (1) the events giving rise to the bankruptcy occurred subsequent to the period of investigation and, therefore, are not supported by the record; and (2) the bankruptcy does not impact benefits accruing during the period of investigation.", "position": 107}, "3e3fafc7-a8b7-4604-993a-c56b34fd3bd2": {"case_id": "041bb6e6-9c08-4449-82e5-ffcbb5cf6c9b", "opinion_id": "fe425d16-3d4a-4007-b2e5-67f8062cf773", "text": "Determination of whether any one particular contract fits the definition of annuity for the purposes of an exemption under the Ohio statute is further complicated by the significant variation of contracts of this sort. The continued evolution of products marketed by life insurance companies has resulted in hybrid instruments such as the Individual Flexible Premium Deferred Fixed and Variable Annuity Contract under consideration in this case. These instruments are designed to provide features of traditional insurance products: avoidance of probate, flexible payment options, tax sheltered investment appreciation, and the protection of state insurance regulation, while at the same time allowing investment opportunities and flexibility traditionally found only in direct market or mutual fund investments. Because of this complexity, categorizing these products in terms of the more static descriptions of the statutes can be difficult. In this case, however, it appears that the contract listed for exemption by the Debtors is in the nature of those described in In re Cullison and In re Fichter. Similarities include the flexibility, which allows withdrawals and changes of the annuity commencement date and recipient of the payments, as well as an essential nature more in the mode of an investment vehicle rather than a contract with a life insurance emphasis. For instance, upon the death of an insured, the death benefit is essentially equal to the amount it would be if the arrangement were an investment account rather than a life insurance policy. Thus, as the contracts in In re Cullison and in In re Fichter were considered to be beyond the scope of annuities as contemplated by O.R.C. § 3911.10, so too, is the Debtor’s contract in this case.", "position": 25}, "821dfe19-81ac-49d8-8e3e-6f69fd9a4415": {"case_id": "b3d1007b-bbca-49c3-abae-2363e9b5c2df", "opinion_id": "8930735e-de55-4a7f-9fe3-bdd455b01ac4", "text": "... To classify a hybrid instrument as either debt or equity, we have applied the following hierarchy which in the Department’s view establishes whether an instrument has the qualities of debt or equity: (1) Expiration/Maturity Date/Repayment Obligation, (2) Guaranteed Interest or Dividends, (3) Ownership Rights, and (4) Seniority. For each hybrid instrument, we considered the four sets of criteria in order. Once a characteristic is clearly indicative of debt or equity, we will stop our analysis and categorize the hybrid as debt or equity.", "position": 25}, "7f5ec59a-180f-4f9d-991d-7c9223629ade": {"case_id": "b3d1007b-bbca-49c3-abae-2363e9b5c2df", "opinion_id": "8930735e-de55-4a7f-9fe3-bdd455b01ac4", "text": "Commerce responds its determination that parts bénéficiaries are equity and not debt is supported by substantial evidence on the record and is in accordance with law. (Def.’s Br. at 51.) After discussing the basis for Commerce’s new methodology of classifying hybrid instruments and its application to parts bénéficiaries in this case, Commerce contends it “has discretion to evaluate the facts on the record and to decide which are the most informative as to the nature of [parts bénéficiaries].” (Id. at 59 (citation omitted).) Commerce dismisses Domestic Producers’ claims to the contrary and contends, “[arguments by [Domestic Producers] to the effect that [parts bénéficiaries] have more in common with debt and are in fact contingent liability interest-free loans, simply confirm the hybrid nature of [parts bénéficia-ries] and invite the Court to second-guess the Department.” (Id. at 60.)", "position": 59}, "5ebf6f07-0da9-4f7c-895b-a213be5da4da": {"case_id": "b3d1007b-bbca-49c3-abae-2363e9b5c2df", "opinion_id": "8930735e-de55-4a7f-9fe3-bdd455b01ac4", "text": "If after applying the first set of criteria, we are unable to establish whether the hybrid instrument is debt or equity, we will turn to the second set of criteria. Debt instruments guarantee the creditor a certain payment (i.e., the firm is obligated to pay). The rate may be fixed or variable but the requirement for, or schedule of, payments is pre-determined. Any interruption in payment results in a default on the loan by the company. Equity on the other hand, has no guaranteed return. Companies are not required to issue a dividend to their stockholders. There is no counterpart to default for failure to pay a dividend on equity by the company.", "position": 87}, "3c683a39-2eae-463e-a733-bf7b0da7453f": {"case_id": "b3d1007b-bbca-49c3-abae-2363e9b5c2df", "opinion_id": "8930735e-de55-4a7f-9fe3-bdd455b01ac4", "text": "The Court is not persuaded by Domestic Producers’ arguments challenging Commerce’s finding that Sidmar’s preferred shares constituted equity. In defense of its findings described above, Commerce sets forth substantial evidence on the record that the preferred shares constituted equity. See supra section one, part VIII.A.2. Commerce gathered record evidence and worked it through its hierarchy for hybrid instruments, criterion by criterion, reaching the conclusion the preferred shares were equity instruments. Although the agency need not have examined each criterion in its hierarchy, that Commerce was able to advance substantial evidence for each criterion to support its characterization of the shares as equity is persuasive evidence that the agency’s finding is based on substantial evidence and is otherwise in accordance with law. See supra section one, part I.D. 1 (upholding Commerce’s hierarchical analysis of hybrid securities). Domestic Producers’ argument in opposition does little more than advance an alternative reading of the record evidence. It is clear that “the possibility of drawing two inconsistent conclusions from the evidence does not prevent an administrative agency’s finding from being supported by substantial evidence.” Consolo, 383 U.S. at 620, 86 S.Ct. at 1026 (citations omitted). The Court holds Commerce’s determination that Sidmar’s preferred shares constituted equity is based on substantial evidence and is otherwise in accordance with law.", "position": 281}, "8c8c47ae-cb64-46cb-9503-b6a27d78f083": {"case_id": "4fb50087-0c76-4b5d-9861-4dee0a2ff282", "opinion_id": "71f944c3-9304-4c73-9167-7e5cbbe556f2", "text": "No agreement, contract, or transaction between eligible contract participants\n10\nor persons reasonably believed to be eligible contract participants, and no hybrid instrument sold to any investor, shall be void, voidable, or unenforceable, and no such party shall be entitled to rescind, or recover any payment made with respect to, such an agreement, contract, transaction, or instrument under this section or any other provision of Federal or State law, based solely on the failure of the agreement, contract, transaction, or instrument to comply with the terms or conditions of an exemption or exclusion from any provision of this chapter or regulations of the Commission.", "position": 76}, "3bb24496-3669-486d-bf1f-4514e365d9db": {"case_id": "0b0c67ba-a3eb-46ac-8d9a-87d9f6c651e0", "opinion_id": "a85a7a4d-f730-49fe-a73d-c32d2d50dd08", "text": "31 . The Commission intends to adopt regulations concerning the scope of the forward contract’s jurisdictional exclusion in a future release. 54 Fed.Reg. 1128, 1130 n. 14 (\"Proposed Rules Concerning Regulation of Hybrid Instruments”) (CFTC January 11, 1989).", "position": 213}, "e03499b4-90a8-4df4-9942-8c76e26fe6fa": {"case_id": "ea4d08fd-1246-4177-addd-5ebfa707dd9b", "opinion_id": "9f1691d4-1e01-4d57-b239-bd31f7a36367", "text": "Citizens is organized pursuant to Charter K (Rev.), 12 CFR §544.1(b) (as of July 1, 1976), which provides for raising capital “by accepting payments on savings accounts representing share interests in the association.” These shares are the association’s only means of raising capital. Here they are divided into passbook accounts and certificates of deposit. In reality, these shares are hybrid instruments having both equity and debt characteristics. They combine in one instrument the separate characteristics of the guaranty stock and the savings accounts of stock associations like Commerce.", "position": 16}, "ba4e3c6c-64c0-44a2-9ae4-b79e6e454827": {"case_id": "ea4d08fd-1246-4177-addd-5ebfa707dd9b", "opinion_id": "85bca144-c2d2-4ef0-98cf-8d203d51c85a", "text": "Against this background, the Court concludes that the equity interest represented in the share accounts of a mutual savings and loan is so insubstantial that shareholders who receive such accounts do not retain a sufficient proprietary interest in the enterprise. The basis of the Court’s holding is a characterization of the mutual share accounts as “hybrid instruments” having both equity and debt characteristics, ante, at 138. The Court finds that the debt characteristics outweigh the equity characteristics, ante, at 140, and concludes that the equity interest received does not represent “a substantial part of the value of the thing transferred.” Helvering v. Minnesota Tea Co., supra, at 385.", "position": 9}, "b3e48aea-bd42-4c49-9faf-9077cf355e8c": {"case_id": "ea4d08fd-1246-4177-addd-5ebfa707dd9b", "opinion_id": "85bca144-c2d2-4ef0-98cf-8d203d51c85a", "text": "Having unpersuasively attempted to argue away the equity characteristics of the mutual share accounts, the Court then finds3 that the debt characteristics outweigh the equity characteristics, concluding that the equity value is “practically, zero.” Ante, at 140. The Court's reasoning suggests that, no matter how much capital a mutual association possesses, the equity value of its shares is insubstantial because no one would pay more for the shares than their face value. This result is preordained by the Court’s unsupported determination that the value of the “nonequity” features is equal to the face value of the account. By definition, nothing can be left to allocate to the equity features. A more realistic analysis would acknowledge that the equity aspects of a hybrid instrument are intertwined with the debt aspects and cannot be valued in isolation.", "position": 17}, "b8ead9e1-a46e-4488-9e21-d0d2327867b3": {"case_id": "ea4d08fd-1246-4177-addd-5ebfa707dd9b", "opinion_id": "85bca144-c2d2-4ef0-98cf-8d203d51c85a", "text": "The Court’s opinion also has ramifications beyond mutual associations. This case presents the first opportunity for the Court to consider the use of hybrid instruments in reorganizations. Previously, the Court has held that the receipt of stock, whether common, voting, or nonvoting preferred, satisfies the continuity-of-interest test. If the Court is to now examine the actual exercise of the proprietary rights conferred by ownership of a particular security, it will inevitably reach conflicting results in similar cases. Predicting the tax consequences of reorganizations undertaken for a valid business purpose will become increasingly difficult. I would adhere to precedent and to a clear test and hold that a hybrid instrument which has the principal characteristics of equity ownership should be treated as equity for purposes of the continuity-of-proprietary-interest requirement. If the value of that instrument considered as a whole represents a substantial part of the value of the property transferred, in my view the continuity-of-interest requirement is satisfied and the transaction should qualify as a tax-deferred reorganization. I, therefore, dissent.", "position": 19}, "29286ca5-36f0-4cbf-a338-3bf4602948ff": {"case_id": "4fd54924-50bf-4ea0-b20c-d18c13b843d0", "opinion_id": "a853bdbe-4d8c-4a78-ae56-8b4a89104c13", "text": "The government also directs our attention to some statutes in which Congress explicitly provided for “exclusive” district court jurisdiction over actions previously under agency jurisdiction. It sees these as similar to the immigration statutes now before us. But the statutes cited by the government all provide for judicial review of administratively final orders. Section 1447(b), in contrast, comes into effect when the agency fails to act and allows another entity to step in to fill the void. See 15 U.S.C. § 78y(a)(3) (review of final SEC orders); 7 U.S.C. § 27d(c)(3) (review of agency rules purporting to regulate hybrid instruments by the Commodity Futures Trading Commission); 7 U.S.C. § 136n(b) (review of orders refusing to cancel or suspend registration of pesticides by the Department of Agriculture). Indeed, in two of the three statutes cited by the government, the explicit reference to exclusive jurisdiction was necessary to distinguish between situations in which the courts have exclusive jurisdiction and those in which they have concurrent jurisdiction, because both types of jurisdiction are provided by the statute. See 15 U.S.C. § 78y(a)(3) (“[0]n the filing of the petition, the court has jurisdiction, which becomes exclusive on the filing of the record.”); 7 U.S.C. § 27d(c)(3) (“On the date of the filing of a petition ... the court shall have jurisdiction, which shall become exclusive on the filing of [other] materials.... ”). These differences deprive the statutes on which the government relies of any value as guides for interpreting § 1447(b).", "position": 21}, "def6cc09-83e1-475b-9c45-e41dfdae1766": {"case_id": "a767b71e-75c7-4e17-9e45-0b0130ab5edc", "opinion_id": "5bb04d7a-ce37-465a-89de-befe86dbc8bd", "text": "Credit unions must redeem their share deposits, as banks must repay depositors; in this sense shares are liabilities; business corporations’ shares are not similarly convertible into cash on demand. Depositors at credit unions vote, but not in proportion to their holdings. 12 U.S.C. § 1760. Doubtless shares are “equity” for some purposes, see § 703 of the Competitive Equality Banking Act of 1987, 101 Stat. 552 (1987), amending 12 U.S.C. § 1757(6). The right to vote, the contingency of dividends, and the right to participate in profits on liquidation are equity-like features. Arguments may be made for or against any particular classification of such a hybrid instrument. The NCUA may prescribe a treatment. The judicial branch of government should stand clear of definitional disputes. None of the claims presented in this case states a case or controversy under Article III of the Constitution.", "position": 12}, "d97f6557-b376-4303-b36c-a8f08dacd3b0": {"case_id": "3c53ff15-b2dc-413d-9880-6deabb2e6521", "opinion_id": "65821ba4-f714-46cb-bbc9-8f9040acdcc6", "text": "As with its analysis of the PACS, Commerce first determined the FIS bonds constituted debt upon issuance, noting the FIS bonds satisfied the first set of hierarchical criteria used to classify hybrid instruments as debt because “these instruments have fixed amortization schedules.”", "position": 26}, "cc62521b-86ec-4072-9e23-76bb88c03c0e": {"case_id": "96f8c695-a6aa-488b-b3ac-6df8a218ae46", "opinion_id": "efe9a36f-c397-4a08-ae53-31f0a99121c5", "text": "Since Lemer and Oz, the SEC has provided guidance on the treatment of hybrid instruments in an amicus brief submitted in Levy v. Southbrook Intern. Investments, Ltd., 263 F.3d 10 (2d Cir.2001) (00-7630).", "position": 36}, "28a7f93f-2ed7-45af-8950-6ead76d63f4c": {"case_id": "96f8c695-a6aa-488b-b3ac-6df8a218ae46", "opinion_id": "efe9a36f-c397-4a08-ae53-31f0a99121c5", "text": "At least one other judge in this Court has read the SEC brief in this way. See Schaffer ex rel. Lasersight Inc. v. CC Investments, LDC, 280 F.Supp.2d 128, 139-140 (S.D.N.Y.2003) (“[U]nder the SEC’s reasoning, the acquisition (or disposition) of a hybrid instrument results in (1) an immediate acquisition (or disposition) of a derivative security with respect to the minimum number of shares of underlying common stock that can be acquired under the fixed rate component, and (2) a subsequent purchase (or sale) at the time of conversion of any additional shares acquired (or disposed of) at that time under the floating rate component.”) (emphasis added).", "position": 42}, "e213a220-2b17-4cbd-a44a-7bc1a1f0261f": {"case_id": "717ea6fb-bccc-459f-9a0e-f5337c06bc95", "opinion_id": "d3abaca0-3dc3-4cc2-a8fc-82a672f22871", "text": "We thus prefer the approach taken by the district courts in Schaffer ex rel. Lasersight Inc. v. CC Invs., LDC, 280 F.Supp.2d 128 (S.D.N.Y.2003), At Home Corp. v. Cox Commc’ns, Inc., 340 F.Supp.2d 404 (S.D.N.Y.2004), and the present case, Analytical Surveys, Inc. v. Tonga Partners, L.P., 2008 WL 4443828. Under this “bifurcated” approach, the acquisition of a hybrid instrument that allows for the purchase of shares constitutes a § 16(b) purchase of the minimum number of shares that could be acquired if exercise were at the fixed price; conversion of the instrument at a lower floating price is a separate § 16(b) purchase of any additional shares acquired based on the difference between the fixed price and the floating price. But, as discussed above, see supra at 49 n. 21, conversion at the fixed price is not an additional purchase for § 16(b) purposes.", "position": 87}, "94797c45-45b7-431a-a039-b4918b4e059e": {"case_id": "717ea6fb-bccc-459f-9a0e-f5337c06bc95", "opinion_id": "d3abaca0-3dc3-4cc2-a8fc-82a672f22871", "text": "22 . An analogous approach would also apply to the acquisition (and later exercise) of a hybrid instrument that allows for the sale of shares. We note that since the 2004 Note was a “new” rather than amended note, Tonga made a § 16(b) purchase within six months of a matchable sale under either the Lemer/Oz view or Schaffer’s bifurcated approach to hybrid derivative securities and is thus subject to disgorgement of profits regardless, though the size of that disgorgement obligation would be substantially smaller under Lemer/Oz.", "position": 126}, "fbd2ceeb-4641-4162-9da3-5954bf285666": {"case_id": "3c3165f4-8386-4938-8402-d15418c9fbc7", "opinion_id": "103ab6c2-2ac3-4ebc-8bbb-936c4ff88fb1", "text": "In Bank of Nevada, the note contained the following language: “On Demand: if no demand is made then on August 14th, 1955____” Bank of Nevada, 251 F.2d at 827. The Ninth Circuit, applying the law of Nevada, held that “in the absence of demand, a note of the type that we are here considering falls due on the alternative date specified.” Id. In so doing, the court determined in practical effect that the language created a hybrid instrument which contained properties of both a time instrument and a demand instrument. The court acknowledged that, before August 14, 1955, the note was a demand note because the bank, as holder, could demand payment unconditionally. However, the court also interpreted the instrument to impose the making of a demand as a condition precedent to maturation of the Note and, because demand had not been made, the court concluded that the note “fell due on the alternative date specified,” essentially becoming a time instrument. Bank of Nevada, 251 F.2d at 827.", "position": 26}, "51e3ca61-aa32-4d5e-a0c0-70e09e228270": {"case_id": "4bee7798-5332-4a1a-9f97-6df5f18fac89", "opinion_id": "f3fc4a8d-8dc1-4905-bcac-1da561ba4e92", "text": "Citibank sought out an investment partner when an investment opportunity emerged for the Citi Capital Structuring Group towards the end of 1999. A new transaction was proposed with the French Banks to involve $300 million. Citibank considered this transaction too large to do alone and approached Principal to form a partnership. Rovani testified that the “Pritired transaction was a transaction in which French banks refinanced a portfolio or portfolios of securities at an attractive funding rate and in which two U.S. investors invested in order to earn an enhanced yield.” Hybrid instruments would create a reduced rate of funding for the French Banks and an “enhanced return for the U.S. investors.” Rovani explained that the Pritired transaction was appealing to the French Banks because they “could acquire capital at a rate below market rates.” The investment would result in savings in the cost of borrowing to the French Banks because the investment was between 80 and 100 basis points", "position": 72}, "3dbc7563-e030-44b2-b43b-1d9ee08167d3": {"case_id": "4bee7798-5332-4a1a-9f97-6df5f18fac89", "opinion_id": "f3fc4a8d-8dc1-4905-bcac-1da561ba4e92", "text": "Rovani testified that the PC Swap was a hybrid instrument and the objective of the PC Swap was to make a debt-like return of LIBOR plus one percent look like an after-tax equity-like return. Principal was very concerned as to whether the PC Swap had a legitimate business purpose. Lettow articulated in an email to Buckens on June 13, 2000, that\nLillian Chen, V.P. Corporate Tax, has requested that we identify/articulate the business purpose for the allocation of French taxes to the perpetual certificateholders. Her question concerns why the perpetual certificateholders (i.e. SPV 2) would agree to swap a return of LIBOR plus 100 for a return of LIBOR plus the SAS Spread minus the French Tax Amount. This is an excellent point in that even if the structure holds up otherwise, the allocation of taxes could still be challenged on the basis that there is no business purpose for the perpetual certificateholders to be allocated the entire tax burden.", "position": 142}, "b69f4c2a-0f7b-4e92-9ee8-d111ae29d7b4": {"case_id": "4bee7798-5332-4a1a-9f97-6df5f18fac89", "opinion_id": "f3fc4a8d-8dc1-4905-bcac-1da561ba4e92", "text": "Carrón opined that the characteristics of the PCs and B Shares were more equity-like than debt-like. He considered the PCs to be a hybrid instrument, on a “mix” of debt and equity attributes. He looked at the following attributes in formulating his opinion: Characterization, Risk/Return Profile, Voting/Management Rights, Liquidation Rights, Priority, and Performance. He utilized the “Moody’s Tool Kit: A Framework for Assessing Hybrid Securities,” Rating Methodology (Moody’s Inv. Serv. Global Credit Research, Dec. 1999) (hereinafter “Moody’s Tool Kit”) in formulating his opinion. Moody’s Tool Kit was also separately admitted as Exhibit 188.", "position": 213}, "36bd46de-6d57-4d73-98bb-adce37b2facf": {"case_id": "e3a9ac39-a8da-4595-999d-8b54e4547e14", "opinion_id": "7c71aebc-5e43-4422-8fc1-fa5f987e7ed2", "text": "The Retirement CD that Blackfeet National Bank wants to offer in Illinois is, as the majority opinion notes, an innovative product. Therein lies the core difficulty for this case. In the face of the creativity and innovation that is taking place in financial markets, we are obliged to decide whether the act of offering this particular Retirement CD amounts to engaging in the “business of insurance,” within the meaning of the 1945 statute commonly known as the McCarran-Ferguson Act, 15 U.S.C. § 1012. The dissent makes a number of compelling policy arguments, and I have little doubt that permitting national banks to issue innovative, hybrid instruments such as the Retirement CD would be beneficial to competition as a whole. Nevertheless, our job is not to question the wisdom of the statutes Congress has passed or the rules Congress has given us for determining how those statutes relate to one another. From that perspective, it seems clear to me that the principal opinion has come to the only conclusion that is consistent with the language of the relevant statutes, governing Supreme Court precedent and the economic function of the Retirement CD.", "position": 1}, "042076fe-9d4e-4113-9747-74cd187133f6": {"case_id": "7677375a-ffcd-43cb-bf87-8856a5f7f59f", "opinion_id": "a9849904-78c7-4922-b2e1-4ba72b76466c", "text": "Godley’s argument can be persuasive only if the fourteenth clause of the mining lease constitutes a valid restriction on the lessees’ rights to assign their leasehold interests. As stated above, the mining lease is a hybrid instrument. By its terms it “leases, lets, and demises” the described property to the Grahams for a period of fifteen years. The lease is also a contract to sell a portion of the realty to the lessee. See Head v. Little, 312 Ky. 10, 226 S.W.2d 322 (1950). The plain language of the lease compels the conclusion that the lessee was granted both an estate for years to the entire property, subject to a limitation that the lessee explore and mine the property, and a contract right to mine and remove coal.", "position": 21}, "64a6505c-1214-4ae5-8abc-fa1c97caec6b": {"case_id": "7677375a-ffcd-43cb-bf87-8856a5f7f59f", "opinion_id": "a9849904-78c7-4922-b2e1-4ba72b76466c", "text": "While termed a “lease,” the agreement between Piedmont and the Grahams is in fact a hybrid instrument. Its legal effect, under Kentucky law, differs from that of a lease for the use of surface land only. The “lease” not only gives the lessee the right to occupy the property for a term of fifteen years, but also incorporates an agreement to sell a portion of the realty. Mills v. Mills, 275 Ky. 431, 121 S.W.2d 962 (1938). As consideration for the agreement, the lessee makes certain covenants and agrees to pay a fifty cent “royalty” on each ton of coal removed. In addition, the lessee promises to remove a minimum amount of coal each year of the lease, until such time as minable, merchantable coal is no longer to be found on the property in sufficient amounts to meet the minimum requirements.", "position": 16}, "f54681f6-efbd-4ab3-8ec6-1218ea292a8e": {"case_id": "3ae4edc0-dc7e-4646-a2f3-88ea1da3b764", "opinion_id": "ef4079de-e0f4-4d0a-ace5-f221f75469ed", "text": "Consent Decrees are hybrid instruments, containing traits of both contracts and judicial decrees. United States v. ITT Continental Baking Co., 420 U.S. 223, 236 n. 10, 95 S.Ct. 926, 935 n. 10, 43 L.Ed.2d 148 (1975). Nevertheless, because consent decrees “have- many attributes of ordinary contracts, they should be construed basically as contracts.” Id. at 236-37, 95 S.Ct. at .934. Applying principles of contract interpretation to consent decrees implies that a consent decree’s “meaning is ordinarily to be discerned within the ‘four corners’ of the decree.” Canterbury Belts Ltd. v. Lane Walker Rudkin, Ltd., 869 F.2d 34, 38 (2d Cir.1989). A court must not “expand or contract the agreement of the parties as set forth in the consent decree.” Berger v. Heckler, 771 F.2d 1556, 1568 (2d Cir.1985). It follows, then, that “the scope of a consent decree must be discerned within its four corners, and not by reference to what might satisfy the purposes of one of the parties to it.” United States v. Armour & Co., 402 U.S. 673, 682, 91 S.Ct. 1752, 1757, 29 L.Ed.2d 256 (1971). In other words, when resolving disputed language in a consent decree, the decree “should be interpreted in a way that gives effect to what the parties have agreed to, as reflected in the judgment itself.” SEC v. Levine, 881 F.2d 1165, 1179 (2d Cir.1989).", "position": 86}, "a6e9265a-86c9-4204-bfb5-26b533acc0d5": {"case_id": "9ece938d-ccf3-4812-b954-016549446f30", "opinion_id": "e5c20728-8f02-4c6e-b252-8d8fd7af698e", "text": "Although it is easy to distinguish the general concept of what constitutes credit or a loan transaction from the concept of an equity investment, in practice it is difficult to draw a precise line between the two when dealing with hybrid instruments that have some characteristics of both debt and equity, as the Board has recognized in other regulatory contexts. Preferred stock is commonly understood to represent an equity interest but with many of the characteristics of debt.", "position": 38}, "84b9531d-474e-4389-9866-288cab7c70f2": {"case_id": "5519898e-6571-46d9-8f34-f214d58af7f5", "opinion_id": "be63e7ce-d33a-4445-a795-81fa9cf89731", "text": "Again, as has been observed in the debt/equity cases, it is apparent that these factors are not entitled to equal weight—“[t]he object of the inquiry is not to count factors, but to evaluate them.” Tyler v. Tomlinson, 414 F.2d 844, 848 (5th Cir.1969); see also Sarkes Tarzian, Inc. v. United States, 240 F.2d 467, 470 (7th Cir. 1957). Because the distinction between paradigmatic debt and paradigmatic equity has been blurred by the rapidly evolving use of hybrid instruments combining debt and equity features, as well as special-purpose securitization vehicles, the need for careful evaluation now is greater than ever.", "position": 142}, "336e9a63-ecd0-40c7-97f4-287028a9a743": {"case_id": "fec5aaf6-870b-4254-bbe2-f412012737d0", "opinion_id": "74c9dbd0-ba80-40a0-85d3-823ef94c0299", "text": "30 .PL’s Answering Br. 12 (“Harbinger submits that, with the promulgation of SFAS 150 in 2003, the law of the characterization of hybrid instruments has evolved to the point where Granite's required financial statement treatment of the DEPS as a liability should be determinative of Harbinger's standing under the fraudulent conveyance laws as a matter of law.... Since Harbinger owns what SFAS 150 requires to be considered a liability for financial reporting purposes, Harbinger must have standing as a creditor under state fraudulent conveyance laws.”).", "position": 155}, "163e6594-052e-414d-acae-ac882f60cba5": {"case_id": "fec5aaf6-870b-4254-bbe2-f412012737d0", "opinion_id": "74c9dbd0-ba80-40a0-85d3-823ef94c0299", "text": "45 . Indeed, in a case cited by the plaintiff, the Supreme Court of the United States had no difficulty in deciding that a hybrid instrument was a form of debt as a matter of law. Paulsen v. Comm’r of Internal Revenue, 469 U.S. 131, 105 S.Ct. 627, 83 L.Ed.2d 540 (1985). Nor did either of the two courts below in that case appear to have done anything more than closely examine the disputed instrument. Paulsen v. Comm’r, 78 T.C. 291, 1982 WL 11157 (1982) (tax court); Paulsen v. Comm’r, 716 F.2d 563 (9th Cir.1983). In contrast, trial was clearly necessary in Lane v. United States, 742 F.2d 1311 (11th Cir.1984). There, a stockholder had advanced a corporation material sums in the form of a variety of notes and checks, and claimed that those payments ought to be treated as loans for tax purposes. Because there was no highly negotiated, formal instrument at issue, as is typically the case in a matter involving preferred stock, fact finding was necessary even to discover, for example, whether any interest at all had been paid on the notes. The dispute in this case is of a markedly different tenor.", "position": 170}, "ee157a67-a631-48f1-bb76-7c8765f2693e": {"case_id": "abea5a62-31ee-4540-85ff-8465b2bc6485", "opinion_id": "6a754270-68d8-47d3-8910-ec811ca0d9e4", "text": "(a) At common law, only specialties were under seal, and all instruments sealed and formally delivered were specialties. Accordingly, the common-law definition of a specialty was a contract under seal. Chitty on Contracts (17th ed.), 2,'3. This definition of the common law has been retained in our Code, §§ 20-104, 20-301, as a mere statement of the common law. Swell v. Hogan, 119 Ga. 167, 170 (46 S. E. 67); Sims v. Scheussler, 5 Ga. App. 850, 856 (64 S. E. 99); Lacey v. Hutchinson, 5 Ga. App. 865, 867 (64 S. E. 105). The common-law definition of a specialty was both definitive and all-inclusive, in that it comprehended all instruments such as bonds, single and double, which at common law could be construed as specialties and were sealed and formally delivered, and excluded every other sort of instrument. Chitty on Contracts, supra; Anson on Contracts (3d Am. ed.), 82, § 80. But, as was pointed out by Judge Starnes in Albertson v. Holloway, 16 Ga. 377, 381, in the process of time, the exigencies of trade and commerce, or mercantile usage, or the customs of the people, among whom the credit system prevailed to a great extent, may have rendered common, as an evidence of contract, other instruments such as promissory notes, which, while possessing one of the characteristics of a specialty, that is, a seal, did not conform in other respects to the definition of a specialty as it was known at common law. Accordingly, it was held in the Albertson case that the presence of a seal on a promissory note did not preclude the defense of a failure of consideration. It will thus be seen that it is not the mere presence of a seal on an instrument which precludes the defense of a failure or an absence of consideration; but that such inhibition applies only to such instruments as were known to the common law as specialties, to the exclusion of those hybrid instruments which have grown up in commercial usage, but which do not conform to the definition of a common-law specialty. That this was the rule in Georgia before the passage of the uniform negotiable-instruments law, which now declares that every negotiable instrument, that is, whether sealed or unsealed, is deemed prima facie to have been issued for a valuable consideration, but that absence as well as failure of consideration is matter of defense as against any person not a holder in due course (Code, §§ 14-206 (4), 14-301, 14-305), is plainly indicated by decisions of this court and the Court of Appeals before the passage of that law. See Albertson v. Halloway, supra; Beazley v. Gignilliat, 61 Ga. 187, 189; Lacey v. Hutchinson, supra; Sims v. Scheussler, supra; Strickland v. Farmers Supply Co., 14 Ga. App. 661, 664 (82 S. E. 161). Also Citizens Bank of Blakely v. Hall, 179 Ga. 662, 664 (177 S. E. 496), which, although a case under the negotiable-instruments law, seems clearly to recognize and approve the rule above stated. There appears to be nothing to the contrary in Rutherford v. Executive Committee of the Baptist Convention, 9 Ga. 54, 55, where the instrument was treated, not as an ordinary sealed promise to pay, but as a “specialty,” and the common-law rule was stated, that “in the case of a specialty, no consideration is necesscery to give it validity.” In Justices of the Inferior Court v. Smith, 13 Ga. 502 (3), 505, the instrument was not a note but a voluntary sealed bond, and was likewise dealt with as a “specialty.” In Smith v. Smith, 36 Ga. 184, 190 (91 Am. D. 761), there was no note but a sealed agreement, which was a family arrangement to compromise conflicting claims; and the court said that “the compromise of a doubtful right is a sufficient foundation for an agreement.” There being a valid consideration, the further general reference to a sealed contract estopping a party from denying a consideration must be..treated as obiter. In Sivell v. Hogan, 119 Ga. 167, 170 (supra), Mr. Justice Cobb, speaking for himself, but disclaiming any adjudication by the court, expressed the view that, while a failure of consideration could be pleaded in a suit on a sealed promissory note, such would not be true as to a plea of want of consideration. See Van Dyke v. Van Dyke, 123 Ga. 686, 690 (51 S. E. 582, 3 Ann. Cas. 978); Slaton v. Fowler, 124 Ga. 955 (3), 956 (53 S. E. 567).", "position": 8}, "3b22dcad-68d6-4686-bd58-86ade76cf117": {"case_id": "a3416d63-6246-41a9-87f7-d71340217667", "opinion_id": "e22fd7ac-06b8-4134-a8f1-b53c86bb086c", "text": "The recent case of Palmquist v. Mercer, 43 Cal.2d 92 [272 P.2d 26], is here instructive. The lower court granted defendant Mercer’s motion for nonsuit on the basis of a written release executed by plaintiff. There was no question as to its genuineness and due execution. The Supreme Court reversed this judgment, holding nonetheless that “the question of the validity of the release should have been submitted to the jury as a factual issue to be determined in the light of the circumstances surrounding its execution [p. 98].” That it is ordinarily for the trier of the facts to pass upon the validity of a purported release is strongly emphasized in Jordan v. Guerra, 23 Cal.2d 469, 475-476 [144 P.2d 349], with abundant citation of authorities, and reiterated by this court in Pacific Elec. Ry. Co. v. Dewey, 95 Cal.App.2d 69, 71 [212 P.2d 255]. Furthermore, it is appropriate to point out that the precise nature of the instrument here involved cannot be established from a mere inspection of the document. If, as plaintiff alleged in her complaint, the rental was made upon a warranty of fitness, then the nature of the document signed—whether it was contractual in character or a mere invoice, delivery receipt, bill of parcels or other informal memorandum—becomes of extreme significance in the ascertainment of whether the language of disclaimer of warranty was binding upon plaintiff under the circumstances attending the transaction. (See India Paint & Lacquer Co. v. United Steel Prod. Corp., 123 Cal.App.2d 597, 606, 611 [267 P.2d 408].) As this court stated in the last cited case, in considering the effect of a statement of disclaimer of warranty upon an instrument delivered to a purchaser of goods: “ ‘The sole question seems to be whether the facts present a case where the person receiving the paper should, as a reasonable man, understand that it contained the terms of the contract which he must read at his peril and regard as a part of the proposed agreement. The precise facts of each case are important in reaching a conclusion.’ ” (P. 611.) Thus, the introduction of evidence was essential to clarify the legal status of Exhibit “A,” which, on its face, is a hybrid instrument, whose tone, nature and effect would depend on the situation accompanying its execution and delivery.", "position": 15}, "61cce853-4129-41b2-821b-f48fcb82273d": {"case_id": "5ec09970-8d7c-44f7-b14c-40eeb61d1032", "opinion_id": "141a3b7a-31b7-4adf-ab30-019cb727b043", "text": "In this somewhat hybrid instrument the officer charged the defendant with speeding and directed him to appear in the Court of Common Pleas at Wichita on November 15, 1963. The defendant signed a promise to appear at such place and time.", "position": 8}, "cc7119e9-5dc8-48c1-92e5-10ea2b8c6e44": {"case_id": "c52da5d1-d358-4ddc-b534-99cfcbb577b9", "opinion_id": "c59b420c-c138-4be5-bdbe-a140fc57b839", "text": "Admittedly an oil and gas lease is a hybrid instrument. It has all of the characteristics of a realty interest, yet the relationship of landlord and tenant does not arise. The lessee does not obtain possession of the land. K.S.A. 77-201 Eighth provides: “The word ‘land,’ and the phrases ‘real estate’ and ‘real property,’ includes lands, tenements and hereditaments, and all rights thereto and interest therein, equitable as well as legal.” In Supply Co. v. McLeod, 116 Kan. 477, 227 Pac. 350 (1924), the court held a lease personal property in spite of the recording statute. In Robinson v. Smalley, 102 Kan. 842, 171 Pac. 1155 (1918), the court held oil and gas leases are subject to the statute of frauds even though personalty. And in Derby Oil Co. v. Bell, 134 Kan. 489, 7 P.2d 39 (1932), the court held leases were subject to the recording statute, even though the statute pertained to realty, on the theory leases affect real estate. To further obliterate the distinction between real estate and personal property in an oil and gas lease, Kansas statutes have now been amended to make oil and gas leases subject to ejectment (K.S.A. 60-1001), quiet title (K.S.A. 60-1002), and partition (K.S.A. 60-1003), comparable to real estate. For a good discussion of the hybrid character of an oil and gas lease see Ingram v. Ingram, 214 Kan. 415, 521 P.2d 254 (1974).", "position": 10}, "2917e088-5257-4664-b89b-e0860ca9e00b": {"case_id": "27960b5f-5513-421d-aa3a-0e9bded49877", "opinion_id": "6e1c2b4e-ee72-46be-9a7b-df1757041db6", "text": "“[A]n oil and gas lease is a hybrid instrument. [Citations omitted.] It is a license to enter and explore for oil and gas. [Citations omitted.] It is a grant with conditions. One of the conditions is a reservation to the lessor of a share in the production —• royalty. The right to royalty is reserved out of the lessor’s grant. The lessor’s right to royalty arises from his mineral interest ownership rather than arising from or originating with the lease. Cf. In re Estate of Sellens, [7 Kan. App. 2d 48, 51, 637 P.2d 483 (1981), rev. denied 230 Kan. 818 (1982)].", "position": 5}, "15e3ebe7-bd22-40dc-a9f0-f4884d443251": {"case_id": "f9383663-cc75-4295-905b-f0d370e8a081", "opinion_id": "9b077c39-d4f9-40ff-ad7d-c3a9bb09a937", "text": "With respect to mineral interest rights, rights arising from an oil and gas lease and the interplay of these rights, it is of value to bear in mind that an oil and gas lease is a hybrid instrument. Ingram v. Ingram, 214 Kan. 415, 521 P.2d 254 (1974); In re Estate of Sellens, 7 Kan. App. 2d 48, 50, 51, 637 P.2d 483 (1981), rev. denied 230 Kan. 818 (1982). It is a license to enter and explore for oil and gas. Shaffer v. Kansas Farmers Union Royalty Co., 146 Kan. at 89; Burden v. Gypsy Oil Co., 141 Kan. 147, 150, 40 P.2d 463 (1935); Gas Co. v. Neosho County, 75 Kan. 335, 89 Pac. 750 (1907); In re Estate of Sellens, 7 Kan. App. 2d at 51. It is a grant with conditions. One of the conditions is a reservation to the lessor of a share in the production — royalty. The right to royalty is reserved out of the lessor’s grant. The lessor’s right to royalty arises from his mineral interest ownership rather than arising from or originating with the lease. Cf. In re Estate of Sellens, 7 Kan. App. 2d at 51.", "position": 46}, "0d6875f6-654a-43ee-bbb4-8eeb2e34e355": {"case_id": "7b2f8751-1028-49cb-a356-64998c19db91", "opinion_id": "7a378a0f-0a93-4a48-8e92-90fc38b4e7b3", "text": "Scott also submitted at oral argument in this Court that the contract of sale terminated at the time the vehicle was delivered to him, so that all that remained was for the creditor to enforce its security interest. Citizen’s Nat’l Bank v. Farmer, 77 Ill.App.3d 56, 32 Ill.Dec. 740, 395 N.E.2d 1121 (1979), rejected a similar argument. There the defendant purchased an automobile, making a cash down payment and signing an installment contract for the balance. This contract was assigned by the seller to Citizen’s Bank which sued more than four years after the buyer’s breach. The creditor relied on a ten year statute of limitations that applied to written contracts but expressly excepted the operation of U.C.C. § 2-725, while the buyer urged the latter statute’s four year limit. 32 Ill.Dec. 740, 395 N.E.2d at 1122. To avoid § 2-725, the bank argued that the buyer’s breach involved her obligation to make payments rather than a breach of a contract for the sale of goods. Id. at 1123. Much like Scott’s argument to us\n“[the bank] argue[d] that the contract is really a hybrid instrument containing provisions for the sale of goods and provisions for the obligation to pay. The bank would have us hold that the sale of goods occurred on the date the contract was signed. It argue[d] that this action is one for breach of defendant’s promise to pay which is an action based on the debtor-creditor rather than the buyer-seller relationship.”", "position": 42}, "adde8c20-77aa-4959-b429-a63df4c1dc4a": {"case_id": "28f6baad-29d9-4670-aea3-a21211a9d9c6", "opinion_id": "96bdec9f-d7e1-4ce8-a5c1-0bba0dd59227", "text": "The bank’s argument for application of the 10-year statute, although novel, is unacceptable. It argues that defendant’s breach was of her obligations to make payment, not of a contract for the sale of goods. In the contract, defendant agreed to make 18 monthly payments commencing on August 25, 1972, and plaintiff argues that the contract is really a hybrid instrument containing provisions for the sale of goods and provisions for the obligation to pay. The bank would have us hold that the sale of goods occurred on the date the contract was signed. It argues that this action is one for breach of defendant’s promise to pay which is an action based on the debtor-creditor rather than the buyer-seller relationship.", "position": 20}, "b754727c-a661-47c1-880f-c3927ca74e31": {"case_id": "8f269175-30e5-4a3c-9981-69ce6308c7bb", "opinion_id": "b2610ca3-0daf-42d0-a590-307a517ff308", "text": "It is imposible for us, under the evidence and our own positive knowledge of what is passing every day under our eyes, to consider this transaction otherwise than as one and indivisible, and that Baring, Brothers & Company, so far as any obligations on their part resulting from the possession of the bill of lading are concerned, were in the situation of the original purchasers of the bill of exchange, of which thé bill of lading and the memorandum on the bill of exchange gave them full notice ; and that they were bound to know and well knew, what the respectable witnesses of the plaintiffs concur in opinion about, as to the origin and character of these hybrid instruments.", "position": 40}, "dbcb1320-8e7c-4693-ac83-b71c8dc1cc41": {"case_id": "4aad056e-41f9-4753-8d95-1236f4de4557", "opinion_id": "acb204fb-1aca-4576-b12c-d8d13a6cd0b2", "text": "The bank’s argument for application of the 10-year statute, although novel, is unacceptable. It argues that defendant’s breach was of her obligations to make payment, not of a contract for the sale of goods. In the contract, defendant agreed to make 18 monthly payments commencing on August 25, 1972, and plaintiff argues that the contract is really a hybrid instrument containing provisions for the sale of goods and provisions for the obligation to pay. The bank would have us hold that the sale of goods occurred on the date the contract was signed. It argues that this action is one for breach of defendant’s promise to pay which is an action based on the debtor-creditor rather than the buyer-seller relationship.", "position": 11}, "e4dac4d1-2245-45ce-9c90-71c3e3f06551": {"case_id": "e1b8c8e1-b619-46db-8b63-ad746ea7d1fe", "opinion_id": "35a98092-8e9e-4a70-a46e-69d008ec5146", "text": "The People now argue that they were ready on this new instrument as of June 28, 1989 and that if some of the counts were uncorroborated, they were still effectively ready on the others. In support of this proposition the People cite to the concept of \"partial readiness” endorsed by People v Minor (NYLJ, Mar. 1, 1989, at 24, col 6). It must be noted by this court that none of the aforementioned statutes governing the amendment, supersession and replacement of accusatory instruments appear to envision the type of hybrid instrument relied on by the People’s interpretation of Minor (supra). It might also be suggested that the People may wish to review the case of People v Beauchamp (74 NY2d 639) regarding multicount instruments.", "position": 7}, "452af60f-7ceb-4199-becf-d51f98a5165c": {"case_id": "7eff70f8-7086-4135-9cca-dce75d38e6f7", "opinion_id": "fa9cc0fb-5a2b-4077-9676-94f13be6aa05", "text": "Notably, the CPL does not define the hybrid, partially converted accusatory instrument. It is a creation of the People allowed to answer ready on the converted counts contained in the same information charging unconverted counts. The practice has been upheld in People v Gonzalez (168 Misc 2d 136 [App Term, 1st Dept 1996], quoting People v Minor, 144 Misc 2d 846 [App Term, 2d & 11th Jud Dists 1989]) and People v Hansen (NYLJ, Aug. 3, 1999, at 22, col 1 [App Term, 1st Dept 1999]). However, the failure to elaborate the basis for the hybrid instrument, and the questionable policy behind it, has caused considerable difficulty as the trial courts attempt to integrate the hybrid instrument into existing law. (Compare, People v Lopez, 170 Misc 2d 278 [Crim Ct, Kings County 1996]; People v Hussein, 177 Misc 2d 139 [Crim Ct, Kings County 1998], with People v Davino, supra; People v Quiles, supra; People v Richberg, supra.)", "position": 8}, "d8fd47af-4274-4596-ad75-c43f4c0e293a": {"case_id": "ecc10ba9-ee7b-40fe-926f-bd30a8538791", "opinion_id": "faa4524d-5d4e-4242-b83d-23ace87a757e", "text": "Defendant Christopher Davino charged with possession of burglar’s tools (Penal Law § 140.35), petit larceny (Penal Law § 155.25) and criminal possession of stolen property in the fifth degree (Penal Law § 165.40) moves to dismiss the accusatory instrument on speedy trial grounds pursuant to CPL 30.30. In this case the People made a statement of readiness for trial on a \"hybrid” instrument, at the time when one count out of four remained uncorroborated. At issue is whether a statement of readiness for trial on a partially converted instrument is retroactively rendered valid when the uncorroborated count (or counts) is subsequently dismissed after the applicable speedy trial time has expired. This court holds that when the People announce ready on a partially converted instrument, while the speedy trial time may be tolled as to the corroborated charge, the People cannot in fact proceed to trial until the uncorroborated charge is converted or dismissed. If dismissal of the uncorroborated count occurs outside the applicable speedy trial time, such dismissal does not serve to validate the People’s previous purported statement of readiness.", "position": 2}, "31d537d7-4023-4949-b390-63746fee53a4": {"case_id": "2625961f-fec2-4c45-9028-be4b0833b908", "opinion_id": "82d2dd0b-75a5-4585-9383-94e0b4e0a875", "text": "In summary, the charge of Vehicle and Traffic Law § 1192 (2) was never corroborated because the chemical test analysis certificate was not verified in compliance with CPL 100.30, and did not indicate the defendant’s blood alcohol level. The absence of either of these factors renders the accusatory instrument jurisdictionally defective. The People’s announcement of readiness for trial as to Vehicle and Traffic Law § 1192 (2) was without effect since that charge was never corroborated. More than 159 days have elapsed since the filing of the accusatory instrument charging section 1192 (2) and accordingly the charge is dismissed pursuant to CPL 30.30 (1) (b). The charge of Vehicle and Traffic Law § 1192 (3) was corroborated by the supporting deposition of the arresting officer. The People could properly announce their readiness for trial on a \"hybrid” instrument. The People’s announcement of readiness as to the charge of Vehicle and Traffic Law § 1192 (3) was timely since only 60 days were chargeable to the People.", "position": 12}, "5e1c87ed-9dbf-4502-a85e-f4bb35d02f2e": {"case_id": "b8f6b55b-b327-4fa1-8141-3c56a92961c4", "opinion_id": "57afaae5-252d-4de1-8bbc-29d1ba3ed20b", "text": "Third, the defendant cites the cases that have declined to allow partial conversion: People v Peluso (192 Misc 2d 33 [Crim Ct, Kings County 2002] [the People cannot announce ready on a partially converted instrument]); People v Quiles (179 Misc 2d 59 [Crim Ct, NY County 1998] [People must dismiss or sever uncorroborated counts before the expiration of speedy trial time]); and People v Davino (173 Misc 2d 410 [Crim Ct, Kings County 1997] [the People may partially convert a complaint but may not validly announce ready on such a “hybrid” instrument]). Finally, the defendant argues that the cases that have allowed partial conversion both contravene the rules of statutory construction and rely on dicta from previous cases.", "position": 18}, "f03ec5f2-1dd7-46e2-ab21-85aae26ef687": {"case_id": "1b571cac-d264-4b14-86ce-a7004194c242", "opinion_id": "c92d77ea-3763-4039-b074-5737a2a22d81", "text": "We find no such hybrid instrument, with its dual personality, self-executing and shifting gears, chameleon charactertistics and Phoenix-like qualities as yet known to the law.", "position": 60}, "b023025f-ec7c-48f0-8e2c-ec569bea7bc7": {"case_id": "86963dbd-a470-4c75-88d9-06de1a5650f7", "opinion_id": "78ed1f97-8092-469c-93ac-439ad94f2f6a", "text": "In the trial court, Baldwin and Busch argued that the breath test instrument used to analyze their breath samples — either the hybrid instrument or the Series 6600 — had never been evaluated and approved as required by the administrative code., Both sought suppression of the breath test results because they were from \"untested, nonevaluated machine[s].\" The State responded that although the Series 6400 has been upgraded with components from the Series 6600, there was no need to test the latter because there was no difference in the analysis performed either by the hybrid testing instrument or the Series 6600.", "position": 21}, "a7e65ce9-2459-4cb4-9fbd-e26fe84d3e63": {"case_id": "86963dbd-a470-4c75-88d9-06de1a5650f7", "opinion_id": "78ed1f97-8092-469c-93ac-439ad94f2f6a", "text": "The trial court denied Baldwin's and Busch's motions concluding that the underlying analytical process had not been upgraded and that there was no need to evaluate and approve the Series 6600 or the hybrid instrument because the analytical process was identical to the process employed by the Series 6400. The trial court concluded that expert testimony was required to establish significant differences between the machines that effected the analytical process. The court held that the agency met its responsibilities under the administrative code when it determined that additional testing was not required. The court accepted that the breath test instrument, used to analyze Baldwin's and Busch's breath samples, was \"appropriately tested and in compliance with both state statutes and the administrative code.\"", "position": 22}, "cf4b1c05-7b49-44f2-a675-cfc52ad5e90a": {"case_id": "86963dbd-a470-4c75-88d9-06de1a5650f7", "opinion_id": "78ed1f97-8092-469c-93ac-439ad94f2f6a", "text": "Busch renews his argument on appeal. He contends that Wis. Adm. Code § Trans 311.04 is mandatory and requires the testing of all breath testing instruments used in Wisconsin. According to his argument, the perspective that the Series 6600 is the same machine as the Series 6400 is not the equivalent of the evaluation mandated by the administrative code. The State responds that although Series 6600 components have been used to replace Series 6400 components because of updated technology and obsolescence, the operational concepts have not been compromised. The State insists that the updating of the Series 6400 does not warrant evaluation of the hybrid instrument or the Series 6600.", "position": 24}, "aea69d21-10e6-499e-a478-43ba2ff29f3b": {"case_id": "072e2464-ff14-47b4-8a9e-aec19e9f7b6d", "opinion_id": "9734a3a4-716c-4ca2-bf7c-bb73f51045d0", "text": "¶ 56. In support of its position, Auto-Owners cites cases from other jurisdictions where courts have held that, notwithstanding the nature of the insurance contract or the premiums that have been paid for coverage, the insured and insurance carrier are adversaries until and unless an award or judgment is made in favor of the insured. LeFevre v. Westberry and State Farm Mut. Auto. Ins. Co., 590 So. 2d 154 (Ala. 1991) (discussing uninsured motorist coverage); Quick v. State Farm Mut. Auto. Ins. Co., 429 So. 2d 1033 (Ala. 1983) (discussing uninsured motorist coverage). In LeFevre the Alabama Supreme Court characterized uninsured motorist coverage as a \"hybrid\" instrument containing features of both first-party and third-party coverage. LeFevre, 590 S. 2d at 159.", "position": 84}}