{"6b6bf160-ec1d-4720-9f13-b543c947fd7c": {"case_id": "f0bab263-3a69-417a-b87c-be5846ccb503", "opinion_id": "57d68710-51a4-41fe-b38b-9cab98c41b67", "paragraph_id": "cb074414-6844-4742-8d15-2b3c9a314fb0", "position": 0, "text": "As with its analysis of the PACS, Commerce first determined the FIS bonds constituted debt upon issuance, noting the FIS bonds satisfied the first set of hierarchical criteria used to classify hybrid instruments as debt because “these instruments have fixed amortization schedules.”", "label": "potential value"}, "0a7e14f7-c54c-4ad4-b6d1-3f484036c4e7": {"case_id": "3754050b-ce66-4743-8dd5-f66897a4c654", "opinion_id": "fc8a1b1d-c49a-4ef4-83ab-02aa84abfd45", "paragraph_id": "b6c5266b-76c9-4e65-b6cb-8209d7b2677a", "position": 1, "text": "As we have already explained, a capital note is a hybrid instrument which has characteristics of both debt and equity.", "label": "potential value"}, "5fc0de8f-b92f-4f71-850a-d84d5859afcd": {"case_id": "8164e7ae-4dc8-4217-aa19-20dbed920755", "opinion_id": "5a944f50-c7a3-450c-a098-0fcd57d448f0", "paragraph_id": "51412683-ccc4-4e36-82eb-f16b14f900c2", "position": 1, "text": "An attempt to pass a falsely made obligation does not, however, require similitude where the obligation is most charitably described as a hybrid instrument given its non-standard form and nomenclature.", "label": "potential value"}, "41f5904c-3ee3-46ed-afa7-a0a7db8c70ef": {"case_id": "438c020a-4d21-4dfa-a63a-8252a21e1796", "opinion_id": "cf4993e0-beaa-40a6-8682-8da1499585c9", "paragraph_id": "c9f0d419-8f39-450c-bbef-9d052fbec1fe", "position": 0, "text": "If after applying the first [factor], we are unable to establish whether the hybrid instrument is debt or equity, we will turn to the second [factor].", "label": "potential value"}, "ffb8ce85-369f-497f-942b-c76574805268": {"case_id": "ec2293f6-2eef-4224-b10c-076d3ce2ec2f", "opinion_id": "d7bc8fdd-a81b-42a5-8bbe-83a1c110e2b2", "paragraph_id": "c96f2d27-77bf-4ceb-8ed8-5fbdb6081f3f", "position": 3, "text": "White and Summers noted, for example, \"[a] party may claim he is a holder in due course of a hybrid instrument which lies somewhere in the borderland between negotiable instruments and ordinary contracts_”", "label": "potential value"}, "05813e69-74f6-4925-a203-e95f1873fb55": {"case_id": "fb14ee2b-07f3-49d0-815b-ae6c75d81a0f", "opinion_id": "d16c22c4-e12c-4d0e-bc43-a3caa3458ff6", "paragraph_id": "c45572fe-fa81-4cf8-95f9-6a413dbff91e", "position": 1, "text": "Judicial Analysis of Hybrid Instruments", "label": "no value"}, "6ef55590-a01f-4fab-86a1-94b25f0bfbc7": {"case_id": "fb14ee2b-07f3-49d0-815b-ae6c75d81a0f", "opinion_id": "d16c22c4-e12c-4d0e-bc43-a3caa3458ff6", "paragraph_id": "27efc686-5d9e-4bb2-b8d2-844cff3a63fa", "position": 1, "text": "In the real world, the introduction of “hybrid” financial instruments with both fixed and floating rates led to further litigation, as parties argued over whether these “hybrid” instruments should be considered derivative securities for purposes of Section 16(b).", "label": "potential value"}, "0a4ab2cd-b7ab-468f-99b0-96d3ccd2b51d": {"case_id": "fb14ee2b-07f3-49d0-815b-ae6c75d81a0f", "opinion_id": "d16c22c4-e12c-4d0e-bc43-a3caa3458ff6", "paragraph_id": "5a778a21-e71a-4ba3-ac31-383c1f44629f", "position": 6, "text": "In essence, the court saw no difference between a hybrid instrument and one with no fixed price component at all.", "label": "potential value"}, "82c443c7-fc78-48a5-a023-c97f1545097f": {"case_id": "fb14ee2b-07f3-49d0-815b-ae6c75d81a0f", "opinion_id": "d16c22c4-e12c-4d0e-bc43-a3caa3458ff6", "paragraph_id": "fe4263b3-0ac9-4fe7-ad37-b59a006efe74", "position": 3, "text": "Thus, the court considered the moment when the option holder became certain of the price as the moment of “purchase,” which, in the court’s view, would not occur with a hybrid instrument until exercise of the option.", "label": "potential value"}, "4ff34bce-30de-4d27-9697-3bdbf25ef0fe": {"case_id": "fb14ee2b-07f3-49d0-815b-ae6c75d81a0f", "opinion_id": "d16c22c4-e12c-4d0e-bc43-a3caa3458ff6", "paragraph_id": "b181f07a-4539-4f1d-8d28-39af38335104", "position": 0, "text": "After an extensive analysis of the Amendments, Lemer, and Levy, the Oz court rejected the Levy analysis, arguing that the Levy court had examined the fixed and floating privileges in isolation, but had failed to consider the operation of the hybrid instrument in practice.", "label": "potential value"}, "3ec15d05-1e5e-4a5d-85e3-91cdd747e02f": {"case_id": "fb14ee2b-07f3-49d0-815b-ae6c75d81a0f", "opinion_id": "d16c22c4-e12c-4d0e-bc43-a3caa3458ff6", "paragraph_id": "8d8f1c77-3423-412a-8fc3-3cef842d1636", "position": 6, "text": "As a result, the court concluded, a hybrid instrument invokes the same investor response as one with only a fixed price component, and should consequently be treated the same way as a fixed price instrument for purposes of Section 16(b).", "label": "potential value"}, "81ac91dd-35b7-4e98-8a3c-eeb0dee09385": {"case_id": "fb14ee2b-07f3-49d0-815b-ae6c75d81a0f", "opinion_id": "d16c22c4-e12c-4d0e-bc43-a3caa3458ff6", "paragraph_id": "492de815-7db2-4d04-afa9-de57d8f01de2", "position": 1, "text": "However, the issues involved in Southbrook led the Second Circuit to request input from the SEC on how such hybrid instruments should be treated.", "label": "potential value"}, "21b3105d-78b9-49ea-99cc-34a4496da880": {"case_id": "fb14ee2b-07f3-49d0-815b-ae6c75d81a0f", "opinion_id": "d16c22c4-e12c-4d0e-bc43-a3caa3458ff6", "paragraph_id": "d6b420d7-a2b0-4f71-8553-5d519c0c7ea0", "position": 0, "text": "In its Brief, the SEC noted that the fixed rate component of the hybrid instrument involved in Southbrook “sets a floor below which the number of common shares received on conversion will not decline,” with the result that “the holder’s minimum opportunity to profit from the underlying common stock is established at the time the holder acquires the convertible preferred stock.”", "label": "potential value"}, "53d4c6b3-c285-421c-827f-aedafde4727c": {"case_id": "fb14ee2b-07f3-49d0-815b-ae6c75d81a0f", "opinion_id": "d16c22c4-e12c-4d0e-bc43-a3caa3458ff6", "paragraph_id": "acdd8140-d0ee-463a-8cdd-2b25d3150901", "position": 0, "text": "Thus, the SEC’s position in the Brief is similar in approach to that of the Magma Power court, separating the hybrid instrument into two distinct derivative instruments.", "label": "potential value"}, "f505395a-ce22-487b-a958-966079882800": {"case_id": "fb14ee2b-07f3-49d0-815b-ae6c75d81a0f", "opinion_id": "d16c22c4-e12c-4d0e-bc43-a3caa3458ff6", "paragraph_id": "acdd8140-d0ee-463a-8cdd-2b25d3150901", "position": 3, "text": "Therefore, under the SEC’s reasoning, the acquisition (or disposition) of a hybrid instrument results in (1) an immediate acquisition (or disposition) of a derivative security with respect to the minimum number of shares of underlying common stock that can be acquired under the fixed rate component, and (2) a subsequent purchase (or sale) at the time of conversion of any additional shares acquired (or disposed of) at that time under the floating rate component.", "label": "potential value"}, "e72835a9-0033-4637-82d5-07555e50c2bb": {"case_id": "fb14ee2b-07f3-49d0-815b-ae6c75d81a0f", "opinion_id": "d16c22c4-e12c-4d0e-bc43-a3caa3458ff6", "paragraph_id": "c3bf0fc7-9a3b-46a1-b183-dc0efb9c8914", "position": 1, "text": "The Court answers the question by declining to follow previous judicial rulings which reasoned that a hybrid instrument must be treated as akin to an instrument with either only a fixed or only a floating option, and instead adopts the SEC’s reasoning as outlined in the Brief.", "label": "potential value"}, "4696e21b-e963-4acd-8674-25f4be2e5fa6": {"case_id": "fb14ee2b-07f3-49d0-815b-ae6c75d81a0f", "opinion_id": "d16c22c4-e12c-4d0e-bc43-a3caa3458ff6", "paragraph_id": "7b85221d-3484-4694-9b59-1c25cbf99b16", "position": 0, "text": "Implicit in this approach is the acknowledgment that a hybrid instrument presents an investor with not one, but two opportunities to lock in profit and conduct short-swing trading based on inside information: first, at the acquisition of the preferred stock, due to the fixed formula, and again at the conversion of the preferred stock, due to the floating formula.", "label": "potential value"}, "52924b46-3e95-4e73-aa14-de8b163d1cbe": {"case_id": "fb14ee2b-07f3-49d0-815b-ae6c75d81a0f", "opinion_id": "d16c22c4-e12c-4d0e-bc43-a3caa3458ff6", "paragraph_id": "fe96a59d-83b2-406d-b0f6-0836437207c0", "position": 1, "text": "In other words, the SEC was asked its opinion of whether a hybrid instrument with a fixed and floating conversion formula should be considered a fixed or floating rate derivative.", "label": "potential value"}, "db8c6df1-10a6-4fb1-a6cf-2c36fd2c99b6": {"case_id": "fb14ee2b-07f3-49d0-815b-ae6c75d81a0f", "opinion_id": "d16c22c4-e12c-4d0e-bc43-a3caa3458ff6", "paragraph_id": "fb55524a-110a-4218-888c-8f2e15062a87", "position": 1, "text": "In a letter to the SEC’s Director of Division of Corporation Finance that commented on the Brief, the Subcommittee noted that it was “pleased that the [SEC had] provided guidance regarding the treatment of hybrid instruments under the derivative securities ... provisions” and “agree[s] generally with the [SEC’s] views,” which the Subcommittee believed would “help to provide certainty to an area that is beset by differences of opinion.”", "label": "potential value"}, "37f08a02-dbcb-43f4-975d-474b8038f213": {"case_id": "fb14ee2b-07f3-49d0-815b-ae6c75d81a0f", "opinion_id": "d16c22c4-e12c-4d0e-bc43-a3caa3458ff6", "paragraph_id": "8ea3b504-253c-4664-bbb3-ec7e5b140d53", "position": 0, "text": "Defendants also contend that if the Brief is considered to be the announcement of a new approach by the SEC with regard to the treatment of hybrid instruments, it is unfair to hold Defendants liable because Defendants did not have fair notice of this interpretation.", "label": "potential value"}, "3656302b-5551-4b83-8fd6-dcc385abfc02": {"case_id": "fb14ee2b-07f3-49d0-815b-ae6c75d81a0f", "opinion_id": "d16c22c4-e12c-4d0e-bc43-a3caa3458ff6", "paragraph_id": "8ea3b504-253c-4664-bbb3-ec7e5b140d53", "position": 2, "text": "The Conversions occurred prior to the rulings in Lemer, Levy, and Oz, which means that at that time, Defendants had the Amendments and Magma Power as guidance in determining how to treat the hybrid instruments.", "label": "potential value"}, "70ebea12-0238-4d0f-b60d-efdcef5d3a23": {"case_id": "fb14ee2b-07f3-49d0-815b-ae6c75d81a0f", "opinion_id": "d16c22c4-e12c-4d0e-bc43-a3caa3458ff6", "paragraph_id": "905f46c7-ac6d-4b13-ab34-58095d5322d9", "position": 1, "text": "The SEC later explains that this reasoning does not apply when determining whether an investor is a more than 10 percent beneficial owner because the 10 percent ownership provisions of Rule 16a-l (a)(1) rely on the Section 13(d) standards rather than the derivative security standards when dealing with hybrid instruments.", "label": "potential value"}, "1aca353f-9b68-4a60-a3f7-1f2b08f063d9": {"case_id": "fb14ee2b-07f3-49d0-815b-ae6c75d81a0f", "opinion_id": "d16c22c4-e12c-4d0e-bc43-a3caa3458ff6", "paragraph_id": "334f086e-c332-4243-a1ea-54cb01888991", "position": 5, "text": "The Second Circuit's analysis and reasoning, which involved examination of Section 16(b) and the Amendments, provides considerable guidance to anyone attempting to understand Section 16(b)’s treatment of hybrid instruments.", "label": "potential value"}, "a8472475-9b0e-4baa-973a-5821e3bba47f": {"case_id": "fb14ee2b-07f3-49d0-815b-ae6c75d81a0f", "opinion_id": "d16c22c4-e12c-4d0e-bc43-a3caa3458ff6", "paragraph_id": "334f086e-c332-4243-a1ea-54cb01888991", "position": 6, "text": "The Court also notes that the Subcommittee shares this assessment, having referred to Magma Power in the ABA Letter as a decision directly applicable to the issue of how hybrid instruments are treated under Section 16(b).", "label": "potential value"}, "c716496b-9b35-4782-88db-1ac5c659d755": {"case_id": "f8fe7111-1bd3-4309-888b-c9d9e4bdc885", "opinion_id": "1f011ea0-dd81-406c-90d7-37ed52386cc1", "paragraph_id": "215db202-b42f-40fc-b889-60384aba0a8a", "position": 3, "text": "For example, on July 17, 1989, the CFTC adopted rules exempting from its regulation certain hybrid instruments combining equity or debt with payments based on the price of commodities.", "label": "potential value"}, "ec6dc453-1d01-4c7c-8a8e-ba3f0068fd7c": {"case_id": "71cafdcd-2b7e-4788-8c8b-a77ce28a7d1f", "opinion_id": "1ab89d0b-a1b7-4336-86a7-1659f876a005", "paragraph_id": "e4117d7f-635c-4773-9f8f-a9c9ad5812d5", "position": 0, "text": "If the RZVs were not grants, Dillinger continues, Commerce should consider the RZVs to be hybrid instruments under Commerce’s equityworthiness methodology and classify them as equity at the time they arose.", "label": "potential value"}, "0ab2f260-6e48-4a3b-bc1f-258930e0d37a": {"case_id": "71cafdcd-2b7e-4788-8c8b-a77ce28a7d1f", "opinion_id": "1ab89d0b-a1b7-4336-86a7-1659f876a005", "paragraph_id": "f6bc05c3-bc56-48dc-a0ee-b23cf1827435", "position": 13, "text": "Dillinger has erroneously read Commerce’s criteria used to identify hybrid instruments as debt or equity.", "label": "potential value"}, "c18e9d49-bf6f-461b-bc8e-b66ab53e2376": {"case_id": "941a495b-b12e-4db9-b665-4ecbe3fa2f94", "opinion_id": "ea909849-6c8e-4cf2-b909-ed50c9f70374", "paragraph_id": "5b1f66f6-9666-45ad-9ecf-cba4fb47730e", "position": 4, "text": "Commerce gathered record evidence and worked it through its hierarchy for hybrid instruments, criterion by criterion, reaching the conclusion the preferred shares were equity instruments.", "label": "potential value"}, "a68922d7-2065-469a-9c9f-154efc1395ed": {"case_id": "941a495b-b12e-4db9-b665-4ecbe3fa2f94", "opinion_id": "ea909849-6c8e-4cf2-b909-ed50c9f70374", "paragraph_id": "6c39e57c-eff3-4fa0-9cd4-e4fb10c9d014", "position": 1, "text": "To classify a hybrid instrument as either debt or equity, we have applied the following hierarchy which in the Department’s view establishes whether an instrument has the qualities of debt or equity: (1) Expiration/ Maturity Date/Repayment Obligation, (2)", "label": "potential value"}, "cc08b89d-2536-44bd-8c87-221e564d05c5": {"case_id": "941a495b-b12e-4db9-b665-4ecbe3fa2f94", "opinion_id": "ea909849-6c8e-4cf2-b909-ed50c9f70374", "paragraph_id": "6c39e57c-eff3-4fa0-9cd4-e4fb10c9d014", "position": 5, "text": "For each hybrid instrument, we considered the four sets of criteria in order.", "label": "potential value"}, "4158c98e-ce3f-4019-b9aa-3968e08ea4ec": {"case_id": "941a495b-b12e-4db9-b665-4ecbe3fa2f94", "opinion_id": "ea909849-6c8e-4cf2-b909-ed50c9f70374", "paragraph_id": "b8790b72-3459-43ce-a9d7-d920282df64f", "position": 2, "text": "After discussing the basis for Commerce’s new methodology of classifying hybrid instruments and its application to parts bénéficiaries in this case, Commerce contends it “has discretion to evaluate the facts on the record and to decide which are the most informative as to the nature of [parts bénéficiaries]. ” (Id. at 59 (citation omitted).)", "label": "potential value"}, "83000c77-076c-440d-9b88-1223586e0b6a": {"case_id": "941a495b-b12e-4db9-b665-4ecbe3fa2f94", "opinion_id": "ea909849-6c8e-4cf2-b909-ed50c9f70374", "paragraph_id": "932387cb-94ce-417f-82ad-30bc7d73389b", "position": 0, "text": "If after applying the first set of criteria, we are unable to establish whether the hybrid instrument is debt or equity, we will turn to the second set of criteria.", "label": "potential value"}, "7ef925ba-7a0a-4e56-b720-67700bab11cb": {"case_id": "d725cd59-b43d-484e-b333-42165f3a2a27", "opinion_id": "21380d71-769e-4cd0-96c4-a096dc824bb8", "paragraph_id": "cace1533-3cd8-433a-a097-c81c8090a639", "position": 0, "text": "The continued evolution of products marketed by life insurance companies has resulted in hybrid instruments such as the Individual Flexible Premium Deferred Fixed and Variable Annuity Contract under consideration in this case.", "label": "potential value"}, "503d0300-4ee6-488b-be06-fb4977026c9c": {"case_id": "8f2762a5-7bc5-427b-8eea-3066a069e3be", "opinion_id": "67ac506c-280c-4152-b1fe-05d8f6cb753c", "paragraph_id": "4a5daa77-d24f-4c10-bd23-50fc35e4243c", "position": 0, "text": "If the RZVs were not grants, Dillinger continues, Commerce should consider the RZVs to be hybrid instruments under Commerce’s equityworthiness methodology and classify them as equity at the time they arose.", "label": "potential value"}, "0a1a412a-1fef-4777-8e60-e0176a30508b": {"case_id": "8f2762a5-7bc5-427b-8eea-3066a069e3be", "opinion_id": "67ac506c-280c-4152-b1fe-05d8f6cb753c", "paragraph_id": "bec37651-c580-44d8-a994-c177c60d4e03", "position": 13, "text": "Dillinger has erroneously read Commerce’s criteria used to identify hybrid instruments as debt or equity.", "label": "potential value"}, "5d4e04de-fcae-4c47-b8ad-bf72ad83a14b": {"case_id": "041bb6e6-9c08-4449-82e5-ffcbb5cf6c9b", "opinion_id": "fe425d16-3d4a-4007-b2e5-67f8062cf773", "paragraph_id": "3e3fafc7-a8b7-4604-993a-c56b34fd3bd2", "position": 1, "text": "The continued evolution of products marketed by life insurance companies has resulted in hybrid instruments such as the Individual Flexible Premium Deferred Fixed and Variable Annuity Contract under consideration in this case.", "label": "potential value"}, "7246a78a-396c-47d0-84ef-7f9651beb9ba": {"case_id": "b3d1007b-bbca-49c3-abae-2363e9b5c2df", "opinion_id": "8930735e-de55-4a7f-9fe3-bdd455b01ac4", "paragraph_id": "821dfe19-81ac-49d8-8e3e-6f69fd9a4415", "position": 1, "text": "To classify a hybrid instrument as either debt or equity, we have applied the following hierarchy which in the Department’s view establishes whether an instrument has the qualities of debt or equity: (1) Expiration/Maturity Date/Repayment Obligation, (2)", "label": "potential value"}, "797751a6-0833-4afb-8431-93b2d6ab1163": {"case_id": "b3d1007b-bbca-49c3-abae-2363e9b5c2df", "opinion_id": "8930735e-de55-4a7f-9fe3-bdd455b01ac4", "paragraph_id": "821dfe19-81ac-49d8-8e3e-6f69fd9a4415", "position": 5, "text": "For each hybrid instrument, we considered the four sets of criteria in order.", "label": "potential value"}, "adb4e9c0-4a0f-4e95-983d-8dc742ddc9c6": {"case_id": "b3d1007b-bbca-49c3-abae-2363e9b5c2df", "opinion_id": "8930735e-de55-4a7f-9fe3-bdd455b01ac4", "paragraph_id": "7f5ec59a-180f-4f9d-991d-7c9223629ade", "position": 2, "text": "After discussing the basis for Commerce’s new methodology of classifying hybrid instruments and its application to parts bénéficiaries in this case, Commerce contends it “has discretion to evaluate the facts on the record and to decide which are the most informative as to the nature of [parts bénéficiaries].”", "label": "potential value"}, "5013c863-de53-4878-9e82-9424793a558b": {"case_id": "b3d1007b-bbca-49c3-abae-2363e9b5c2df", "opinion_id": "8930735e-de55-4a7f-9fe3-bdd455b01ac4", "paragraph_id": "5ebf6f07-0da9-4f7c-895b-a213be5da4da", "position": 0, "text": "If after applying the first set of criteria, we are unable to establish whether the hybrid instrument is debt or equity, we will turn to the second set of criteria.", "label": "potential value"}, "0a735f9f-0f73-44c2-b8e0-d8c0c4627f74": {"case_id": "b3d1007b-bbca-49c3-abae-2363e9b5c2df", "opinion_id": "8930735e-de55-4a7f-9fe3-bdd455b01ac4", "paragraph_id": "3c683a39-2eae-463e-a733-bf7b0da7453f", "position": 3, "text": "Commerce gathered record evidence and worked it through its hierarchy for hybrid instruments, criterion by criterion, reaching the conclusion the preferred shares were equity instruments.", "label": "potential value"}, "e62c1a77-093d-446a-9b63-24007ab3a456": {"case_id": "4fb50087-0c76-4b5d-9861-4dee0a2ff282", "opinion_id": "71f944c3-9304-4c73-9167-7e5cbbe556f2", "paragraph_id": "8c8c47ae-cb64-46cb-9503-b6a27d78f083", "position": 0, "text": "No agreement, contract, or transaction between eligible contract participants\n10\nor persons reasonably believed to be eligible contract participants, and no hybrid instrument sold to any investor, shall be void, voidable, or unenforceable, and no such party shall be entitled to rescind, or recover any payment made with respect to, such an agreement, contract, transaction, or instrument under this section or any other provision of Federal or State law, based solely on the failure of the agreement, contract, transaction, or instrument to comply with the terms or conditions of an exemption or exclusion from any provision of this chapter or regulations of the Commission.", "label": "potential value"}, "874e0ed7-488a-45fd-aef6-ee88760eb7ed": {"case_id": "0b0c67ba-a3eb-46ac-8d9a-87d9f6c651e0", "opinion_id": "a85a7a4d-f730-49fe-a73d-c32d2d50dd08", "paragraph_id": "3bb24496-3669-486d-bf1f-4514e365d9db", "position": 2, "text": "54 Fed.Reg. 1128, 1130 n. 14 (\"Proposed Rules Concerning Regulation of Hybrid Instruments”) (CFTC January 11, 1989).", "label": "potential value"}, "0faa4d78-0cdb-4a89-9e3b-4e0bb9cba395": {"case_id": "ea4d08fd-1246-4177-addd-5ebfa707dd9b", "opinion_id": "9f1691d4-1e01-4d57-b239-bd31f7a36367", "paragraph_id": "e03499b4-90a8-4df4-9942-8c76e26fe6fa", "position": 3, "text": "In reality, these shares are hybrid instruments having both equity and debt characteristics.", "label": "potential value"}, "b4a4f614-cddf-480a-a6b3-7ef0deff045d": {"case_id": "ea4d08fd-1246-4177-addd-5ebfa707dd9b", "opinion_id": "85bca144-c2d2-4ef0-98cf-8d203d51c85a", "paragraph_id": "ba4e3c6c-64c0-44a2-9ae4-b79e6e454827", "position": 1, "text": "The basis of the Court’s holding is a characterization of the mutual share accounts as “hybrid instruments” having both equity and debt characteristics, ante, at 138.", "label": "potential value"}, "2c8c6592-dd9f-4f5c-ac56-530f9482dad3": {"case_id": "ea4d08fd-1246-4177-addd-5ebfa707dd9b", "opinion_id": "85bca144-c2d2-4ef0-98cf-8d203d51c85a", "paragraph_id": "b3e48aea-bd42-4c49-9faf-9077cf355e8c", "position": 5, "text": "A more realistic analysis would acknowledge that the equity aspects of a hybrid instrument are intertwined with the debt aspects and cannot be valued in isolation.", "label": "potential value"}, "477ccf28-2910-4aa5-9fb0-acfc65599409": {"case_id": "ea4d08fd-1246-4177-addd-5ebfa707dd9b", "opinion_id": "85bca144-c2d2-4ef0-98cf-8d203d51c85a", "paragraph_id": "b8ead9e1-a46e-4488-9e21-d0d2327867b3", "position": 1, "text": "This case presents the first opportunity for the Court to consider the use of hybrid instruments in reorganizations.", "label": "potential value"}, "b4dabf78-83f0-4f20-b043-bbef64470d7a": {"case_id": "ea4d08fd-1246-4177-addd-5ebfa707dd9b", "opinion_id": "85bca144-c2d2-4ef0-98cf-8d203d51c85a", "paragraph_id": "b8ead9e1-a46e-4488-9e21-d0d2327867b3", "position": 5, "text": "I would adhere to precedent and to a clear test and hold that a hybrid instrument which has the principal characteristics of equity ownership should be treated as equity for purposes of the continuity-of-proprietary-interest requirement.", "label": "potential value"}, "fdbcb251-0ae7-4a9d-9380-78bedc59809b": {"case_id": "4fd54924-50bf-4ea0-b20c-d18c13b843d0", "opinion_id": "a853bdbe-4d8c-4a78-ae56-8b4a89104c13", "paragraph_id": "29286ca5-36f0-4cbf-a338-3bf4602948ff", "position": 4, "text": "See 15 U.S.C. § 78y(a)(3) (review of final SEC orders); 7 U.S.C. § 27d(c)(3) (review of agency rules purporting to regulate hybrid instruments by the Commodity Futures Trading Commission); 7 U.S.C. § 136n(b) (review of orders refusing to cancel or suspend registration of pesticides by the Department of Agriculture).", "label": "potential value"}, "eadad0a0-b435-4d7e-a4eb-125fc39eb76a": {"case_id": "a767b71e-75c7-4e17-9e45-0b0130ab5edc", "opinion_id": "5bb04d7a-ce37-465a-89de-befe86dbc8bd", "paragraph_id": "def6cc09-83e1-475b-9c45-e41dfdae1766", "position": 5, "text": "Arguments may be made for or against any particular classification of such a hybrid instrument.", "label": "potential value"}, "de3b6223-15fe-4fe0-a12e-ef6ce18d168e": {"case_id": "3c53ff15-b2dc-413d-9880-6deabb2e6521", "opinion_id": "65821ba4-f714-46cb-bbc9-8f9040acdcc6", "paragraph_id": "d97f6557-b376-4303-b36c-a8f08dacd3b0", "position": 0, "text": "As with its analysis of the PACS, Commerce first determined the FIS bonds constituted debt upon issuance, noting the FIS bonds satisfied the first set of hierarchical criteria used to classify hybrid instruments as debt because “these instruments have fixed amortization schedules.”", "label": "potential value"}, "d7744e26-bc8a-4070-969e-377b4919464d": {"case_id": "96f8c695-a6aa-488b-b3ac-6df8a218ae46", "opinion_id": "efe9a36f-c397-4a08-ae53-31f0a99121c5", "paragraph_id": "cc62521b-86ec-4072-9e23-76bb88c03c0e", "position": 0, "text": "Since Lemer and Oz, the SEC has provided guidance on the treatment of hybrid instruments in an amicus brief submitted in Levy v. Southbrook Intern.", "label": "potential value"}, "6e4732b1-692b-43e4-af5c-7736b3c3f08f": {"case_id": "96f8c695-a6aa-488b-b3ac-6df8a218ae46", "opinion_id": "efe9a36f-c397-4a08-ae53-31f0a99121c5", "paragraph_id": "28a7f93f-2ed7-45af-8950-6ead76d63f4c", "position": 1, "text": "See Schaffer ex rel. Lasersight Inc. v. CC Investments, LDC, 280 F.Supp.2d 128, 139-140 (S.D.N.Y.2003) (“[U]nder the SEC’s reasoning, the acquisition (or disposition) of a hybrid instrument results in (1) an immediate acquisition (or disposition) of a derivative security with respect to the minimum number of shares of underlying common stock that can be acquired under the fixed rate component, and (2) a subsequent purchase (or sale) at the time of conversion of any additional shares acquired (or disposed of) at that time under the floating rate component.”) (emphasis added).", "label": "potential value"}, "f36ddf99-f034-4e35-b441-27ce4ef33ca8": {"case_id": "717ea6fb-bccc-459f-9a0e-f5337c06bc95", "opinion_id": "d3abaca0-3dc3-4cc2-a8fc-82a672f22871", "paragraph_id": "e213a220-2b17-4cbd-a44a-7bc1a1f0261f", "position": 1, "text": "Under this “bifurcated” approach, the acquisition of a hybrid instrument that allows for the purchase of shares constitutes a § 16(b) purchase of the minimum number of shares that could be acquired if exercise were at the fixed price; conversion of the instrument at a lower floating price is a separate § 16(b) purchase of any additional shares acquired based on the difference between the fixed price and the floating price.", "label": "potential value"}, "589e7b0d-eb54-4346-b5d1-43df8a5cc78f": {"case_id": "717ea6fb-bccc-459f-9a0e-f5337c06bc95", "opinion_id": "d3abaca0-3dc3-4cc2-a8fc-82a672f22871", "paragraph_id": "94797c45-45b7-431a-a039-b4918b4e059e", "position": 1, "text": "An analogous approach would also apply to the acquisition (and later exercise) of a hybrid instrument that allows for the sale of shares.", "label": "potential value"}, "21d9f204-b524-4036-b35c-4a61ade1272e": {"case_id": "3c3165f4-8386-4938-8402-d15418c9fbc7", "opinion_id": "103ab6c2-2ac3-4ebc-8bbb-936c4ff88fb1", "paragraph_id": "fbd2ceeb-4641-4162-9da3-5954bf285666", "position": 4, "text": "In so doing, the court determined in practical effect that the language created a hybrid instrument which contained properties of both a time instrument and a demand instrument.", "label": "potential value"}, "257b4437-8462-4d65-8019-c5201ef798e7": {"case_id": "4bee7798-5332-4a1a-9f97-6df5f18fac89", "opinion_id": "f3fc4a8d-8dc1-4905-bcac-1da561ba4e92", "paragraph_id": "51e3ca61-aa32-4d5e-a0c0-70e09e228270", "position": 4, "text": "Hybrid instruments would create a reduced rate of funding for the French Banks and an “enhanced return for the U.S. investors.”", "label": "potential value"}, "f7c977ee-d270-49a0-9d93-bc21624113cb": {"case_id": "4bee7798-5332-4a1a-9f97-6df5f18fac89", "opinion_id": "f3fc4a8d-8dc1-4905-bcac-1da561ba4e92", "paragraph_id": "3dbc7563-e030-44b2-b43b-1d9ee08167d3", "position": 0, "text": "Rovani testified that the PC Swap was a hybrid instrument and the objective of the PC Swap was to make a debt-like return of LIBOR plus one percent look like an after-tax equity-like return.", "label": "potential value"}, "094c7651-b542-432d-85ec-99b16aea567f": {"case_id": "4bee7798-5332-4a1a-9f97-6df5f18fac89", "opinion_id": "f3fc4a8d-8dc1-4905-bcac-1da561ba4e92", "paragraph_id": "b69f4c2a-0f7b-4e92-9ee8-d111ae29d7b4", "position": 1, "text": "He considered the PCs to be a hybrid instrument, on a “mix” of debt and equity attributes.", "label": "potential value"}, "a31c0825-f391-4128-a47b-acbe74317296": {"case_id": "e3a9ac39-a8da-4595-999d-8b54e4547e14", "opinion_id": "7c71aebc-5e43-4422-8fc1-fa5f987e7ed2", "paragraph_id": "36bd46de-6d57-4d73-98bb-adce37b2facf", "position": 3, "text": "The dissent makes a number of compelling policy arguments, and I have little doubt that permitting national banks to issue innovative, hybrid instruments such as the Retirement CD would be beneficial to competition as a whole.", "label": "potential value"}, "4226da85-e8d9-4022-8c97-ca1277f91f1a": {"case_id": "7677375a-ffcd-43cb-bf87-8856a5f7f59f", "opinion_id": "a9849904-78c7-4922-b2e1-4ba72b76466c", "paragraph_id": "042076fe-9d4e-4113-9747-74cd187133f6", "position": 1, "text": "As stated above, the mining lease is a hybrid instrument.", "label": "high value"}, "c24f2278-ab57-4148-a480-622d3957147f": {"case_id": "7677375a-ffcd-43cb-bf87-8856a5f7f59f", "opinion_id": "a9849904-78c7-4922-b2e1-4ba72b76466c", "paragraph_id": "64a6505c-1214-4ae5-8abc-fa1c97caec6b", "position": 0, "text": "While termed a “lease,” the agreement between Piedmont and the Grahams is in fact a hybrid instrument.", "label": "potential value"}, "3e08577a-47b1-4e88-81d8-44aaab8113b6": {"case_id": "3ae4edc0-dc7e-4646-a2f3-88ea1da3b764", "opinion_id": "ef4079de-e0f4-4d0a-ace5-f221f75469ed", "paragraph_id": "f54681f6-efbd-4ab3-8ec6-1218ea292a8e", "position": 0, "text": "Consent Decrees are hybrid instruments, containing traits of both contracts and judicial decrees.", "label": "potential value"}, "930ebcd9-cbad-4e5d-a247-719c52125e3b": {"case_id": "9ece938d-ccf3-4812-b954-016549446f30", "opinion_id": "e5c20728-8f02-4c6e-b252-8d8fd7af698e", "paragraph_id": "a6e9265a-86c9-4204-bfb5-26b533acc0d5", "position": 0, "text": "Although it is easy to distinguish the general concept of what constitutes credit or a loan transaction from the concept of an equity investment, in practice it is difficult to draw a precise line between the two when dealing with hybrid instruments that have some characteristics of both debt and equity, as the Board has recognized in other regulatory contexts.", "label": "potential value"}, "9e36dd35-6d26-4021-8bd9-83d427a44a0e": {"case_id": "5519898e-6571-46d9-8f34-f214d58af7f5", "opinion_id": "be63e7ce-d33a-4445-a795-81fa9cf89731", "paragraph_id": "84b9531d-474e-4389-9866-288cab7c70f2", "position": 2, "text": "Because the distinction between paradigmatic debt and paradigmatic equity has been blurred by the rapidly evolving use of hybrid instruments combining debt and equity features, as well as special-purpose securitization vehicles, the need for careful evaluation now is greater than ever.", "label": "potential value"}, "4ed2c2ba-1837-4998-9a7d-369a543ae4ea": {"case_id": "fec5aaf6-870b-4254-bbe2-f412012737d0", "opinion_id": "74c9dbd0-ba80-40a0-85d3-823ef94c0299", "paragraph_id": "336e9a63-ecd0-40c7-97f4-287028a9a743", "position": 0, "text": "30 .PL’s Answering Br. 12 (“Harbinger submits that, with the promulgation of SFAS 150 in 2003, the law of the characterization of hybrid instruments has evolved to the point where Granite's required financial statement treatment of the DEPS as a liability should be determinative of Harbinger's standing under the fraudulent conveyance laws as a matter of law....", "label": "potential value"}, "85f3cbe0-9cc5-4bdc-8a50-396103146ff0": {"case_id": "fec5aaf6-870b-4254-bbe2-f412012737d0", "opinion_id": "74c9dbd0-ba80-40a0-85d3-823ef94c0299", "paragraph_id": "163e6594-052e-414d-acae-ac882f60cba5", "position": 1, "text": "Indeed, in a case cited by the plaintiff, the Supreme Court of the United States had no difficulty in deciding that a hybrid instrument was a form of debt as a matter of law.", "label": "potential value"}, "478f4a17-7057-4e9f-b56e-41ab4407239f": {"case_id": "abea5a62-31ee-4540-85ff-8465b2bc6485", "opinion_id": "6a754270-68d8-47d3-8910-ec811ca0d9e4", "paragraph_id": "ee157a67-a631-48f1-bb76-7c8765f2693e", "position": 10, "text": "It will thus be seen that it is not the mere presence of a seal on an instrument which precludes the defense of a failure or an absence of consideration; but that such inhibition applies only to such instruments as were known to the common law as specialties, to the exclusion of those hybrid instruments which have grown up in commercial usage, but which do not conform to the definition of a common-law specialty.", "label": "potential value"}, "f1218e16-e4e5-4305-aef0-c000516e83dd": {"case_id": "a3416d63-6246-41a9-87f7-d71340217667", "opinion_id": "e22fd7ac-06b8-4134-a8f1-b53c86bb086c", "paragraph_id": "3b22dcad-68d6-4686-bd58-86ade76cf117", "position": 10, "text": "Thus, the introduction of evidence was essential to clarify the legal status of Exhibit “A,” which, on its face, is a hybrid instrument, whose tone, nature and effect would depend on the situation accompanying its execution and delivery.", "label": "potential value"}, "0462c908-fadf-40f0-b9f9-59ccb28e7be9": {"case_id": "5ec09970-8d7c-44f7-b14c-40eeb61d1032", "opinion_id": "141a3b7a-31b7-4adf-ab30-019cb727b043", "paragraph_id": "61cce853-4129-41b2-821b-f48fcb82273d", "position": 0, "text": "In this somewhat hybrid instrument the officer charged the defendant with speeding and directed him to appear in the Court of Common Pleas at Wichita on November 15, 1963.", "label": "potential value"}, "f3b37b20-2541-4a11-aea0-dad99bfe502c": {"case_id": "c52da5d1-d358-4ddc-b534-99cfcbb577b9", "opinion_id": "c59b420c-c138-4be5-bdbe-a140fc57b839", "paragraph_id": "cc7119e9-5dc8-48c1-92e5-10ea2b8c6e44", "position": 0, "text": "Admittedly an oil and gas lease is a hybrid instrument.", "label": "high value"}, "117bf0ce-097b-4a8f-864a-48b03fdd1a97": {"case_id": "27960b5f-5513-421d-aa3a-0e9bded49877", "opinion_id": "6e1c2b4e-ee72-46be-9a7b-df1757041db6", "paragraph_id": "2917e088-5257-4664-b89b-e0860ca9e00b", "position": 0, "text": "“[A]n oil and gas lease is a hybrid instrument.", "label": "high value"}, "6879dc4e-153a-4bda-9b4f-1e6ec883fed0": {"case_id": "f9383663-cc75-4295-905b-f0d370e8a081", "opinion_id": "9b077c39-d4f9-40ff-ad7d-c3a9bb09a937", "paragraph_id": "15e3ebe7-bd22-40dc-a9f0-f4884d443251", "position": 0, "text": "With respect to mineral interest rights, rights arising from an oil and gas lease and the interplay of these rights, it is of value to bear in mind that an oil and gas lease is a hybrid instrument.", "label": "high value"}, "d5ed1aac-d7c9-4a02-9428-b24660fa316b": {"case_id": "7b2f8751-1028-49cb-a356-64998c19db91", "opinion_id": "7a378a0f-0a93-4a48-8e92-90fc38b4e7b3", "paragraph_id": "0d6875f6-654a-43ee-bbb4-8eeb2e34e355", "position": 8, "text": "Much like Scott’s argument to us\n“[the bank] argue[d] that the contract is really a hybrid instrument containing provisions for the sale of goods and provisions for the obligation to pay.", "label": "potential value"}, "5fda0de3-234b-44a0-9f90-1a41b8cc982b": {"case_id": "28f6baad-29d9-4670-aea3-a21211a9d9c6", "opinion_id": "96bdec9f-d7e1-4ce8-a5c1-0bba0dd59227", "paragraph_id": "adde8c20-77aa-4959-b429-a63df4c1dc4a", "position": 2, "text": "In the contract, defendant agreed to make 18 monthly payments commencing on August 25, 1972, and plaintiff argues that the contract is really a hybrid instrument containing provisions for the sale of goods and provisions for the obligation to pay.", "label": "potential value"}, "22cbdf9d-5193-41c6-bb27-3aaba8800826": {"case_id": "8f269175-30e5-4a3c-9981-69ce6308c7bb", "opinion_id": "b2610ca3-0daf-42d0-a590-307a517ff308", "paragraph_id": "b754727c-a661-47c1-880f-c3927ca74e31", "position": 0, "text": "It is imposible for us, under the evidence and our own positive knowledge of what is passing every day under our eyes, to consider this transaction otherwise than as one and indivisible, and that Baring, Brothers & Company, so far as any obligations on their part resulting from the possession of the bill of lading are concerned, were in the situation of the original purchasers of the bill of exchange, of which thé bill of lading and the memorandum on the bill of exchange gave them full notice ; and that they were bound to know and well knew, what the respectable witnesses of the plaintiffs concur in opinion about, as to the origin and character of these hybrid instruments.", "label": "potential value"}, "d3ebaeef-8957-4748-8254-b30b6a319dea": {"case_id": "4aad056e-41f9-4753-8d95-1236f4de4557", "opinion_id": "acb204fb-1aca-4576-b12c-d8d13a6cd0b2", "paragraph_id": "dbcb1320-8e7c-4693-ac83-b71c8dc1cc41", "position": 2, "text": "In the contract, defendant agreed to make 18 monthly payments commencing on August 25, 1972, and plaintiff argues that the contract is really a hybrid instrument containing provisions for the sale of goods and provisions for the obligation to pay.", "label": "potential value"}, "46b337ed-a0f3-4219-9576-9d4f22314db1": {"case_id": "e1b8c8e1-b619-46db-8b63-ad746ea7d1fe", "opinion_id": "35a98092-8e9e-4a70-a46e-69d008ec5146", "paragraph_id": "e4dac4d1-2245-45ce-9c90-71c3e3f06551", "position": 2, "text": "It must be noted by this court that none of the aforementioned statutes governing the amendment, supersession and replacement of accusatory instruments appear to envision the type of hybrid instrument relied on by the People’s interpretation of Minor (supra).", "label": "potential value"}, "8498dc7f-7e40-4658-82eb-06c21094498a": {"case_id": "7eff70f8-7086-4135-9cca-dce75d38e6f7", "opinion_id": "fa9cc0fb-5a2b-4077-9676-94f13be6aa05", "paragraph_id": "452af60f-7ceb-4199-becf-d51f98a5165c", "position": 3, "text": "However, the failure to elaborate the basis for the hybrid instrument, and the questionable policy behind it, has caused considerable difficulty as the trial courts attempt to integrate the hybrid instrument into existing law.", "label": "potential value"}, "dcec0bb8-36ab-434c-84d2-666d2e9f0d54": {"case_id": "ecc10ba9-ee7b-40fe-926f-bd30a8538791", "opinion_id": "faa4524d-5d4e-4242-b83d-23ace87a757e", "paragraph_id": "d8fd47af-4274-4596-ad75-c43f4c0e293a", "position": 1, "text": "In this case the People made a statement of readiness for trial on a \"hybrid” instrument, at the time when one count out of four remained uncorroborated.", "label": "potential value"}, "7201f2eb-8dd8-4a28-a7b4-dc974a5d9239": {"case_id": "2625961f-fec2-4c45-9028-be4b0833b908", "opinion_id": "82d2dd0b-75a5-4585-9383-94e0b4e0a875", "paragraph_id": "31d537d7-4023-4949-b390-63746fee53a4", "position": 5, "text": "The People could properly announce their readiness for trial on a \"hybrid” instrument.", "label": "potential value"}, "149c3d1d-9db0-414b-b837-d7aea426d633": {"case_id": "b8f6b55b-b327-4fa1-8141-3c56a92961c4", "opinion_id": "57afaae5-252d-4de1-8bbc-29d1ba3ed20b", "paragraph_id": "5e1c87ed-9dbf-4502-a85e-f4bb35d02f2e", "position": 1, "text": "[People must dismiss or sever uncorroborated counts before the expiration of speedy trial time]); and People v Davino (173 Misc 2d 410 [Crim Ct, Kings County 1997] [the People may partially convert a complaint but may not validly announce ready on such a “hybrid” instrument]).", "label": "potential value"}, "c9ee8455-6543-41c5-b9e8-9488373e034c": {"case_id": "1b571cac-d264-4b14-86ce-a7004194c242", "opinion_id": "c92d77ea-3763-4039-b074-5737a2a22d81", "paragraph_id": "f03ec5f2-1dd7-46e2-ab21-85aae26ef687", "position": 0, "text": "We find no such hybrid instrument, with its dual personality, self-executing and shifting gears, chameleon charactertistics and Phoenix-like qualities as yet known to the law.", "label": "potential value"}, "b407a05d-0031-45eb-960a-1bddce25a09d": {"case_id": "86963dbd-a470-4c75-88d9-06de1a5650f7", "opinion_id": "78ed1f97-8092-469c-93ac-439ad94f2f6a", "paragraph_id": "b023025f-ec7c-48f0-8e2c-ec569bea7bc7", "position": 0, "text": "In the trial court, Baldwin and Busch argued that the breath test instrument used to analyze their breath samples — either the hybrid instrument or the Series 6600 — had never been evaluated and approved as required by the administrative code., Both sought suppression of the breath test results because they were from \"untested, nonevaluated machine[s].\"", "label": "potential value"}, "a79d04e2-0be6-4606-a049-069ce87cf85d": {"case_id": "86963dbd-a470-4c75-88d9-06de1a5650f7", "opinion_id": "78ed1f97-8092-469c-93ac-439ad94f2f6a", "paragraph_id": "a7e65ce9-2459-4cb4-9fbd-e26fe84d3e63", "position": 0, "text": "The trial court denied Baldwin's and Busch's motions concluding that the underlying analytical process had not been upgraded and that there was no need to evaluate and approve the Series 6600 or the hybrid instrument because the analytical process was identical to the process employed by the Series 6400.", "label": "potential value"}, "d8fa7a12-e0aa-481a-a539-7b9f5c3dcf7a": {"case_id": "86963dbd-a470-4c75-88d9-06de1a5650f7", "opinion_id": "78ed1f97-8092-469c-93ac-439ad94f2f6a", "paragraph_id": "cf4b1c05-7b49-44f2-a675-cfc52ad5e90a", "position": 4, "text": "The State insists that the updating of the Series 6400 does not warrant evaluation of the hybrid instrument or the Series 6600.", "label": "potential value"}, "f07cbabd-54c7-41b8-ac05-4216b66c31ce": {"case_id": "072e2464-ff14-47b4-8a9e-aec19e9f7b6d", "opinion_id": "9734a3a4-716c-4ca2-bf7c-bb73f51045d0", "paragraph_id": "aea69d21-10e6-499e-a478-43ba2ff29f3b", "position": 3, "text": "In LeFevre the Alabama Supreme Court characterized uninsured motorist coverage as a \"hybrid\" instrument containing features of both first-party and third-party coverage.", "label": "potential value"}}