{"dfe4d8d0-26c8-472d-93ff-c09a570045ad": {"case_id": "9986b5d9-4590-4e0f-992b-e70dbd585acb", "opinion_id": "a8498599-23fe-4c60-bb7b-a5bc9fa71213", "text": "(1) sums paid as gifts; payments in the nature of gifts made at Christmas time or on other special occasions, as a reward for service, the amounts of which are not measured by or dependent on hours worked, production, or efficiency (emphasis added).", "position": 44}, "eb709a1b-84b9-4228-9871-bb04cb9846ed": {"case_id": "9986b5d9-4590-4e0f-992b-e70dbd585acb", "opinion_id": "a8498599-23fe-4c60-bb7b-a5bc9fa71213", "text": "The deputies receive the longevity payments regardless of the number of hours worked or wages earned. The payments serve no purpose other than to reward the deputies for their tenure as County employees. The Union cites no authority in support of its argument other than the administrative letter rulings which we have distinguished. As the payments are not measured by or dependent on hours worked, production or efficiency, we hold that the longevity payments qualify as “sums paid as gifts.” As such, the County properly excludes the longevity payments from “regular rate of pay.”", "position": 50}, "5124bed1-8657-40d3-ac69-7e5b0f05c1e1": {"case_id": "9986b5d9-4590-4e0f-992b-e70dbd585acb", "opinion_id": "a8498599-23fe-4c60-bb7b-a5bc9fa71213", "text": "As Texas law prohibits the County from entering into an agreement with the Union, the County’s pay system constitutes an agreement between the County and the individual deputies in compliance with Section 207(o) of FLSA. Therefore, the district court did not err in granting summary judgment in favor of the County on the Union’s comp time claim. Neither did the district court err in granting summary judgment in favor of the County on the Union’s longevity payments claim because the payments were not measured by or dependent on hours worked, production or efficiency but qualified as gifts. The district court did err, however, in granting summary judgment in favor of the County on the Union’s firearms qualification claim. We therefore REVERSE the district court’s grant of summary judgment in favor of the County on that claim and REMAND to the district court for the sole purpose of determining whether any deputies suffered damages and, if so, to what extent. In all other respects, we AFFIRM the judgment of the district court.", "position": 69}, "b4e1e973-8e73-4530-b1ba-61065554f9a6": {"case_id": "426a7bed-d7bc-4864-a415-f28fce9fa117", "opinion_id": "d24dc628-c23f-4abf-9224-8e98180580b9", "text": "The Debtor is a self-employed, licensed insurance broker affiliated with the Paul Revere Insurance Company of Massachusetts (Paul Revere). He is compensated by Paul Revere on a commission basis for sales procured on the company’s behalf. As such, the Debtor’s compensation is not dependent on hours worked but on sales and renewals procured. Paul Revere withholds social security and taxes from these commission payments.", "position": 3}, "fe7ac49d-d47c-421b-9f16-8f66fd8260f0": {"case_id": "065083e1-cc95-4b1c-afed-e6c9c3d22eb5", "opinion_id": "a1f2bebf-e285-4184-a85f-dd3595238345", "text": "(1) sums paid as gifts; payments in the nature of gifts made at Christmas time or on other special occasions, as a reward for service, the amounts of which are not measured by or dependent on hours worked, production, or efficiency;\n(2) payments made for occasional periods when no work is performed due to vacation ... and other similar payments to an employee which are not made as compensation for his hours of employment;\n(3) Sums paid in recognition for services performed during a given year if either (a) both the fact that the payment is to be made and the amount of the payment are determined at the sole discretion of the employer at or near the end of the period....", "position": 17}, "c7200add-d170-43e4-a0b1-58551fa2ba36": {"case_id": "634109fe-2683-45ae-9196-64a40d21b260", "opinion_id": "d2b36458-06ee-4c99-a40b-f2615f28b2e5", "text": "Therefore, it seems that we must look directly at the statute and see what Congress has said. Those pertinent parts of Sec. 7, supra, are as follows:\n“(d) As used in this section the ‘regular rate’ at which an employee is employed shall be deemed to include all remuneration for employment paid to, or on behalf of, the employee, but shall not be deemed to include—\n“(1) sums paid as gifts; payments in the nature of gifts made at Christmas time or on other special occasions, as a reward for service, the amounts of which awe not measured, by or dependent on hours worked, production, or efficiency; * * *\n“(3) sums paid in recognition of services performed during a given period if' either, (a) both the fact that payment is to be made and the amount of the payment are determined at the sole discretion of the employer at or near the end of the period and not pursuant to any prior contract, agreement, or promise causing the employee to expect such payments regularly; or (b) the payments are made pursuant to a bona fide profit-sharing plan or trust or bona fide thrift or savings plan, meeting the requirements of the Administrator set forth in appropriate regulations which he shall issue, -having due regard among other relevant factors, to the extent to which the amounts paid to the employee are determined without regard to hours of work, production, or efficiency; or (c) the payments are talent fees (as such talent fees are defined and delimited by regulations of the Administrator) paid to performers, including announcers, on radio and television programs; * * *\n“(5) extra compensation provided by a premium rate paid for certain hours worked by the employee in -any day or workweek 'because such hours are hours worked in excess of eight in a day or forty in a workweek or in excess of the employee’s normal working hours or regular working hours, as the case may be;\n“(6) extra compensation provided by a premium rate paid for work by the employee on Saturdays, Sundays, holidays, or regular days of rest, or on the sixth or seventh day of the workweek, where such premium rate is not less than one and one-half times the rate established in good faith for like work performed in nonovertime hours on other days; or\n“(7) extra -compensation provided by a premimum rate paid to the employee, in pursuance of an applicable employment contract or collective-bargaining agreement, for work outside of the hours established in good faith by the contract or agreement as the basic, normal, or regular workday (not exceeding eight hours) or workweek (not exceeding forty hours) where such premium rate is not less than one and one-half times the rate established in good faith by the contract or agreement for like work performed during such workday or workweek.” (Emphasis supplied.)", "position": 20}, "6be586b0-b0be-43c5-8106-cffec9e48a43": {"case_id": "634109fe-2683-45ae-9196-64a40d21b260", "opinion_id": "d2b36458-06ee-4c99-a40b-f2615f28b2e5", "text": "(d) (1) the amounts of which are not measured by, or dependent on, hours worked, production or efficiency;\n(d) (3) (a) and not pursuant to any prior contract, agreement or promise, causing the employee to expect such payments regularly.", "position": 22}, "eef0ea4d-8611-4cf6-a24c-78f9e4169f25": {"case_id": "e078393a-06fb-47fa-8526-03f45fed183f", "opinion_id": "ef386aaf-1d92-407a-8862-f3339d6211e6", "text": "(1) sums paid as gifts; payments in the nature of gifts made at Christmas time or on other special occasions, as a reward for service, the amounts of which are not measured by or dependent on hours worked, production, or efficiency....", "position": 174}, "9307eddf-d1db-45c9-956f-ac177f0dbf5b": {"case_id": "e078393a-06fb-47fa-8526-03f45fed183f", "opinion_id": "ef386aaf-1d92-407a-8862-f3339d6211e6", "text": "Section 207(e)(1) defines the term “gift” in the phrase, “Sums paid as gifts.” 29 U.S.C. § 207(e)(1). Defendant argues that any payment that is not measured by or dependent on production, efficiency or hours worked is a “gift” that can be excluded from the regular rate pursuant to 29 U.S.C. § 207(e)(1) and 5 C.F.R. § 551.511(b)(1). See Def.’s Resp. 5 (“[OSI, SCI and RTI] comprise discretionary cash rewards that are not tied to hours of work, productivity, or efficiency.”). However, defendant overlooks the text immediately preeeding the portion of the text (“the amounts of which are not measured by or dependent on horns worked, production, or efficiency,” 29 U.S.C. § 207(e)(1)) on which it relies. The portion of the text defendant overlooks states that the “regular rate” does not include “payments in the nature of gifts made at Christmas time or on other special occasions, as a reward for service, the amounts of which are not measured by or dependent on hours worked, production, or efficiency.” 29 U.S.C. § 207(e)(1) (emphasis added). It is not enough that the amount of a payment is “not measured by or dependent on hours worked, production, or efficiency.” See 29 U.S.C. § 207(e)(1). To be excluded from the regular rate pursuant to 29 U.S.C. § 207(e)(1), the payment must also be a payment: (1) “in the nature of gifts made at Christmas time or on other special occasions” and (2) “as a reward for service.” 29 U.S.C. § 207(e)(1). This interpretation is consistent with the Conference Report to the public law that originally established the exemptions from the regular rate now found at 29 U.S.C. § 207(e) (Conference Report). The Conference Report provides that gifts and payments in the nature of gifts made on special occasions can be excluded from the regular rate pursuant to 29 U.S.C. § 207(e)(1):", "position": 184}, "aca4e6ab-7614-4753-ba75-a423aa87aeda": {"case_id": "e078393a-06fb-47fa-8526-03f45fed183f", "opinion_id": "ef386aaf-1d92-407a-8862-f3339d6211e6", "text": "H.R.Rep. No. 81-1453, at 19 (1949) (Conf. Rep.); see Haber v. Americana Corp., 378 F.2d 854, 856 (9th Cir.1967) (describing 29 U.S.C. § 207(e)(1) as excluding “gifts made on special occasions the amounts of which are not dependent upon hours worked, production or efficiency”). The Conference Report does not state that any payment that is “not measured by or dependent on hours worked, production, or efficiency” can be excluded from the regular rate. If Congress intended any payment “not measured by or dependent on hours worked, production, or efficiency” to be considered a gift, Congress could have inserted a semicolon between the phrases “payments in the nature of gifts made at Christmas time or on other special occasions” and “as a reward for service, the amounts of which are not measured by or dependent on hours worked, production, or efficiency” in the text of 29 U.S.C. § 207(e)(1).", "position": 186}, "cd36ef09-6fad-44d3-8a06-3a68282ae081": {"case_id": "e078393a-06fb-47fa-8526-03f45fed183f", "opinion_id": "ef386aaf-1d92-407a-8862-f3339d6211e6", "text": "Def.’s App. 110 (Human Resources Policy Manual) (emphasis added). Because the amount of the RTI is based on the number of years in the service period established by the service agreement, defendant cannot establish that the amount of the RTI is “not measured by or dependent on hours worked,” as required by 29 U.S.C. § 207(e)(1). Additionally, the RTI was not awarded “at Christmas time or on other special occasions,” 29 U.S.C. § 207(e)(1), but pursuant to service agreements, see Def.’s App. Ill (Human Resources Policy Manual). Because interpretation of the HRPM is a matter of law, and because the RTI was dependent on hours worked and was not awarded “at Christmas time or on other special occasions,” defendant cannot exclude RTI from plaintiffs’ regular rates of pay as a “gift” pursuant to 29 U.S.C. § 207(e)(1) and 5 C.F.R. § 551.511(b)(1) and plaintiffs are entitled to summary judgment on this issue. See RCFC 56(c)(1) (“A motion for summary judgment should be granted if ... there is no genuine issue as to any material fact and ... the movant is entitled to judgment as a matter of law.”).", "position": 189}, "e4827b46-4d65-4ca1-b6ea-ae39eab5fe6c": {"case_id": "e078393a-06fb-47fa-8526-03f45fed183f", "opinion_id": "ef386aaf-1d92-407a-8862-f3339d6211e6", "text": "(1) sums paid as gifts; payments in the nature of gifts made at Christmas time or on other special occasions, as a reward for service, the amounts of which are not measured by or dependent on hours worked, production, or efficiency;\n(3)Sums paid in recognition of services performed during a given period if ... both the fact that payment is to be made and the amount of payment are determined at the sole discretion of the employer at or near the end of the period and not pursuant to any prior contract, agreement, or promise causing the employee to expect such payments regularly....", "position": 37}, "a8abd2dd-5042-43e7-85c0-aac532945dba": {"case_id": "9d940ac9-a95c-4f19-b912-f8e3288b0275", "opinion_id": "8ce3a9ed-7a35-4c52-83e9-fbe7a04c0014", "text": "Some courts have characterized longevity payments and other add-ons as “reflecting] the greater value of an experienced employee’s labor.” See Scott v. City of New York, 592 F.Supp.2d 475, 488 (S.D.N.Y.2008). If the add-ons are meant to compensate for additional value of each hour of labor, then it makes sense to compensate for this additional value in every overtime hour as well. See id. (“[T]he value of that experience is received by the employer for every hour that the employee works.”). The problem with this approach is that the CBAs do not discuss the addons in terms of an hourly rate increase; the add-ons are described as biweekly lump-sum payments and are not dependent on hours worked. Sums paid as a reward for service, “the amounts of which are not measured by or dependent on hours worked, production, or efficiency,” are not part of the regular rate. 29 U.S.C. § 207(e)(1); see also Zumerling v. Devine, 769 F.2d 745, 751 (Fed.Cir.1985) (holding that the proper divisor is hours worked because lump-sum premium pay is “not received in return for any particular hours of work ... [rather, it is] a means of generally compensating the employees”).", "position": 63}, "2e2f2966-bb63-47e9-9db7-5e17b448b24d": {"case_id": "9d940ac9-a95c-4f19-b912-f8e3288b0275", "opinion_id": "8ce3a9ed-7a35-4c52-83e9-fbe7a04c0014", "text": "(1) sums paid as gifts; payments in the nature of gifts made at Christmas time or on other special occasions, as a reward for service, the amounts of which are not measured by or dependent on hours worked, production, or efficiency;\n(2) payments made for occasional periods when no work is performed due to vacation, holiday, illness, failure of the employer to provide sufficient work, or other similar cause; reasonable payments for traveling expenses, or other expenses, incurred by an employee in the furtherance of his employer’s interests and properly reimbursable by the employer; and other similar payments to an employee which are not made as compensation for his hours of employment;\n(5) extra compensation provided by a premium rate paid for certain hours worked by the employee in any day or workweek because such hours are hours worked in excess of eight in a day or in excess of the maximum workweek applicable to such employee under subsection (a) of this section or in excess of the employee's normal working hours or regular working hours, as the case may be;\n(6) extra compensation provided by a premium rate paid for work by the employee on Saturdays, Sundays, holidays, or regular days of rest, or on the sixth or seventh day of the workweek, where such premium rate is not less than one and one-half times the rate established in good faith for like work performed in nonovertime hours on other days;", "position": 88}, "894b79cf-8faf-4d72-ba67-0bfff9d3b89e": {"case_id": "7ac37ccc-dbcc-46b3-87d7-fe3b138e1507", "opinion_id": "168d5ca9-33cb-482f-bd3a-b627b11d7d21", "text": "FLSA § 207(e) contains a list of remunerations that the regular rate “shall not be deemed to include.” This compendium encompasses such things as “reward[s] for service, the amount of which are not measured by or dependent on hours worked, production, or efficiency [and] payments made for occasional periods when no work is being performed due to vacation, holiday, illness, failure of the employer to provide sufficient work, or other similar cause.” 29 U.S.C. § 207(e)(l)-(2). These exclusions (and the statutory language used in their explication) illustrate that any compensation that is not paid for hours actually worked in the service and at the gain of the employer is not to be counted toward hours of service. It is surpassingly difficult to make a principled distinction between wages received for hours not worked because an employer has failed to provide sufficient work and wages received for hours not worked because an employer unjustifiably has kept the employee from working (and, thus, has failed to provide sufficient work).", "position": 29}, "a6fd401f-1806-403d-8bad-bf7ace62a88d": {"case_id": "8b11afce-b44a-46fe-9920-343d7b80b462", "opinion_id": "4907daa1-d99a-4faa-bc7c-345038bf0e6a", "text": "(1) sums paid as gifts; payments in the nature of gifts made at Christmas time or on other special occasions, as a reward for service, the amounts of which are not measured by or dependent on hours worked, production, or efficiency;", "position": 200}, "04e260c7-7e27-4bef-a20b-c31b67d914f7": {"case_id": "8b11afce-b44a-46fe-9920-343d7b80b462", "opinion_id": "4907daa1-d99a-4faa-bc7c-345038bf0e6a", "text": "87. Payments of make-up accruals under the 2-rate system were not gifts nor were they payments in the nature of gifts on special occasions, but rather they were regular periodic payments covering compensation due for and measured by the number of hours worked by the employee. Both the fact that make-up accruals would be paid and the formula and rates for computing the amount thereof were fixed in advance of the employee’s performance of the work by Godwin’s promise to pay the make-up accruals as part of what the employee would receive as compensation for his labors. Moreover, the amount of the payments was totally dependent on hours worked, i.e., the higher rate times the hours worked — less payments on account (also largely measured by hours worked) already received for those hours worked.", "position": 133}, "030f477f-a795-49bc-b8c3-bfb72b3277db": {"case_id": "4a0b820b-a400-4efe-8cf9-1e5687e0eb8b", "opinion_id": "e4d686c0-9afb-4a79-8ed2-dfe477f7b959", "text": "(1) sums paid as gifts; payments in the nature of gifts made at Christmas time or on other special occasions, as a reward for service, the amounts of which are not measured by or dependent on hours worked, production, or efficiency;\n(2) payments made for occasional periods when no work is performed due to vacation, holiday, illness, failure of the employer to provide sufficient work, or other similar cause;....", "position": 261}, "5cc248cd-220b-47d6-912b-669c9116b0df": {"case_id": "4a0b820b-a400-4efe-8cf9-1e5687e0eb8b", "opinion_id": "e4d686c0-9afb-4a79-8ed2-dfe477f7b959", "text": "The deciding factor is whether vacation time and sick leave buy-back monies are, or are similar to, “payments for occasional periods when no work is performed due to vacation, holiday, illness, failure of the employer to provide sufficient work, or other similar cause,” 29 U.S.C. § 207(e)(2), or “payments in the nature of gifts made ... as a reward for service, the amounts of which are not measured by or dependent on hours worked, production, or efficiency,” 29 U.S.C. § 207(e)(1). See Acton v. City of Columbia, 436 F.3d at 977 n. 10 (finding that sick leave buy-back moneys do not “resemble any of the payments expressly excluded under § 207(a)(2).”)(citing 29 C.F.R. § 778.224(a)). The Court concludes that such buy-back monies are distinct from both. As the Eighth Circuit aptly pointed out, buy-back money for sick leave — and, one might assume, vacation time — are awarded “for coming to work consistently, not for work that was never performed.” Acton v. City of Columbia, 436 F.3d at 977 n. 10.", "position": 270}, "8834452e-4f58-42cf-bac8-2c8a95d8d51c": {"case_id": "fa4d195b-7a40-463a-921d-f61d57362d84", "opinion_id": "d26c6b06-74e4-4314-9e1e-562599cdc334", "text": "These agreements obligate the employers to make specified contributions to four employee fringe benefit trust funds created pursuant to 29 U.S.C. § 186(c)(5). These trusts collect approximately $5 million per month from over 2,500 employers for the benefit of 40,000 employees. Each trust pools the contributions from all employers into one account. An employee’s eligibility for benefits is generally dependent on hours worked, but has nothing to do with whether his employer actually made contributions to the trusts. Thus if an employer fails to make the required contributions, all beneficiaries suffer reduced benefit levels but no employees are completely cut off from benefits.", "position": 4}, "ed04ff50-1ecc-49b5-83ff-747a90d4a075": {"case_id": "d192c610-b664-435d-af19-f73fb5ca5283", "opinion_id": "44e73263-0271-4874-ab04-49f78a311c20", "text": "As for vacation and sick pay, the board adopted the approach that it previously had employed in Graziano v. St. Mary’s Hospital, 11 Conn. Workers’ Comp. Rev. Op. 10 (1993). In Graziano, the board held that vacation and sick pay could be included in an employee’s average weekly wage calculation under § 31-310 if they were proven to be “payments dependent on hours worked or payments by way of compensation for hours worked or sums paid due to contractual or quasi-contractual obligations.” Id., 13.", "position": 23}, "4ddd7fd8-0671-44f6-acb5-2020538e0ea8": {"case_id": "0b86a81d-ec2d-401d-a380-c52653738fba", "opinion_id": "c9a222e7-bbf6-4541-bb37-24d50b9fb2c5", "text": "(1) Sums paid as gifts, payments in the nature of gifts made at Christmas time or on other special occasions as a reward for service, the amounts of which are not measured by or dependent on hours worked, production or efficiency.", "position": 64}, "7a1c0373-4edd-4175-a53d-22056c99f9f1": {"case_id": "828e6c57-5e61-449e-a709-d28e767013d2", "opinion_id": "4ba45c17-9cc3-41a7-8906-6184319c9379", "text": "(1) Sums paid as gifts, payments in the nature of gifts -njade at- Christmas time or on other special occasions as a reward for service, the amounts of which are not measured by or dependent on hours worked, production or efficiency.", "position": 97}}