{"dc89c037-534a-4067-b7d9-cc9b6d70031f": {"case_id": "9986b5d9-4590-4e0f-992b-e70dbd585acb", "opinion_id": "a8498599-23fe-4c60-bb7b-a5bc9fa71213", "paragraph_id": "dfe4d8d0-26c8-472d-93ff-c09a570045ad", "position": 0, "text": "(1) sums paid as gifts; payments in the nature of gifts made at Christmas time or on other special occasions, as a reward for service, the amounts of which are not measured by or dependent on hours worked, production, or efficiency (emphasis added).", "label": "no value"}, "8385d399-85dc-4110-be02-99575d1dd9c8": {"case_id": "9986b5d9-4590-4e0f-992b-e70dbd585acb", "opinion_id": "a8498599-23fe-4c60-bb7b-a5bc9fa71213", "paragraph_id": "eb709a1b-84b9-4228-9871-bb04cb9846ed", "position": 3, "text": "As the payments are not measured by or dependent on hours worked, production or efficiency, we hold that the longevity payments qualify as “sums paid as gifts.”", "label": "certain value"}, "acd12298-2bc0-4418-804e-81de14bc1a43": {"case_id": "9986b5d9-4590-4e0f-992b-e70dbd585acb", "opinion_id": "a8498599-23fe-4c60-bb7b-a5bc9fa71213", "paragraph_id": "5124bed1-8657-40d3-ac69-7e5b0f05c1e1", "position": 2, "text": "Neither did the district court err in granting summary judgment in favor of the County on the Union’s longevity payments claim because the payments were not measured by or dependent on hours worked, production or efficiency but qualified as gifts.", "label": "certain value"}, "75473bdd-93fc-43b4-87f6-504dcea60dde": {"case_id": "426a7bed-d7bc-4864-a415-f28fce9fa117", "opinion_id": "d24dc628-c23f-4abf-9224-8e98180580b9", "paragraph_id": "b4e1e973-8e73-4530-b1ba-61065554f9a6", "position": 2, "text": "As such, the Debtor’s compensation is not dependent on hours worked but on sales and renewals procured.", "label": "certain value"}, "0797238e-98eb-431c-b773-5971d9fdb06b": {"case_id": "065083e1-cc95-4b1c-afed-e6c9c3d22eb5", "opinion_id": "a1f2bebf-e285-4184-a85f-dd3595238345", "paragraph_id": "fe7ac49d-d47c-421b-9f16-8f66fd8260f0", "position": 0, "text": "(1) sums paid as gifts; payments in the nature of gifts made at Christmas time or on other special occasions, as a reward for service, the amounts of which are not measured by or dependent on hours worked, production, or efficiency;\n(2) payments made for occasional periods when no work is performed due to vacation ... and other similar payments to an employee which are not made as compensation for his hours of employment;\n(3)", "label": "potential value"}, "4bafd9c2-084e-405b-be30-d0fdabf82bc5": {"case_id": "634109fe-2683-45ae-9196-64a40d21b260", "opinion_id": "d2b36458-06ee-4c99-a40b-f2615f28b2e5", "paragraph_id": "c7200add-d170-43e4-a0b1-58551fa2ba36", "position": 1, "text": "Those pertinent parts of Sec. 7, supra, are as follows:\n“(d) As used in this section the ‘regular rate’ at which an employee is employed shall be deemed to include all remuneration for employment paid to, or on behalf of, the employee, but shall not be deemed to include—\n“(1) sums paid as gifts; payments in the nature of gifts made at Christmas time or on other special occasions, as a reward for service, the amounts of which awe not measured, by or dependent on hours worked, production, or efficiency; * * *\n“(3) sums paid in recognition of services performed during a given period if' either, (a) both the fact that payment is to be made and the amount of the payment are determined at the sole discretion of the employer at or near the end of the period and not pursuant to any prior contract, agreement, or promise causing the employee to expect such payments regularly; or (b) the payments are made pursuant to a bona fide profit-sharing plan or trust or bona fide thrift or savings plan, meeting the requirements of the Administrator set forth in appropriate regulations which he shall issue, -having due regard among other relevant factors, to the extent to which the amounts paid to the employee are determined without regard to hours of work, production, or efficiency; or (c) the payments are talent fees (as such talent fees are defined and delimited by regulations of the Administrator) paid to performers, including announcers, on radio and television programs; * * *\n“(5) extra compensation provided by a premium rate paid for certain hours worked by the employee in -any day or workweek 'because such hours are hours worked in excess of eight in a day or forty in a workweek or in excess of the employee’s normal working hours or regular working hours, as the case may be;\n“(6) extra compensation provided by a premium rate paid for work by the employee on Saturdays, Sundays, holidays, or regular days of rest, or on the sixth or seventh day of the workweek, where such premium rate is not less than one and one-half times the rate established in good faith for like work performed in nonovertime hours on other days; or\n“(7) extra -compensation provided by a premimum rate paid to the employee, in pursuance of an applicable employment contract or collective-bargaining agreement, for work outside of the hours established in good faith by the contract or agreement as the basic, normal, or regular workday (not exceeding eight hours) or workweek (not exceeding forty hours) where such premium rate is not less than one and one-half times the rate established in good faith by the contract or agreement for like work performed during such workday or workweek.”", "label": "potential value"}, "523b21f0-bcb8-4ed9-aec0-0303582357fb": {"case_id": "634109fe-2683-45ae-9196-64a40d21b260", "opinion_id": "d2b36458-06ee-4c99-a40b-f2615f28b2e5", "paragraph_id": "6be586b0-b0be-43c5-8106-cffec9e48a43", "position": 0, "text": "(d) (1) the amounts of which are not measured by, or dependent on, hours worked, production or efficiency;\n(d) (3) (a) and not pursuant to any prior contract, agreement or promise, causing the employee to expect such payments regularly.", "label": "potential value"}, "54d7204b-86cd-454a-8bd2-d8394e2eed51": {"case_id": "e078393a-06fb-47fa-8526-03f45fed183f", "opinion_id": "ef386aaf-1d92-407a-8862-f3339d6211e6", "paragraph_id": "eef0ea4d-8611-4cf6-a24c-78f9e4169f25", "position": 0, "text": "(1) sums paid as gifts; payments in the nature of gifts made at Christmas time or on other special occasions, as a reward for service, the amounts of which are not measured by or dependent on hours worked, production, or efficiency....", "label": "no value"}, "0e578fd1-1c84-45c7-9dcc-02b18be48fb9": {"case_id": "e078393a-06fb-47fa-8526-03f45fed183f", "opinion_id": "ef386aaf-1d92-407a-8862-f3339d6211e6", "paragraph_id": "9307eddf-d1db-45c9-956f-ac177f0dbf5b", "position": 5, "text": "The portion of the text defendant overlooks states that the “regular rate” does not include “payments in the nature of gifts made at Christmas time or on other special occasions, as a reward for service, the amounts of which are not measured by or dependent on hours worked, production, or efficiency.”", "label": "potential value"}, "644f2fd9-3e2b-4183-bca2-6100f846f41e": {"case_id": "e078393a-06fb-47fa-8526-03f45fed183f", "opinion_id": "ef386aaf-1d92-407a-8862-f3339d6211e6", "paragraph_id": "9307eddf-d1db-45c9-956f-ac177f0dbf5b", "position": 7, "text": "It is not enough that the amount of a payment is “not measured by or dependent on hours worked, production, or efficiency.”", "label": "potential value"}, "a0968624-9821-4482-9ffd-f64c4e429040": {"case_id": "e078393a-06fb-47fa-8526-03f45fed183f", "opinion_id": "ef386aaf-1d92-407a-8862-f3339d6211e6", "paragraph_id": "aca4e6ab-7614-4753-ba75-a423aa87aeda", "position": 1, "text": "The Conference Report does not state that any payment that is “not measured by or dependent on hours worked, production, or efficiency” can be excluded from the regular rate.", "label": "potential value"}, "b95fc411-985b-4ae0-a4a7-b0239a357c7f": {"case_id": "e078393a-06fb-47fa-8526-03f45fed183f", "opinion_id": "ef386aaf-1d92-407a-8862-f3339d6211e6", "paragraph_id": "aca4e6ab-7614-4753-ba75-a423aa87aeda", "position": 2, "text": "If Congress intended any payment “not measured by or dependent on hours worked, production, or efficiency” to be considered a gift, Congress could have inserted a semicolon between the phrases “payments in the nature of gifts made at Christmas time or on other special occasions” and “as a reward for service, the amounts of which are not measured by or dependent on hours worked, production, or efficiency” in the text of 29 U.S.C. § 207(e)(1).", "label": "certain value"}, "fe7b3bf1-9af2-44a3-bdaa-5d1493c97bb0": {"case_id": "e078393a-06fb-47fa-8526-03f45fed183f", "opinion_id": "ef386aaf-1d92-407a-8862-f3339d6211e6", "paragraph_id": "cd36ef09-6fad-44d3-8a06-3a68282ae081", "position": 1, "text": "Because the amount of the RTI is based on the number of years in the service period established by the service agreement, defendant cannot establish that the amount of the RTI is “not measured by or dependent on hours worked,” as required by 29 U.S.C. § 207(e)(1).", "label": "certain value"}, "63ac5519-bd30-4938-b4e5-5c96c5de0e02": {"case_id": "e078393a-06fb-47fa-8526-03f45fed183f", "opinion_id": "ef386aaf-1d92-407a-8862-f3339d6211e6", "paragraph_id": "cd36ef09-6fad-44d3-8a06-3a68282ae081", "position": 3, "text": "Because interpretation of the HRPM is a matter of law, and because the RTI was dependent on hours worked and was not awarded “at Christmas time or on other special occasions,” defendant cannot exclude RTI from plaintiffs’ regular rates of pay as a “gift” pursuant to 29 U.S.C. § 207(e)(1) and 5 C.F.R. § 551.511(b)(1) and plaintiffs are entitled to summary judgment on this issue.", "label": "high value"}, "7ab4a3a5-7377-4383-aa2b-fda4b8896381": {"case_id": "e078393a-06fb-47fa-8526-03f45fed183f", "opinion_id": "ef386aaf-1d92-407a-8862-f3339d6211e6", "paragraph_id": "e4827b46-4d65-4ca1-b6ea-ae39eab5fe6c", "position": 0, "text": "(1) sums paid as gifts; payments in the nature of gifts made at Christmas time or on other special occasions, as a reward for service, the amounts of which are not measured by or dependent on hours worked, production, or efficiency;\n(3)Sums paid in recognition of services performed during a given period if ... both the fact that payment is to be made and the amount of payment are determined at the sole discretion of the employer at or near the end of the period and not pursuant to any prior contract, agreement, or promise causing the employee to expect such payments regularly....", "label": "potential value"}, "6c58cb5a-bc8e-4394-a067-66f9b7379730": {"case_id": "9d940ac9-a95c-4f19-b912-f8e3288b0275", "opinion_id": "8ce3a9ed-7a35-4c52-83e9-fbe7a04c0014", "paragraph_id": "a8abd2dd-5042-43e7-85c0-aac532945dba", "position": 4, "text": "The problem with this approach is that the CBAs do not discuss the addons in terms of an hourly rate increase; the add-ons are described as biweekly lump-sum payments and are not dependent on hours worked.", "label": "high value"}, "08f9bbf4-dd1b-4962-99e2-7863e26ae579": {"case_id": "9d940ac9-a95c-4f19-b912-f8e3288b0275", "opinion_id": "8ce3a9ed-7a35-4c52-83e9-fbe7a04c0014", "paragraph_id": "a8abd2dd-5042-43e7-85c0-aac532945dba", "position": 5, "text": "Sums paid as a reward for service, “the amounts of which are not measured by or dependent on hours worked, production, or efficiency,” are not part of the regular rate.", "label": "potential value"}, "fd7b5fd9-f760-47c8-b672-afcf160f5fb8": {"case_id": "9d940ac9-a95c-4f19-b912-f8e3288b0275", "opinion_id": "8ce3a9ed-7a35-4c52-83e9-fbe7a04c0014", "paragraph_id": "2e2f2966-bb63-47e9-9db7-5e17b448b24d", "position": 0, "text": "(1) sums paid as gifts; payments in the nature of gifts made at Christmas time or on other special occasions, as a reward for service, the amounts of which are not measured by or dependent on hours worked, production, or efficiency;\n(2) payments made for occasional periods when no work is performed due to vacation, holiday, illness, failure of the employer to provide sufficient work, or other similar cause; reasonable payments for traveling expenses, or other expenses, incurred by an employee in the furtherance of his employer’s interests and properly reimbursable by the employer; and other similar payments to an employee which are not made as compensation for his hours of employment;\n(5) extra compensation provided by a premium rate paid for certain hours worked by the employee in any day or workweek because such hours are hours worked in excess of eight in a day or in excess of the maximum workweek applicable to such employee under subsection (a) of this section or in excess of the employee's normal working hours or regular working hours, as the case may be;\n(6) extra compensation provided by a premium rate paid for work by the employee on Saturdays, Sundays, holidays, or regular days of rest, or on the sixth or seventh day of the workweek, where such premium rate is not less than one and one-half times the rate established in good faith for like work performed in nonovertime hours on other days;", "label": "potential value"}, "76512974-d9f6-4ea7-917f-3b8d9c974b71": {"case_id": "7ac37ccc-dbcc-46b3-87d7-fe3b138e1507", "opinion_id": "168d5ca9-33cb-482f-bd3a-b627b11d7d21", "paragraph_id": "894b79cf-8faf-4d72-ba67-0bfff9d3b89e", "position": 1, "text": "This compendium encompasses such things as “reward[s] for service, the amount of which are not measured by or dependent on hours worked, production, or efficiency [and] payments made for occasional periods when no work is being performed due to vacation, holiday, illness, failure of the employer to provide sufficient work, or other similar cause.”", "label": "certain value"}, "a7758986-e7c4-4d42-996f-15c7bc391b2c": {"case_id": "8b11afce-b44a-46fe-9920-343d7b80b462", "opinion_id": "4907daa1-d99a-4faa-bc7c-345038bf0e6a", "paragraph_id": "a6fd401f-1806-403d-8bad-bf7ace62a88d", "position": 0, "text": "(1) sums paid as gifts; payments in the nature of gifts made at Christmas time or on other special occasions, as a reward for service, the amounts of which are not measured by or dependent on hours worked, production, or efficiency;", "label": "no value"}, "8e946a1a-c6b2-44be-90f9-d33697aea5f9": {"case_id": "8b11afce-b44a-46fe-9920-343d7b80b462", "opinion_id": "4907daa1-d99a-4faa-bc7c-345038bf0e6a", "paragraph_id": "04e260c7-7e27-4bef-a20b-c31b67d914f7", "position": 3, "text": "Moreover, the amount of the payments was totally dependent on hours worked, i.e., the higher rate times the hours worked — less payments on account (also largely measured by hours worked) already received for those hours worked.", "label": "high value"}, "3e969574-04e3-4adc-9cfc-871b96cf4020": {"case_id": "4a0b820b-a400-4efe-8cf9-1e5687e0eb8b", "opinion_id": "e4d686c0-9afb-4a79-8ed2-dfe477f7b959", "paragraph_id": "030f477f-a795-49bc-b8c3-bfb72b3277db", "position": 0, "text": "(1) sums paid as gifts; payments in the nature of gifts made at Christmas time or on other special occasions, as a reward for service, the amounts of which are not measured by or dependent on hours worked, production, or efficiency;\n(2) payments made for occasional periods when no work is performed due to vacation, holiday, illness, failure of the employer to provide sufficient work, or other similar cause;....", "label": "potential value"}, "fa53364e-e12f-4cb5-b5e8-7e09e96da17a": {"case_id": "4a0b820b-a400-4efe-8cf9-1e5687e0eb8b", "opinion_id": "e4d686c0-9afb-4a79-8ed2-dfe477f7b959", "paragraph_id": "5cc248cd-220b-47d6-912b-669c9116b0df", "position": 0, "text": "The deciding factor is whether vacation time and sick leave buy-back monies are, or are similar to, “payments for occasional periods when no work is performed due to vacation, holiday, illness, failure of the employer to provide sufficient work, or other similar cause,” 29 U.S.C. § 207(e)(2), or “payments in the nature of gifts made ... as a reward for service, the amounts of which are not measured by or dependent on hours worked, production, or efficiency,” 29 U.S.C. § 207(e)(1).", "label": "certain value"}, "f2bbc690-1846-4295-883d-b95fb2e1beb4": {"case_id": "fa4d195b-7a40-463a-921d-f61d57362d84", "opinion_id": "d26c6b06-74e4-4314-9e1e-562599cdc334", "paragraph_id": "8834452e-4f58-42cf-bac8-2c8a95d8d51c", "position": 3, "text": "An employee’s eligibility for benefits is generally dependent on hours worked, but has nothing to do with whether his employer actually made contributions to the trusts.", "label": "certain value"}, "bb7777c6-5e46-46c1-8581-6dbc53dcfe58": {"case_id": "d192c610-b664-435d-af19-f73fb5ca5283", "opinion_id": "44e73263-0271-4874-ab04-49f78a311c20", "paragraph_id": "ed04ff50-1ecc-49b5-83ff-747a90d4a075", "position": 1, "text": "In Graziano, the board held that vacation and sick pay could be included in an employee’s average weekly wage calculation under § 31-310 if they were proven to be “payments dependent on hours worked or payments by way of compensation for hours worked or sums paid due to contractual or quasi-contractual obligations.”", "label": "certain value"}, "4bcbaada-c9a2-4886-b88c-b71abc679df3": {"case_id": "0b86a81d-ec2d-401d-a380-c52653738fba", "opinion_id": "c9a222e7-bbf6-4541-bb37-24d50b9fb2c5", "paragraph_id": "4ddd7fd8-0671-44f6-acb5-2020538e0ea8", "position": 1, "text": "Sums paid as gifts, payments in the nature of gifts made at Christmas time or on other special occasions as a reward for service, the amounts of which are not measured by or dependent on hours worked, production or efficiency.", "label": "no value"}, "93e0c001-4b0d-47fd-8b29-c4aeab81f7b2": {"case_id": "828e6c57-5e61-449e-a709-d28e767013d2", "opinion_id": "4ba45c17-9cc3-41a7-8906-6184319c9379", "paragraph_id": "7a1c0373-4edd-4175-a53d-22056c99f9f1", "position": 1, "text": "Sums paid as gifts, payments in the nature of gifts -njade at- Christmas time or on other special occasions as a reward for service, the amounts of which are not measured by or dependent on hours worked, production or efficiency.", "label": "no value"}}