{"76cbe1a3-4310-4aa6-bed6-293180193e50": {"case_id": "382fcadc-a1aa-4346-bb64-aa6436a323f6", "opinion_id": "a6c28cfb-88f9-48ff-9545-75404d82c57a", "paragraph_id": "b12fb6ab-169b-4a04-9e01-3c03e3cd3c50", "position": 2, "text": "And, the Act defines “aural transfer” as “a transfer containing the human voice at any point between and including the point of origin and the point of reception.”", "label": "high value"}, "c6db83cb-c027-416f-ac00-9a67f0024b47": {"case_id": "382fcadc-a1aa-4346-bb64-aa6436a323f6", "opinion_id": "a6c28cfb-88f9-48ff-9545-75404d82c57a", "paragraph_id": "b12fb6ab-169b-4a04-9e01-3c03e3cd3c50", "position": 4, "text": "This definition is extremely important for purposes of understanding the definition of a “wire communication”, which is defined by the Act as\nany aural transfer made in whole or in part through the use of facilities for the transmission of communications by the aid of wire, cable, or other like connection between the point of origin and the point of reception (including the use of such connection in a switching station) ... and such term includes any electronic storage of such communication.", "label": "no value"}, "5e9780bc-0829-40d3-9a74-1021a01b76ad": {"case_id": "47643244-bf62-475d-8a30-3976924dfd3e", "opinion_id": "8a32e15a-d39d-42ae-a6ff-778aa4732df2", "paragraph_id": "d01217c7-dbaf-4d90-8c20-6fcaab506a0e", "position": 0, "text": "Under the Pennsylvania Act, 18 Pa.C.S. § 5702,\n“Wire communication” is [a]ny aural transfer made in whole or in part through the use of facilities for the transmission of communication by wire, cable or other like connection between the point of origin and the point of reception, including the use of such a connection in a switching station, furnished or operated by a telephone, telegraph or radio company for hire as a communication common carrier.", "label": "potential value"}, "2e286b1a-6189-416c-8cda-55bfbdfa2394": {"case_id": "47643244-bf62-475d-8a30-3976924dfd3e", "opinion_id": "8a32e15a-d39d-42ae-a6ff-778aa4732df2", "paragraph_id": "32851f71-4de0-4749-b6a2-e290dc4b4345", "position": 0, "text": "Both statutes define “aural transfer” to mean “[a] transfer containing the human voice at any point between and including the point of origin and the point of reception.”", "label": "high value"}, "b663721d-60a8-4d43-95e9-c24a8726dba7": {"case_id": "47643244-bf62-475d-8a30-3976924dfd3e", "opinion_id": "8a32e15a-d39d-42ae-a6ff-778aa4732df2", "paragraph_id": "d6e6890f-50c8-4a6c-8167-c13ed6cc8b58", "position": 4, "text": "In the absence of any record of “a human voice at any point between and including the point of origin and the point of reception,” as is required for an “aural transfer,” we can reach no other Conclusion but that the U.S. and Pennsylvania Wiretapping and Electronic Surveillance Control Acts have no application here and that the defendant did not violate either of these acts in placing the video camera in Plaintiffs office.", "label": "certain value"}, "d722ad6b-125e-48ab-8b80-90dd641c2d01": {"case_id": "47643244-bf62-475d-8a30-3976924dfd3e", "opinion_id": "8a32e15a-d39d-42ae-a6ff-778aa4732df2", "paragraph_id": "5953b4ca-42f7-4140-9fcf-d1e001e28ee6", "position": 1, "text": "“wire communication” means any aural transfer made in whole or in part through the use of facilities for the transmission of communications by the aid of wire, cable, or other like connection between the point of origin and the point of reception (including the use of such connection in a switching station) furnished or operated by any person engaged in providing or operating such facilities for the transmission of interstate or foreign communications affecting interstate or foreign commerce and such term includes any electronic storage of such communication;\n(2)", "label": "potential value"}, "3f427bbb-796c-4233-9bb8-1c4ff002e2ae": {"case_id": "a690af03-e904-4dc9-a137-5ba678332d5e", "opinion_id": "5f502797-9c15-4a98-bc7e-a6e4c2d0d8cc", "paragraph_id": "95210b73-d34f-4c2d-8154-59b80e4e3bf3", "position": 3, "text": "The revised definition hews closely to its original definition in the 1968 Wiretap Act; the ECPA simply amended that definition by replacing the phrase “communication” with “aural transfer,” making certain modifications not relevant here, and, of course, adding the clause “and such term includes any electronic storage of such communication.”", "label": "potential value"}, "ffb6cd9a-3452-4d00-894b-3f58f5b24dad": {"case_id": "a690af03-e904-4dc9-a137-5ba678332d5e", "opinion_id": "5f502797-9c15-4a98-bc7e-a6e4c2d0d8cc", "paragraph_id": "abe40631-cbfe-489f-9565-b015570f38ea", "position": 0, "text": "\"Wire communication” means any aural transfer made in whole or in part through the use of facilities for the transmission of communications by the aid of wire, cable, or other like connection between the point of origin and the point of reception (including the use of such connection in a switching station) furnished or operated by any person engaged in providing or operating such facilities for the transmission of interstate or foreign communications or communications affecting interstate or foreign commerce and such term includes any electronic storage of such communication, but such term does not include the radio portion of a cordless telephone communication that is transmitted between the cordless telephone handset and the base unit.", "label": "potential value"}, "c686505e-c108-41dc-b792-39dda8c8f11d": {"case_id": "a690af03-e904-4dc9-a137-5ba678332d5e", "opinion_id": "c46272a9-40eb-4a95-bc94-64c05be635ee", "paragraph_id": "c391eef1-5d37-4167-a57e-84fe131f867f", "position": 4, "text": "In contrast, the term “wire communication” is defined as “any aural transfer made in whole or in part through the use of facilities for the transmission of communications by the aid of wire, cable, or other like connection between the point of origin and the point of reception ... furnished or operated by any person engaged in providing or operating such facilities ... and such term includes any electronic storage\n22\nof such communication.”", "label": "potential value"}, "26b21ed7-e504-4f93-aac0-c40d798358e1": {"case_id": "e8652db0-236f-4a03-ba7c-200994c337c8", "opinion_id": "bc607dbc-5d9c-4641-a15b-0b845d02f75a", "paragraph_id": "9519bcea-13af-4858-90e0-4e876934a5b9", "position": 2, "text": "See 18 U.S.C. §§ 2510(1), (18) (defining “wire communication” to be “any aural transfer” made in part through aid of wire, and defining “aural transfer” as “a transfer containing the human voice at any point between and including the point of origin and point of reception”).", "label": "high value"}, "6a6c5173-16b8-414f-a880-d90c85eda873": {"case_id": "4dfb89f5-5b7c-4f33-a3ea-ee34f9bce25a", "opinion_id": "508bbf8b-0376-44fe-803b-6e4946fd7ac9", "paragraph_id": "de918613-a448-41a4-9000-28f55edc35b2", "position": 3, "text": "The statute defines a “wire communication” as “any aural transfer made ... through the use of facilities for the transmission of communications by the aid of wire, cable, or other like connection between the point of origin and the point of reception_”", "label": "no value"}, "93c382f1-5786-4345-b609-aeb6ded0cba3": {"case_id": "10a7e965-6456-40d7-95ee-5d071300f0a6", "opinion_id": "b8d0f79a-da4d-4eec-8a48-671f772e8008", "paragraph_id": "e90159b4-a60d-4e54-90f9-80b4caf01307", "position": 1, "text": "And, \" 'wire communications' ” means \"any aural transfer made in whole or in part through the use of facilities for the transmission of communications by the aid of wire, cable or other like connection between the point of origin and the point of reception.... ”§ 2510(1) (emphasis added).", "label": "no value"}, "06340372-4663-4314-9588-f61a04ba276f": {"case_id": "f9d0948b-e8f3-4b50-be34-f514bb24c85b", "opinion_id": "7fd320d5-91e4-44e6-8c9b-fd6404f711f0", "paragraph_id": "c705cef0-2ce4-4dca-9406-f817809071a2", "position": 1, "text": "Prior to October 25, 1994, the Federal Wiretap Act defined the term “wire communication” as:\nany aural transfer made in whole or in part through the use of facilities for the transmission of communications by the aid of wire, cable, or other like connection between the point of origin and the point of reception ... but such term does not include the radio portion of a cordless telephone communication that is transmitted between the cordless telephone handset and the base unit.", "label": "potential value"}, "d7a285cc-c15a-4e99-9a02-2eb1c7e35b68": {"case_id": "f80c7d2d-3dc4-4f49-8996-44d878135e1c", "opinion_id": "e30f8bea-6072-40dd-91c9-6e1b8cc7e078", "paragraph_id": "7cfadfad-c7e1-4e77-a26c-9b8322225b49", "position": 0, "text": "In Title III of the Omnibus Crime Control and Safe Streets Act of 1968, 18 U.S.C. §§ 2510-2520, Congress described a “wire communication” essentially as an “aural transfer ... between the point of origin and the point of reception 18 U.S.C. § 2510(1).", "label": "no value"}, "8d90d834-d817-4424-8ced-3db95472d397": {"case_id": "f80c7d2d-3dc4-4f49-8996-44d878135e1c", "opinion_id": "e30f8bea-6072-40dd-91c9-6e1b8cc7e078", "paragraph_id": "7cfadfad-c7e1-4e77-a26c-9b8322225b49", "position": 1, "text": "An “aural transfer,” in turn, is defined as “a transfer containing the human voice at any point between and including the point of origin and the point of reception.”", "label": "high value"}, "71da2e8a-e6a0-4b3f-bd1d-810591cb48a8": {"case_id": "75d4a83c-1f9e-4e0c-ba70-81ebd2f98f77", "opinion_id": "f92f1a27-7cd3-4967-b96b-fbc728984867", "paragraph_id": "02ddf7bb-2608-4461-9136-00afc3608c18", "position": 6, "text": "In particular, “wire communications” are defined to include “any aural transfer made ... through the use of facilities for the transmission of communications by the aid of wire, cable, or other like connection ... furnished or operated by any person engaged in providing or operating such facilities for the transmission of interstate ... commerce ... or communications affecting interstate commerce_”18 U.S.C. § 2510(1).", "label": "no value"}, "00827694-26db-4483-993c-d50164dff9e9": {"case_id": "75d4a83c-1f9e-4e0c-ba70-81ebd2f98f77", "opinion_id": "f92f1a27-7cd3-4967-b96b-fbc728984867", "paragraph_id": "02ddf7bb-2608-4461-9136-00afc3608c18", "position": 7, "text": "Here, plaintiff made an “aural transfer,”", "label": "potential value"}, "0250727f-3f9d-4ca5-95b8-90f99e3a3f1d": {"case_id": "1d3b3f01-47ab-4681-b02b-fabeca9b2f72", "opinion_id": "ecb4afc1-1cb8-4024-9801-f714e2ce4761", "paragraph_id": "0955109e-1674-4ce3-9188-bc14e25bec33", "position": 1, "text": "“wire communication” means any aural transfer made in whole or in part through the use of facilities for the transmission of communications by the aid of wire, cable, or other like connection between the point of origin and the point of reception ... furnished or operated by any person engaged in providing or operating such facilities for the transmission of interstate or foreign communications or communications affecting interstate or foreign commerce;\n(2)", "label": "no value"}, "fc5e4ee8-f050-4d43-8954-b4ed89de9fde": {"case_id": "1d3b3f01-47ab-4681-b02b-fabeca9b2f72", "opinion_id": "ecb4afc1-1cb8-4024-9801-f714e2ce4761", "paragraph_id": "60c1c2a0-aea8-4e0c-baeb-973c54b19c3f", "position": 4, "text": "Cell-site data is not part of an “aural transfer” or “oral communication.”", "label": "high value"}, "098e4c46-bf52-4ae7-a474-9c7bb93fd2eb": {"case_id": "3489e3b3-62c8-44c1-a7b5-6afee208ec65", "opinion_id": "dd7ef94e-439f-4b3f-bc8a-6c9787f8dd1a", "paragraph_id": "21df557c-0e23-4ea0-8352-072a377ca40a", "position": 4, "text": "Compare Okla. Stat. tit. 13, § 176.2(2) (defining “aural acquisition”), with 18 U.S.C. § 2510(18) (defining “aural transfer”).", "label": "potential value"}, "07d5b729-2eeb-470f-b96b-addb6218c1c0": {"case_id": "f896697f-58cc-4c54-88bc-caa60f82699d", "opinion_id": "7aac59ec-2cd4-480e-b5bb-322a18fd65e0", "paragraph_id": "0b41ef27-d844-4c52-8508-53cd14e962c5", "position": 1, "text": "For purposes of § 2518(4),\n“wire communication” means any aural transfer made in whole or in part through the use of facilities for the transmission of communications by the aid of wire, cable, or other like connection between the point of origin and the point of reception (including the use of such connection in a switching station) furnished or operated by any person engaged in providing or operating such facilities for the transmission of ... communications;\n18 U.S.C. § 2510(1).", "label": "no value"}, "42ca28d4-7f19-48ab-a5e5-2fbdba661ba3": {"case_id": "f896697f-58cc-4c54-88bc-caa60f82699d", "opinion_id": "7aac59ec-2cd4-480e-b5bb-322a18fd65e0", "paragraph_id": "01279349-e43b-4f6c-b386-aa004a106f76", "position": 0, "text": "First, § 2510(1) defines a “wire communication” as an “aural transfer made ... through facilities ... furnished or operated by any person engaged- in providing or operating such facilities for the transmission of interstate or foreign communications.”", "label": "no value"}, "24d62ccc-0ed1-46ba-a334-02411dc5e9f3": {"case_id": "f896697f-58cc-4c54-88bc-caa60f82699d", "opinion_id": "7aac59ec-2cd4-480e-b5bb-322a18fd65e0", "paragraph_id": "e7783af9-c622-461c-ab8a-fc2bc79cea1b", "position": 1, "text": "Under our reading of the statute, the Company is the “provider” and the System is the “electronic communication service” that it offers, even though the Company neither “furnishes” nor “operates” the cellular facilities that actually perform the “aural transfer” referred to in § 2510(1).", "label": "potential value"}, "6f016e7a-780d-4d1d-922e-7f3424417883": {"case_id": "f896697f-58cc-4c54-88bc-caa60f82699d", "opinion_id": "7aac59ec-2cd4-480e-b5bb-322a18fd65e0", "paragraph_id": "4b596e52-af75-452d-8dbc-07d1e499fea4", "position": 1, "text": "A \"wire communication” is defined as:\nany aural transfer made in whole or in part through the use of facilities for the transmission of communications by the aid of wire, cable, or other like connection between the point of origin and the point of reception (including the use of such connection in a switching station) furnished or operated by any person engaged in providing or operating such facilities for the transmission of interstate or foreign communications or communications affecting interstate or foreign commerce.", "label": "no value"}, "12d0aa0c-5440-4db7-802d-826ed3d591ab": {"case_id": "43dbe67a-7749-471a-aa7d-a2007af0f465", "opinion_id": "86a57074-3773-4cf9-b503-eae956e634db", "paragraph_id": "c09aff90-f034-4ec7-8d5d-37446ed506f9", "position": 4, "text": "An \"aural transfer” means a transfer containing the human voice at any point.", "label": "high value"}, "d8160ec1-d734-495e-9914-eab8f34395d4": {"case_id": "9ab6316c-6a54-40a6-8911-95db0bb729dc", "opinion_id": "a17db739-6c04-4032-b0f7-23302dcd248b", "paragraph_id": "58152f48-b877-475a-bd92-d20cc842c8b7", "position": 4, "text": "Section 2510(1) defines “wire communication” as “any aural transfer made in whole or in part through the use of facilities for the transmission of communications by the aid of wire, cable, or other like connection” and expressly includes within its scope “any electronic storage of such communication.”", "label": "no value"}, "f3778290-55f2-4900-8dda-3e1976e95c58": {"case_id": "9ab6316c-6a54-40a6-8911-95db0bb729dc", "opinion_id": "a17db739-6c04-4032-b0f7-23302dcd248b", "paragraph_id": "2b088dd0-dd5a-4e58-bc3b-b85b40b0d44c", "position": 1, "text": "For starters, the message itself, which Smith left in the voicemail system via telephone, was a “wire communication”; it was an “aural transfer,” made using a wire facility (the telephone line), and was subsequently “electronically] stor[ed]” within the voicemail system.", "label": "high value"}, "b25dd012-0a11-456b-a9fe-3dd182a98317": {"case_id": "3b160e8f-d9e9-483b-bac9-565eeb2e99f1", "opinion_id": "0046845a-c51b-49cf-9d98-358b9b7b70b5", "paragraph_id": "bbed5377-fd41-4f2c-8f1b-d55cec37fa90", "position": 1, "text": "18 U.S.C. § 2510 defines a wire communication as “an aural transfer,” which “means a transfer containing the human voice at any point between and including the point of origin and the point of reception[.]”", "label": "high value"}, "8472714c-bd6b-4d09-9679-3af4ea4c24af": {"case_id": "f45067b6-c877-4eca-b20b-3bbf5b6775c0", "opinion_id": "8ed0e8b1-5662-4e12-8251-29d4282ba3bb", "paragraph_id": "4997a5f9-ff55-4158-8e75-a7ea5e8f7ab8", "position": 0, "text": "A wire communication is “any aural transfer” involving wire or like connections between the point of origin and point of reception.", "label": "no value"}, "68cc4638-e482-44ab-917c-5405b5aaf602": {"case_id": "f45067b6-c877-4eca-b20b-3bbf5b6775c0", "opinion_id": "8ed0e8b1-5662-4e12-8251-29d4282ba3bb", "paragraph_id": "4997a5f9-ff55-4158-8e75-a7ea5e8f7ab8", "position": 2, "text": "An “aural transfer” is “a transfer containing the human voice” at some point in transmission of the communication.", "label": "high value"}, "9218e161-f5b8-426b-a346-11ff910d295d": {"case_id": "59bd36cb-0652-43d9-b2fe-dfcd2e3da61d", "opinion_id": "03dad4ce-adb5-47ed-9730-80e3ef2acf7c", "paragraph_id": "4df2a8fd-2285-4ade-97a9-90ca25b3d156", "position": 4, "text": "The definition of “wire communication” wás narrowed from “any communication” made over the wires to “any aural transfer” made over the wires, id. at § 2510(1) (emphasis added), but the definition was also expanded to include “any electronic storage of such communication.”", "label": "potential value"}, "57f43781-09dd-4cac-a7bc-9f27138135a2": {"case_id": "c1d872c3-51d7-4fa4-87e8-f2818627fb02", "opinion_id": "f5f07fb5-10d0-489e-8560-eb4c383d0415", "paragraph_id": "74a6ec95-3719-4f2e-899a-ece0461a3d59", "position": 3, "text": "“Wire communication” is defined as “any aural transfer made ... through the use of facilities for the transmission of communications by the aid of wire, cable, or other like connection between the point of origin and the point of recep-tion_”", "label": "no value"}, "5ef47949-f64d-4b1b-9564-e8e8a8ab8e58": {"case_id": "60c5a5f6-357d-4493-a464-4578fa4b6f01", "opinion_id": "4c54444e-69ec-4b58-93c2-6504462393e8", "paragraph_id": "2949f1db-383c-4949-887a-1f44e441a9ec", "position": 1, "text": "“wire communication” means any aural transfer made in whole or in part through the use of facilities for the transmission of communications by the aid of wire, cable, or other like connection between the point of origin and the point of reception ... furnished or operated by any person engaged in providing or operating such facilities for the transmission of interstate or foreign communications or communications affecting interstate or foreign commerce and such term includes any electronic storage of such communication, but such term does not include the radio portion of a cordless telephone communication that is transmitted between the cordless telephone handset and the base unit;\n(2)", "label": "potential value"}, "555da7f6-bde7-4b01-ba70-c2b0e9a2ad4a": {"case_id": "266b1221-ff4f-4a77-9bc7-25711b6bf94a", "opinion_id": "0901c65b-2026-4685-a8ce-ea6dd08bdc4b", "paragraph_id": "09e32f6f-21f2-4ab0-bd76-9807ff9ebf76", "position": 1, "text": "Similarly, Section 40-6-303(19) defines “wire communication” as:\nany aural transfer made in whole or in part through the use of facilities for the transmission of communications by the aid of wire, cable, or other like connection between the point of origin and the point of reception ... [but] does not include the radio portion of a cordless telephone communication that is transmitted between the cordless telephone handset and the base unit.", "label": "potential value"}, "8e662062-4897-49d1-b790-f472b7ac0c7f": {"case_id": "03e8b29a-0886-4004-9447-4e092a19d2ab", "opinion_id": "f1cad462-9f09-42e9-a1b6-a763b7486853", "paragraph_id": "5996ecb9-9f1c-44f9-82af-47985b845cb9", "position": 2, "text": "Moreover, the Fifth Circuit noted that the differences in definition between “wire communication” and “electronic communication” in the ECPA supported its conclusion that stored e-mail could not be intercepted within the meaning .of Title I. A “wire communication” under the ECPA was (until recent amendment by the USA Patriot Act, see note 8) “any aural transfer made in whole or in part through the use of facilities for the transmission of communications by the aid of wire, cable, or other like connection between the point of origin and the point of reception ... and such term includes any electronic storage of such communication.”", "label": "certain value"}, "aac4ddc8-2fa4-4d68-b15a-6ad5c40040f1": {"case_id": "187ec8cd-8161-4347-9b6e-b6fc97be8386", "opinion_id": "260217e9-c120-4ac3-b4e0-ad1464a49f5f", "paragraph_id": "7c929059-dd3d-4e86-aca4-4faf6b2dff53", "position": 0, "text": "\"[W]ire communication\" means any aural transfer made in whole or in part through the use of facilities for the transmission of communications by the aid of wire, cable, or other like connection between the point of origin and the point of reception (including the use of such connection in a switching station) furnished or operated by any person engaged in providing or operating such facilities for the transmission of interstate or foreign communications or communications affecting interstate or foreign commerce and such term includes any electronic storage of such communication.", "label": "potential value"}, "72cdd14c-a282-4252-a611-1d81356e5ca1": {"case_id": "187ec8cd-8161-4347-9b6e-b6fc97be8386", "opinion_id": "6d209dc4-3a85-4715-ac56-9869985ae330", "paragraph_id": "69f8a16c-49f3-4da2-92a8-9bbeb63c1ac8", "position": 1, "text": "Under 18 U.S.C. § 2510(1), a\n“wire communication” means any aural transfer made in whole or in part through the use of facilities for the transmission of communications by the aid of wire, cable or other like connection between the point of origin and the point of reception furnished or operated by any person engaged in providing or operating such facilities ... and such term includes any electronic storage of such communication....", "label": "potential value"}, "a9519b88-f4cb-45d4-8264-eae12e330baa": {"case_id": "6ea2ff4d-115f-4183-8a34-06a3ba911643", "opinion_id": "f89bea94-e5fd-41e3-8828-65e1a749f125", "paragraph_id": "17098a00-9c2d-4db5-97fe-0d3e781c2dc2", "position": 3, "text": "Prior to the passage of the USA PATRIOT Act, “wire communications” were defined as:\nany aural transfer made in whole or in part through the use of facilities for the transmissions of communications by the aid of wire, cable, or other like connection ... and such tern includes any electronic storage of such communication.", "label": "potential value"}, "2f225bdc-4195-42d8-815a-eac791152496": {"case_id": "0c3b94d2-22f1-44bb-9941-ce40628255c7", "opinion_id": "b0e356e2-b91a-4092-9e82-8de8e8ff5dfd", "paragraph_id": "61a478c4-8cab-4114-b03e-5906e851ef8d", "position": 0, "text": "The statute defined “wire communication” as:\nany aural transfer made in whole or in part through the use of facilities for the transmission of communications by the aid of wire, cable, or other like connection between the point of origin and the point of reception ... but such term does not include the radio portion of a cordless telephone communication that is transmitted between the cordless telephone handset and the base unit.", "label": "potential value"}, "155d34eb-56c2-4453-9eb7-873d4d427eae": {"case_id": "b5dfc139-b732-48df-b357-96e14479ccc9", "opinion_id": "ce5a4a71-a62b-40fb-9642-46b22397dd8a", "paragraph_id": "e4a9abbb-ffa4-414e-9c65-9bd95df4957a", "position": 1, "text": "It defined wire communication as “any aural transfer made in whole or in part through the use of facilities for the transmission of communications by the aid of wire, cable, or other like connection between the point of origin and the point of reception ... but such term does not include the radio portion of a cordless telephone communication that is transmitted between the cordless telephone handset and the base unit.”", "label": "potential value"}, "61c5d56e-ee10-42c5-9377-e6eeefec561c": {"case_id": "70588cb0-6a9e-4626-ad72-84c169feefa7", "opinion_id": "677965cb-52c7-42e1-ae55-e0e424c84566", "paragraph_id": "493ce5b8-a39a-437f-bfb6-ab5b08075c98", "position": 0, "text": "(1) ‘wire communication’ means any aural transfer made in whole or in part through the use of facilities for the transmission of communications by the aid of wire, cable, or other like connection between the point of origin and the point of reception ...", "label": "no value"}, "047a987e-138e-41d3-b889-38b1468dff4d": {"case_id": "673e42da-06ba-4989-b09b-5f84ff7ed631", "opinion_id": "766d0ec4-74b0-4692-a28e-2e0179b6941e", "paragraph_id": "7e163bf0-98a2-4a2b-ab54-8ee5fd386442", "position": 1, "text": "Until October 2001, \"wire communication” was defined as “any aural transfer made in whole or in part through the use of facilities for the transmission of communications by the aid of wire, cable or other like connection between the point of origin and the point of reception ... and such term includes any electronic storage of such communication 18 U.S.C. § 2510(1) (2000) (emphasis added).", "label": "potential value"}, "ea2ab14d-ad22-460b-9d40-2f79d1aa12d7": {"case_id": "ee030a00-024b-45f3-b986-d34ddaa60431", "opinion_id": "15470e61-a366-4321-96ad-2b301d1e22a6", "paragraph_id": "ffb491a1-ee78-4bce-8f67-06598fbede5d", "position": 1, "text": "“ ‘Wire communication’ means any aural transfer made in whole or in part through the use of facilities for the transmission of communications by the aid of wire, cable, or other like connection between the point of origin and the point of reception (including the use of a connection in a switching station) furnished or operated by any person licensed to engage in providing or operating such facilities for the transmission of communications.”", "label": "no value"}, "6dbd4fec-7744-4209-ad79-c4eeaf759a97": {"case_id": "833be06a-ed7c-4f51-9882-796e3603cc67", "opinion_id": "144c92b4-0c67-4a4a-991d-ac4e9eddbd03", "paragraph_id": "d62e39e8-5b0a-4317-9d63-66603fc720a7", "position": 1, "text": "In Smith, we looked to the meaning of “wire communication,” which was defined in the Act in effect at the time as “any aural transfer made in whole or in part ... between the point of origin and the point of reception,” specifically including “any electronic storage of such communication.”", "label": "potential value"}, "41cd55a6-4f69-4cd5-a9ed-6713a80c306a": {"case_id": "833be06a-ed7c-4f51-9882-796e3603cc67", "opinion_id": "144c92b4-0c67-4a4a-991d-ac4e9eddbd03", "paragraph_id": "d62e39e8-5b0a-4317-9d63-66603fc720a7", "position": 3, "text": "We reasoned that the communication left in a voicemail system was “wire communication” because it was an “aural transfer” made using a wire facility that was “electronie[ally] stor[ed].”", "label": "high value"}, "e45d2b69-4501-48a9-84cf-2a7eb5e31dd4": {"case_id": "833be06a-ed7c-4f51-9882-796e3603cc67", "opinion_id": "144c92b4-0c67-4a4a-991d-ac4e9eddbd03", "paragraph_id": "7c3113ff-21ea-4bdd-9353-895dca3a93f4", "position": 2, "text": "As we explained in Smith, voicemail messages are the same as phone conversations for the purposes of the Act because they are a part of the original “aural transfer” between parties to the communication.", "label": "high value"}, "28260afb-1132-46c4-8e14-698a0e459b58": {"case_id": "833be06a-ed7c-4f51-9882-796e3603cc67", "opinion_id": "144c92b4-0c67-4a4a-991d-ac4e9eddbd03", "paragraph_id": "7c3113ff-21ea-4bdd-9353-895dca3a93f4", "position": 5, "text": "The intercepted communication stored in C’s audiotape, however, is not “wire communication” under the Act because it is not a part of the aural transfer between “the point of origin” and “the point of reception,” including “electronic storage,” Smith, 155 F.3d at 1055(citing 18 U.S.C. § 2510(1)).", "label": "high value"}, "721e46f1-539a-4b33-90f4-bfb629cb0202": {"case_id": "ccda9583-04e0-4011-bb08-4871290963bb", "opinion_id": "ef771580-71da-49d2-abfd-349ada64cfdf", "paragraph_id": "10cc9c85-d6d8-463e-a932-2165d625684e", "position": 2, "text": "Then-Chief Judge Royce Lam-berth reached a similar conclusion,\n7\nalthough he noted that “this logic would not apply to text messages, which do not involve any ‘aural transfer.’ ” Judge Lam-berth Opinion, slip op. at 8, n.4. -", "label": "high value"}, "0512b60e-26b9-4720-8a9c-62fc3836034c": {"case_id": "23500608-b359-4acf-bb6d-b3ff33b5a3d1", "opinion_id": "f98af5e9-2dbb-4575-a29d-c5f3c8d98ab4", "paragraph_id": "ba555ef1-4847-4f9b-8918-e480c91ca3cc", "position": 1, "text": "“ '[W]ire communication' means any aural transfer made in whole or in part through the use of facilities for the transmission of communications by the aid of wire, cable, or other like connection between the point of origin and the point of reception (including the use of such connection in a switching station) furnished or operated by any person engaged in providing or operating such facilities for the transmission of interstate or foreign communications or communications affecting interstate or foreign commerce....”", "label": "no value"}, "775db9bc-517b-47c5-bf67-30580be2df06": {"case_id": "23500608-b359-4acf-bb6d-b3ff33b5a3d1", "opinion_id": "f98af5e9-2dbb-4575-a29d-c5f3c8d98ab4", "paragraph_id": "82ab07cf-6b12-4724-a50b-2bc3950150e5", "position": 0, "text": "Section 2510(1) defines “wire communication” as “any aural transfer made in whole or in part through the use of facilities for the transmission of communications by the aid of wire, cable, or other like connection between the point of origin and the point of reception (including the use of such connection in a switching station).", "label": "no value"}, "94106151-ddf7-4289-826c-7ac6c0a2b334": {"case_id": "a220c049-3d09-4376-a28f-0f0e897f27f6", "opinion_id": "6580df67-c130-4a0f-9cc8-465db5ddad34", "paragraph_id": "79ecff58-c9e0-403e-b186-b3e1272318c4", "position": 0, "text": "[A]ny aural transfer made in whole or in part through the use of facilities for the transmission of communications by the aid of wire, cable, or other like connection between the point of origin and the point of reception (including the use of such connection in a switching station) furnished or operated by any person engaged in providing or operating such facilities for the transmission of interstate or foreign communications or communications affecting interstate or foreign commerce.", "label": "no value"}, "45a5bf6b-bd79-4c59-8989-a7da19c63cea": {"case_id": "071135ab-2bd3-4986-be4a-8fb41649f4e3", "opinion_id": "91e8947a-8cbd-458b-8b20-ec48a01d813b", "paragraph_id": "eae073ac-b71a-4a45-a249-9a73297dbb52", "position": 1, "text": "According to Title III, the term \"wire communication” is defined as\nany aural transfer made in whole or in part through the use of facilities for the transmission of communications by the aid of wire, cable, or other like connection between the point of origin and the point of reception ... furnished or operated by any person engaged as a common carrier in providing or operating such facilities for the transmission of interstate or foreign communications ..., but such term does not include the radio portion of a cordless telephone communication that is transmitted between the cordless telephone handset and the base unit[.]", "label": "potential value"}, "3895f7f9-41c2-4df1-b0f2-bd4c52542ec7": {"case_id": "0ac5af0d-9169-4351-a4cc-2426bc069ba9", "opinion_id": "47460ee1-9ff2-4189-9812-99b5f3a9859f", "paragraph_id": "9854bc21-51f0-450e-9228-4842015d3ba4", "position": 1, "text": "Section 2510 defines \"wire communication” as \"any aural transfer made in whole or in part through the use of facilities for the transmission of communications by the aid of wire, cable, or other like connection between the point of origin and the point of reception ...”", "label": "no value"}, "e0845d6f-d902-4ec7-ac15-d306182ac15d": {"case_id": "c13f0f41-f5eb-4018-9f04-f143ce10f5b9", "opinion_id": "1ba7fade-d9dc-4045-a35a-3a741f157dff", "paragraph_id": "d891e07f-0a6e-43e0-9915-81c634d3716c", "position": 1, "text": "Wire communication is defined in Title I as “any aural transfer made in whole or in part through the use of facilities for the transmission of communications by the aid of wire, cable, or other like connection between the point of origin and the point of reception ... and such term includes any electronic storage of such communication.”", "label": "potential value"}, "7edf2792-7b1a-4fcc-9159-248542066064": {"case_id": "594e756c-a8f5-464e-9a5e-b2cee7ca64c3", "opinion_id": "6c0a9612-c24c-4316-9f98-4dd72cd7c9d4", "paragraph_id": "b99d2769-9aa7-4af3-b0d8-aca650b62d78", "position": 1, "text": "In Title III of the Omnibus Crime Control and Safe Streets Act of 1968, 18 U.S.C. §§ 2510-2520, Congress described a “wire communication” essentially as an “aural transfer ... between the point of origin and the point of reception____”", "label": "no value"}, "4dfb63e4-f2b5-4151-b34e-868ecd994db8": {"case_id": "594e756c-a8f5-464e-9a5e-b2cee7ca64c3", "opinion_id": "6c0a9612-c24c-4316-9f98-4dd72cd7c9d4", "paragraph_id": "08ecc4c0-2531-45ea-bc07-522d8cb9bbf3", "position": 1, "text": "An “aural transfer,” in turn, is defined as “a transfer containing the human voice at any point between and including the point of origin and the point of reception.”", "label": "high value"}, "06ea3fef-bef5-4bb6-933f-d9b8dce16894": {"case_id": "594e756c-a8f5-464e-9a5e-b2cee7ca64c3", "opinion_id": "6c0a9612-c24c-4316-9f98-4dd72cd7c9d4", "paragraph_id": "b6c561c3-b28a-4b3b-a789-b7ac8e80e2ac", "position": 0, "text": "\"wire communication” means any aural transfer made in whole or in part through the use of facilities for the transmission of communications by the aid of wire, cable, or other like connection between the point of origin and the point of reception (including the use of such connection in a switching station) furnished or operated by any person engaged in providing or operating such facilities for the transmission of interstate or foreign communications or communications affecting interstate or foreign commerce and such term includes any electronic storage of such communication, but such term does not include the radio portion of a cordless telephone communication that is transmitted between the cordless telephone handset and the base unit[.]", "label": "potential value"}, "850b7196-26e2-421b-90f1-f8fbeea279ce": {"case_id": "add48d70-9ef9-40c9-be56-cc2f37b6e18d", "opinion_id": "1f69c317-d86f-4583-ad84-7a817b013b38", "paragraph_id": "0a704d87-cac2-4a49-8464-a984cd77477a", "position": 0, "text": "Defendants’ argument is based in part on the statute’s definition of “communication”: Section 2510(1) definés “wire communication” as “any aural transfer made ... by the aid of wire, cable, or other like connection,” and § 2510(12) defines “electronic communication” as “any transfer of signs, signals, [etc.] ... by a wire, radio, electromagnetic, photoelectronic or pho-tooptical system.”", "label": "potential value"}, "436265bb-6a1a-4d15-923c-8963284cc0ce": {"case_id": "d0cbf7d4-190d-4750-8585-78939c050575", "opinion_id": "9932560f-8d6f-49bd-854d-526be00267c0", "paragraph_id": "b7d5a321-f48b-45c4-98fc-4ce61bba5b26", "position": 1, "text": "In Section 2510 “wire communication” is defined, in part, as “any aural transfer made in whole or in part through the use of facilities for the transmission of communications.”", "label": "no value"}, "3f88c3c6-ebdb-456f-8872-4f0b91e50931": {"case_id": "d0cbf7d4-190d-4750-8585-78939c050575", "opinion_id": "9932560f-8d6f-49bd-854d-526be00267c0", "paragraph_id": "b7d5a321-f48b-45c4-98fc-4ce61bba5b26", "position": 3, "text": "“Aural transfer” is defined as “a transfer containing the human voice at any point between and including the point of origin and the point of reception.”", "label": "high value"}, "5bba957f-9fec-44f2-932e-0f56f8a36b37": {"case_id": "7dbe17ad-2d95-4d2e-86a6-6ee2dafa974b", "opinion_id": "e7043311-d325-4cef-9792-8c2cf3ba40bc", "paragraph_id": "7e5b0f1e-3d0d-441d-8bb6-df9256bdc0eb", "position": 1, "text": "First, “wire communication” is defined as “any aural transfer” which in turn is defined as “a transfer containing the human voice at any point between and including the point of origin and point of reception.”", "label": "high value"}, "4321b195-6626-4f76-aff9-d8432466ed61": {"case_id": "4f8ce80c-65ff-439b-9d69-b23c9e2cc7b9", "opinion_id": "9468a946-33e3-4989-8347-fee4163bd7ba", "paragraph_id": "76cb30be-c7ed-47c8-a6a0-5e6a104c5610", "position": 4, "text": "Although the term “wire or electronic communications” is not defined in the Stored Communications Act, the Wiretap Act, from which the Stored Communications Act adopted the definition of “electronic communication service,” defines “electronic communications” as “aural transfers.”", "label": "high value"}, "1a2fdb40-d3e3-43a3-85bf-50df66bd342c": {"case_id": "9583d6b8-088e-4d0a-b125-651ad2d70742", "opinion_id": "e188584b-2f97-4fd6-a1b6-57c9b364ffa8", "paragraph_id": "2aa1c22e-73ed-4321-892d-1e4ed6798668", "position": 2, "text": "Title III defines “wire communication,” in relevant part, as\nany aural transfer made ... through the use of facilities for the transmission of communications by the aid of wire, cable or other like connection ... (including the use of such connection in a switching station).", "label": "no value"}, "7f4697f7-f252-4afe-9ac6-8e12dc8ea216": {"case_id": "9583d6b8-088e-4d0a-b125-651ad2d70742", "opinion_id": "e188584b-2f97-4fd6-a1b6-57c9b364ffa8", "paragraph_id": "3c45d72a-a222-471c-a657-ba1c7e059712", "position": 1, "text": "As an “aural transfer,” or “a transfer containing the human voice,” through the use of cellphones by the aid of a network switching station, they could be characterized as wire communications.", "label": "high value"}, "5c3096ac-45ad-42fe-8ab3-0a35f5c0c85d": {"case_id": "03a23742-6877-43ec-9c67-f672b6673f78", "opinion_id": "424d47e2-6d66-4539-8cb5-edb6fc3ef8c6", "paragraph_id": "28223250-8e9a-4f3f-8355-927346810dc5", "position": 0, "text": "[A]ny aural transfer made in whole or in part through the use of facilities for the transmission of communications by the aid of wire, cable, or other like connection between the point of origin and the point of reception (including the use of such connection in a switching station) furnished or operated by any person engaged in providing or operating such facilities for the transmission of interstate or foreign communications or communications affecting interstate or foreign commerce and such term includes and electronic storage of such communication.", "label": "potential value"}, "a38d051c-8f2a-46b1-aa6b-a84a977d4b3e": {"case_id": "03a23742-6877-43ec-9c67-f672b6673f78", "opinion_id": "424d47e2-6d66-4539-8cb5-edb6fc3ef8c6", "paragraph_id": "3a78e4db-1e73-4279-b716-0511cd7f0a77", "position": 1, "text": "Plaintiffs assert that there was an aural transfer between themselves and Defendant, which was transmitted in part by wire to Defendant’s office telephone and then intercepted by Defendant via the recording device.", "label": "potential value"}, "006d34b8-275f-44a7-90c6-8cd7b722b3a0": {"case_id": "03a23742-6877-43ec-9c67-f672b6673f78", "opinion_id": "424d47e2-6d66-4539-8cb5-edb6fc3ef8c6", "paragraph_id": "37a3510a-8f94-4ec2-aa4e-76452a7ff1f4", "position": 3, "text": "Plaintiffs have identified Defendant’s office telephone as the point of reception, which, if true, would make the aural transfer a “wire communication.”", "label": "potential value"}, "7e1e1a7f-afda-4da2-915b-1ccabbe5394c": {"case_id": "69ddde86-dd86-4b9d-bac1-302745c34c07", "opinion_id": "01819039-3438-412b-af99-3d47fcc6e62c", "paragraph_id": "a30bdceb-c958-4b2c-93ed-254d1f0cb797", "position": 1, "text": "The federal act defines “wire communication” as\nany aural transfer made in whole or in part through the use of facilities for the transmission of communications by the aid of wire, cable, or other like connection between the point of origin and the point of reception (including the use of such connection in a switching station) furnished or operated by any person engaged in providing or operating such facilities for the transmission of interstate or foreign communications for communications affecting interstate or foreign commerce and such term includes any electronic storage of such communication, but such term does not include the radio portion of a cordless telephone communication that is transmitted between the cordless telephone handset and the base unit____", "label": "potential value"}, "bb31052d-d31d-4603-9357-ee56d899f1fa": {"case_id": "8740cf8b-343c-4540-9950-4a65da02b345", "opinion_id": "94e04ead-61f9-4596-9407-2ef03db6665e", "paragraph_id": "208b96f1-8fa1-4722-a789-720cd32d5b51", "position": 3, "text": "See also 18 U.S.C. § 2510(5) (defining “electronic, mechanical, or other device” as “any device or apparatus which can be used to intercept a wire, oral, or electronic communication”); 18 U.S.C. § 2510(18) (defining “aural transfer” as “a transfer containing the human voice at any point between and including the point of origin and the point of reception”).", "label": "high value"}, "79c62c34-e415-4f93-834e-d3e48a7c9fee": {"case_id": "a45b29a1-a2ba-497c-8aa5-90db55d89b13", "opinion_id": "9f6c8225-1698-43b8-b9e8-6d2b1dd155fe", "paragraph_id": "16192906-6af5-4230-94b4-3cb026d96559", "position": 0, "text": "An “aural transfer” is defined as “a transfer containing the human voice at any point between and including the point of origin and the point of reception.”", "label": "high value"}, "e8c029eb-d115-4c21-af64-6b6644f0c472": {"case_id": "a45b29a1-a2ba-497c-8aa5-90db55d89b13", "opinion_id": "9f6c8225-1698-43b8-b9e8-6d2b1dd155fe", "paragraph_id": "9239caa7-d0b5-46c3-be0d-bda7668c8ef7", "position": 0, "text": "The definitions of “intercept” and “aural transfer” are identical verbatim, and the definition of “electronic communication” is materially identical, to the definitions found in the federal statute.", "label": "potential value"}, "3d7836c1-1ca9-4fbe-95a6-19375c346a57": {"case_id": "a45b29a1-a2ba-497c-8aa5-90db55d89b13", "opinion_id": "9f6c8225-1698-43b8-b9e8-6d2b1dd155fe", "paragraph_id": "eb18bda5-c219-4e6f-aca4-8567966f9727", "position": 2, "text": "Among the definitions added by the act were definitions for aural transfer, electronic communication, and electronic storage.", "label": "potential value"}, "7cfa2042-fa0f-48c8-b43d-162e42c0f6f8": {"case_id": "a45b29a1-a2ba-497c-8aa5-90db55d89b13", "opinion_id": "9f6c8225-1698-43b8-b9e8-6d2b1dd155fe", "paragraph_id": "1154ae14-e31b-48df-94ea-c2c1fdfe7af7", "position": 2, "text": "By definition, an interception is the aural acquisition of an eléctronic communication, and an aural transfer is “a transfer containing the human voice at any point between and including the point of origin and the point of reception.”", "label": "high value"}, "b92f7ff6-e473-42fc-85ee-edde0bacf678": {"case_id": "7d984815-313d-4064-920b-147e979e1d36", "opinion_id": "c9f3aae7-f695-4ebf-b2e6-9b6bf7923bdb", "paragraph_id": "efcf4713-784d-4956-aec9-aff663686568", "position": 2, "text": "The Act defines a “ ‘wire communication’ ” as “any aural transfer ... by the aid of wire, cable, or other like connection between the point of origin and the point of reception . . . furnished or operated by a [common carrier] . . . .” (18 U.S.C. § 2510(1).)", "label": "no value"}, "f5542071-51c1-4474-98af-44ed11e2ad35": {"case_id": "9ded20d6-c592-4b77-9ec6-c493adb90326", "opinion_id": "5ce7d3b7-5613-401e-a6f4-29950f644f1e", "paragraph_id": "fd2a2466-86d0-4622-88f1-331a45091cff", "position": 2, "text": "Furthermore, the court noted that a recent amendment to the eavesdropping statute would alter “telephonic communication” to mean “any aural transfer made in whole or in part through the use of facilities for the transmission of communications by the aid of wire, cable or other like connection between the point of origin and the point of reception . . . .”", "label": "potential value"}, "e36a410b-8805-42de-9089-842d1748c15b": {"case_id": "733ba761-9e50-41d1-a03b-cf06b91ad37f", "opinion_id": "f3dbf7c9-0b12-4f23-bc6a-6e53a1975c32", "paragraph_id": "63f4d656-5e23-49ff-9973-8735722f1acd", "position": 1, "text": "\" 'Wire communication’ means any aural transfer that is made in whole or in part through the use of facilities for the transmission of communications by the aid of any wire, cable or other like connection between the point of origin and the point of reception....”", "label": "no value"}, "092b56bb-f867-448f-bd61-c14da089f81f": {"case_id": "5f16034e-3f30-4a13-a2b0-949f80471661", "opinion_id": "ea731e22-ab05-4cd3-adfb-3eaeedcf36e7", "paragraph_id": "f2d5b6e7-be67-4fab-ade3-ec976ab5177b", "position": 2, "text": "The statute defines a “wire communication” as “any aural transfer made ... through the use of facilities for the transmission of communications by the aid of wire, cable, or other like connection between the point of origin and the point of reception_”", "label": "no value"}, "b2e5dfaf-30d0-48b0-bb03-5881a137a075": {"case_id": "e05ef3db-5f54-4622-be55-de30f5828e09", "opinion_id": "eecf4c04-b181-46db-b1b7-c177ec1bf027", "paragraph_id": "3571853b-5c66-4752-b3e5-6ed2a7ce6ba5", "position": 0, "text": "(1)“Wire communication” means any aural transfer made in whole or in part through the use of facilities for the transmission of communications by the aid of wire, cable, or other like connection between the point of origin and the point of reception including the use of such connection in a switching station furnished or operated by any person engaged in providing or operating such facilities for the transmission of intrastate, interstate, or foreign communications or communications affecting intrastate, interstate, or foreign commerce.", "label": "no value"}, "f42aeeaa-49a3-4fcf-9ea1-e180e5293c21": {"case_id": "742b6c69-62f1-425c-a8b9-8439bc189f4e", "opinion_id": "a738b9aa-4f26-47f1-a9b4-98d5cfae06c1", "paragraph_id": "78b0aef8-88f5-419c-97b3-d538c64ef3e4", "position": 0, "text": "“ ‘Wire communication’ means any aural transfer made in whole or in part through the use of facilities for the transmission of communications by the aid of wire, cable, or other like connection between the point of origin and the point of reception . . . furnished or operated by any person engaged in providing or operating such facilities for the transmission of interstate or foreign communications or communications affecting interstate or foreign commerce and such term includes any electronic storage of such communication, but such term does not include the radio portion of a cordless telephone communication that is transmitted between the cordless telephone handset and the base unit.", "label": "potential value"}, "126990f2-30e1-492a-b777-595ac9af2b10": {"case_id": "70d76954-6ace-4e72-b617-e51d8673379d", "opinion_id": "b307199a-5afb-4f7b-b490-0cdbb5916a72", "paragraph_id": "9cd7f8b6-a8cd-44be-823a-8ca7f938a620", "position": 4, "text": "Section 934.02(1) defines “wire communication” as:\nany aural transfer made in whole or in part through the use of facilities for the transmission of communications by the aid of wire, cable, or other like connection between the point of origin and the point of reception including the use of such connection in a switching station furnished or operated by any person engaged in providing or operating such facilities for the transmission of intrastate, interstate, or foreign communications or communications affecting intrastate, interstate, or foreign commerce.", "label": "no value"}, "fe1680fe-f954-4769-b719-45e533b1f054": {"case_id": "793668b7-89b9-4043-9336-22bd3e96531d", "opinion_id": "cb7e258d-b3b7-4b18-b7c1-ea1237bd8471", "paragraph_id": "5dbc1c2e-1133-47a3-b912-2fb798bcff85", "position": 1, "text": "Under the definition of K.S.A. 22-2514(1) and (17), the conversations of Andrews would be deemed to be an aural transfer being made by a wire communication and subject to the provisions of the Act, including K.S.A. 22-2517 which states:", "label": "certain value"}, "c3c603e4-01a7-4f44-93e5-4ba04fb43fea": {"case_id": "bfa5574c-51e8-4700-a4ce-b578ddc63af0", "opinion_id": "4e8e45d9-e007-41b6-969b-d9ebc276468d", "paragraph_id": "23b783db-c9f5-43be-b4a0-55c63362e974", "position": 1, "text": "What is commonly referred to as a “wiretap” is the interception of a “ ‘wire communication’ ” which is “any aural transfer made in whole or in part through the use of facilities for the transmission of communications by the aid of wire, cable, or other like connection between the point of origin and the point of reception . . . .” (18 U.S.C. § 2510(1).)", "label": "no value"}, "06fa550a-e4ba-44b6-884b-54bfae9782f0": {"case_id": "d16f16b5-5f3b-4c61-871d-bdb386816272", "opinion_id": "ed3a45a9-185c-4747-a4b6-28041ad39231", "paragraph_id": "15167beb-0bb5-4ccc-a527-2c1890768a34", "position": 2, "text": "The Maryland Act defines a “wire communication” as “any aural transfer made in whole or in part through the use of facilities for the transmission of communications by the aid of wire, cable, or other like connection between the point of origin and the point of reception (including the use of a connection in a switching station) furnished or operated by any person licensed to engage in providing or operating such facilities for the transmission of communications.” § 10-401(l)(i).", "label": "potential value"}, "8cceac5a-730b-499b-8454-0902401ea447": {"case_id": "d16f16b5-5f3b-4c61-871d-bdb386816272", "opinion_id": "ed3a45a9-185c-4747-a4b6-28041ad39231", "paragraph_id": "e6d660d6-c22e-40f8-b1a6-2c5cc6a7b5d0", "position": 1, "text": "The Federal Act defines \" ‘wire communication’ \" as “any aural transfer made in whole or in part through the use of facilities for the transmission of communications by the aid of wire, cable, or other like connection between the point of origin and the point of reception (including the use of such connection in a switching station) furnished or operated by any person engaged in providing or operating such facilities for the transmission of interstate or foreign communications or communications affecting interstate or foreign commerce and such term includes any electronic storage of such communication.”", "label": "potential value"}, "36486d35-fa5a-43ba-8136-81bfd6a53101": {"case_id": "1ec3fad3-fb5d-4b8d-8375-fb0ce922ebaf", "opinion_id": "60c2dae0-ad20-4744-8382-cafab720c4e0", "paragraph_id": "253e4ec4-4afa-4da4-9465-0e9b92aab3f4", "position": 1, "text": "Section 10-401(1) defines a “wire communication'’ as “any aural transfer made in whole or in part through the use of facilities for the transmission of communications by the aid of wire, cable, or other like connection between the point of origin and the point of reception (including the use of a connection in a switching station) furnished or operated by any person licensed to engage in providing or operating such facilities for the transmission of communications,\" including an electronic storage of a communication but excluding the radio portion of a cordless telephone communication transmitted between the cordless telephone handset and the base unit.", "label": "potential value"}, "e5a0603e-b17b-4d2f-a68d-fce8064f594b": {"case_id": "757959dc-db5a-4a7d-898c-9f1413d59c7c", "opinion_id": "81614ad3-36a0-4c98-8601-b983f55a635c", "paragraph_id": "c7d66d34-7732-413c-a7a3-8533030561df", "position": 5, "text": "On the other hand, “ ‘[w]ire communication’ means any aural transfer made in whole or in part through the use of facilities for the transmission of communications by the aid of wire, cable, or other like connection between the point of origin and the point of reception,” a definition that, we note, describes perfectly ordinary telephone calls.", "label": "certain value"}, "57f76644-8657-4b7d-bdb9-d230c38dde64": {"case_id": "c49d411b-3582-4f2b-9c82-9a4832e26be4", "opinion_id": "2dc52e43-e354-4962-a3e4-2e968dc25272", "paragraph_id": "d3487310-817d-49d7-b580-3a7140b8e9f3", "position": 1, "text": "Section 10-401(1) of the Courts & Judicial Proceedings Article defines the terms of the Wiretap Act, including “wire communication\n\"(l)(i) ‘Wire communication’ means any aural transfer made in whole or in part through the use of facilities for the transmission of communications by the aid of wire, cable, or other like connection between the point of origin and the point of reception (including the use of a connection in a switching station) furnished or operated by any person licensed to engage in providing or operating such facilities for the transmission of communications.”", "label": "potential value"}, "83065420-3103-4255-bf41-7f100620e02a": {"case_id": "adef05ed-93ed-470c-ab80-06cf33d12f90", "opinion_id": "9ad4e297-9482-4c18-bd90-ceb363d5d3fa", "paragraph_id": "afa2ef4a-7777-4f7a-813c-92b7c4a2d211", "position": 2, "text": "\" ‘[W]ire communication’ ’’ is defined as any aural transfer transmitted by wire, cable, or other similar connection using common carrier facilities, 18 U.S.C. § 2510(1).", "label": "no value"}, "a8487c1c-debb-4508-bbe7-37955dcf9761": {"case_id": "65931010-e3f2-4015-8a20-414afb12ae3b", "opinion_id": "3f94b6db-a3d1-48a0-b999-38f79894a6db", "paragraph_id": "c48a492f-bb1c-4ed7-baf4-a8104a67d279", "position": 0, "text": "10 18 United States Code section 2510(1) defines “wire communication\" as “any aural transfer made in whole or in part through the use of facilities for the transmission of communications by the aid of wire, cable, or other like connection between the point of origin and the point of reception (including the use of such connection in a switching station) furnished or operated by any person engaged in providing or operating such facilities for the transmission of interstate or foreign communications for communications affecting interstate or foreign commerce.", "label": "no value"}, "69be3e13-f00d-4e12-8cd8-2cc0d494f27f": {"case_id": "cc36a454-48eb-4946-9997-814c827b3011", "opinion_id": "9e0cc676-e6a8-41d0-a9c0-211b76a447cb", "paragraph_id": "c3bb8908-f318-4bd4-af11-cd5e8677ea27", "position": 0, "text": "This interpretation is further supported by the Act’s definition of “wire communication”: “[A]ny aural transfer ... by the aid of wire, cable, or other like connection between the point of origin and the point of reception.” § 934.02(1), Fla. Stat. (1995) (emphasis supplied).", "label": "potential value"}, "81b1eb94-f6b3-4e0a-b231-74dde70301ce": {"case_id": "15dd60ff-db89-4eee-9cb3-93ee813a741f", "opinion_id": "2fecda95-c2f4-468e-8547-548d3ee39b87", "paragraph_id": "6b452004-e022-45e0-9414-d8412c424ed4", "position": 0, "text": "The Maryland Wiretap Act, Md.Code Ann., Cts. & Jud.Proc. § KM01 et seq., defines “wire communication,” in pertinent part, as follows:\nany aural transfer made in whole or in part through the use of facilities for the transmission of communications by the aid of wire, cable, or other like connection between the point of origin and the point of reception (including the use of a connection in a switching station) furnished or operated by any person licensed to engage in providing or operating such facilities for the transmission of communications.", "label": "potential value"}, "e2ccbf3e-be6b-480b-98b3-89210480eba2": {"case_id": "15dd60ff-db89-4eee-9cb3-93ee813a741f", "opinion_id": "2fecda95-c2f4-468e-8547-548d3ee39b87", "paragraph_id": "e0db5a69-89f4-47b0-b05c-bf673fc155b1", "position": 0, "text": "The federal act defines “wire communication” almost identically to the Maryland act as:\nany aural transfer made in whole or in part through the use of facilities for the transmission of communications by the aid of wire, cable, or other like connection between the point of origin and the point of reception (including the use of such connection in a switching station) furnished or operated by any person engaged in providing or operating such facilities for the transmission of interstate or foreign communications for communications affecting interstate or foreign commerce ...", "label": "no value"}, "f137e6b2-0782-401b-ac9b-9b43b968a230": {"case_id": "8ccb9aff-2899-423c-8223-027d435ba77e", "opinion_id": "6a7a826b-ef53-44b9-b0f4-ad298b30538c", "paragraph_id": "24812de2-b022-42ad-9d20-735b8d422580", "position": 0, "text": "6 A “wire communication” is defined as “any aural transfer made in whole or in part through the use of facilities for the transmission of communications by the aid of wire, cable, or other like connection between the point of origin and the point of reception (including the use of such connection in a switching station) furnished or operated by any person engaged in providing or operating such facilities for the transmission of interstate or foreign communications or communications affecting interstate or foreign commerce.”", "label": "no value"}, "e2cdd4c2-4006-4ed7-a1b9-174532281975": {"case_id": "85fb2a94-4502-446d-bddd-7f3efb2f4e36", "opinion_id": "ff7db283-0aaf-46cb-828e-678ae685bf63", "paragraph_id": "e75be185-31d4-4c31-9e8e-946db4b33829", "position": 1, "text": "“Wire communication” means any aural transfer made in whole or in part through the use of facilities for the transmission of communications by the aid of wire, cable, or other like connection between the point of origin and the point of reception (including the use of a connection in a switching station) furnished or operated by any person licensed to engage in providing or operating such facilities for the transmission of communications.", "label": "no value"}, "39676cea-594d-412c-9686-533268752f22": {"case_id": "74848196-12de-4e07-81e5-9ecc6a0dc240", "opinion_id": "4ae30e6d-5174-4545-b57e-d2923ffe51d5", "paragraph_id": "790e1ef6-f100-4977-b011-6ab68934e5f3", "position": 0, "text": "N.J.S.A. 2A:156A-2 defines both “wire communications” and “electronic communications”:\na. “Wire communication” means any aural transfer made in whole or in part through the use of facilities for the transmission of communications by the aid of wire, cable or other like connection between the point of origin and the point of reception____“Wire communication” includes any electronic storage of such communication, and the radio portion of a cordless telephone communication that is transmitted between the cordless telephone handset and the base unit[.]", "label": "potential value"}, "6038f065-4a1d-4814-ad69-8341732b3438": {"case_id": "07f227d0-cfb2-4925-b2f0-6ae910b7df0b", "opinion_id": "94a273ef-296f-4c9f-b0f9-e9506082792a", "paragraph_id": "bdeff83c-99e2-4ce4-ac99-d2e7c73b7512", "position": 1, "text": "“Wire communication” means any aural transfer made in whole or in part through the use of facilities for the transmission of communications by the aid of wire, cable or other like connection between the point of origin and the point of reception ...", "label": "no value"}, "8ccd5bf6-c9a5-44f3-ac02-52a27a5c86a6": {"case_id": "07f227d0-cfb2-4925-b2f0-6ae910b7df0b", "opinion_id": "94a273ef-296f-4c9f-b0f9-e9506082792a", "paragraph_id": "6cc4c6cc-cf59-4d25-b6e4-74e4360dcdcf", "position": 1, "text": "“Aural transfer” means a transfer containing the human voice at any point between and including the point of origin and the point of reception____", "label": "high value"}, "a5f5c8c8-bb50-4b92-89a2-4abc47615d8c": {"case_id": "78b0205c-912e-41f3-bd4d-8019a36f9661", "opinion_id": "27791be2-0a70-40d0-91ee-4137f2e11782", "paragraph_id": "237b4f70-3a75-488b-9dea-a73f70af4110", "position": 5, "text": "The statutes also defines “[w]ire communication” as\nany aural transfer made in whole or in part through the use of facilities for the transmission of communications by the aid of wire, cable, or other like connection between the point of origin and the point of reception (including the use of a connection in a switching station) furnished or operated by any person licensed to engage in providing or operating such facilities for the transmission of communications.", "label": "no value"}, "ec127874-d4af-49f5-a3c5-2a4ad65a6420": {"case_id": "4d374c23-8616-40e2-900a-6706bdc5f890", "opinion_id": "0f7ed37f-afee-4abe-9bc4-b036a56ea79b", "paragraph_id": "cc4ddf6b-00fe-41ff-9d6b-17de779f4c11", "position": 0, "text": "A “wire communication” is\nany aural transfer made ... through the use of facilities for the transmission of communications by the aid of wire, cable or other like connection between the point of origin and the point of reception, including the use of such connection in a switching station, furnished or operated by any person engaged in providing or operating such facilities for the transmission of intrastate, interstate or foreign communication.", "label": "no value"}, "0762ed8e-165c-44d7-86b1-57c24e5491a5": {"case_id": "4d374c23-8616-40e2-900a-6706bdc5f890", "opinion_id": "0f7ed37f-afee-4abe-9bc4-b036a56ea79b", "paragraph_id": "fe0be4a4-070f-43db-b04d-9933b3c9d287", "position": 0, "text": "The Legislature’s 1993 amendments to the Act substituted the term “aural transfer,” now defined as “a transfer containing the human voice at any point between and including the point of origin and the point of reception[,]”", "label": "high value"}, "c7f51f47-9cf6-4ed1-904f-762c295dc92a": {"case_id": "4d374c23-8616-40e2-900a-6706bdc5f890", "opinion_id": "0f7ed37f-afee-4abe-9bc4-b036a56ea79b", "paragraph_id": "7181278c-530e-460d-ae1e-0f5b0dc4e5e9", "position": 0, "text": "In this regard, we liken the situation to those numerous cases that have held satellite television transmissions that contain the aural transfer of sounds, including, presumably the human voice, do not lose their character as “electronic communications,” whose contemporaneous illegal interception is prohibited by the federal act.", "label": "high value"}, "0d0f0c2d-1417-4e59-a7fa-97e2151892c0": {"case_id": "4d374c23-8616-40e2-900a-6706bdc5f890", "opinion_id": "0f7ed37f-afee-4abe-9bc4-b036a56ea79b", "paragraph_id": "809e8401-d401-4ad2-9237-113748958e3e", "position": 0, "text": "Amicus properly points to the blurring of any distinction between the definitions of the two types of communications, since a “wire communication” means any “aural transfer made in whole or in part ... by the aid of a wire ... or other like coimection[,]”", "label": "potential value"}, "ec28f94c-637d-4361-aa17-0cc9ca2448f6": {"case_id": "4d374c23-8616-40e2-900a-6706bdc5f890", "opinion_id": "0f7ed37f-afee-4abe-9bc4-b036a56ea79b", "paragraph_id": "dd7b792f-40a3-4e53-8b73-1f333555b770", "position": 1, "text": "Like its federal counterpart, the Amendment’s definition of “electronic communications” intentionally included a broad range of communications that, unlike wire communications, were not narrowly defined so as to require an “aural transfer” of information.", "label": "potential value"}, "3c9d6434-5619-4615-ad14-2363dde0d043": {"case_id": "c5f083b7-e5a0-422c-bf8f-6b20529491b3", "opinion_id": "ef687961-3799-40e8-a370-67421e207d88", "paragraph_id": "ca89fb64-09e1-4a2e-a2d4-27a20e7a976f", "position": 0, "text": "“Wire communication” means any aural transfer made in whole or in part through the use of facilities for the transmission of communications by the aid of wire, cable or other like connection between the point of origin and the point of reception (including the use of such connection in a switching station) furnished or operated by any person engaged in providing or operating such facilities for the transmission of interstate or foreign communications or communications affecting interstate or foreign commerce ...", "label": "no value"}, "151efd00-7a48-4ded-91b3-451f7a0a5d5a": {"case_id": "d9ec3682-2854-4112-8929-c568955bd34f", "opinion_id": "aa071b79-f57f-4d52-9ed6-6a600f170352", "paragraph_id": "52fcf697-2e64-4f8a-b03a-f9dbf6121e82", "position": 0, "text": "\"By the 1988 amendment [to this statute], the term 'telephonic communication’ was defined [§ 250.00 (3)] and limited generally to an 'aural transfer’ (i.e., a transfer containing the human voice [§ 250.00 (4)]) made 'in whole or in part’ through the use of facilities for the transmission of communications by the aid of wire, cable or other like connection, as well as any electronic storage of such communication, such as the tape made by a telephone answering machine.", "label": "high value"}, "8b09390d-e480-4c54-bdf3-6c077814612f": {"case_id": "d9ec3682-2854-4112-8929-c568955bd34f", "opinion_id": "aa071b79-f57f-4d52-9ed6-6a600f170352", "paragraph_id": "eb4588a3-2602-494a-b52e-dde61f125921", "position": 4, "text": "Accordingly, 'telephonic communication’ is defined to include any 'aural transfer’, even one made only 'in part’ through the use of wire, cable, or other like connection.", "label": "high value"}, "b64cc361-e920-433f-89eb-bc642756be0c": {"case_id": "5a8b0407-6752-4085-9dd8-d802ae703a04", "opinion_id": "7c46b6f5-d7d3-4536-821c-36784a78cec6", "paragraph_id": "13a7470d-dfa8-4916-a423-49675ec96b0e", "position": 1, "text": "As the conversation in question was overheard by telephone, Penal Law § 250.00 (3) defines a \"telephonic communication” as: \"any aural transfer made in whole or in part through the use of facilities for the transmission of communications by the aid of wire, cable or other like connection between the point of origin and the point of reception (including the use of such connection in a switching station) furnished or operated by any person engaged in providing or operating such facilities for the transmission of communications and such term includes any electronic storage of such communications.”", "label": "high value"}, "0a423cc5-2d9a-4624-ae5f-abb9ad69b0f2": {"case_id": "5a8b0407-6752-4085-9dd8-d802ae703a04", "opinion_id": "7c46b6f5-d7d3-4536-821c-36784a78cec6", "paragraph_id": "13a7470d-dfa8-4916-a423-49675ec96b0e", "position": 3, "text": "An \"aural transfer” is defined as \"a transfer containing the human voice at any point between and including the point of origin and the point of reception.”", "label": "high value"}, "c229a618-b338-4319-b9b5-b57e5437b22f": {"case_id": "78818b79-303d-4796-b50a-6027cdf759d9", "opinion_id": "c0a234a0-c33f-44a6-8d3e-393c48225dc2", "paragraph_id": "7bcc76e6-c924-4377-8aa1-6dcee8aa0363", "position": 0, "text": "Second, Congress amended the definition of “wire communication” by substituting the words, “any aural transfer,” for the words, “any communication,” thereby explicitly limiting wire communications to those involving the human voice.", "label": "certain value"}, "08c18083-c6fb-46c7-afc4-39a001af9057": {"case_id": "78818b79-303d-4796-b50a-6027cdf759d9", "opinion_id": "c0a234a0-c33f-44a6-8d3e-393c48225dc2", "paragraph_id": "26072cbd-2c10-4664-a789-7bca6f851457", "position": 1, "text": "The Electronic Communications Privacy Act of 1986 (ECPA), Pub. L. 99-508, § 101(a)(6)(C), 100 Stat. 1848, 1849 (1986), codified, as amended, at 18 U.S.C. § 2510(18) (1986), defines “aural transfer” to mean “a transfer containing the human voice at any point between and including the point of origin and the point of reception.”", "label": "high value"}, "36a0d5ea-53c2-4f11-aee4-a5d555e1148e": {"case_id": "78818b79-303d-4796-b50a-6027cdf759d9", "opinion_id": "c0a234a0-c33f-44a6-8d3e-393c48225dc2", "paragraph_id": "2ef7d92e-092a-4067-bfbc-703d6179b6ec", "position": 0, "text": "15 Because a cellular telephone call involves the transmission of the human voice, the fact that the ECPA narrowed the definition of “wire communication” by replacing “any communication” with “any aural transfer” (emphasis added), has no effect on our analysis.", "label": "certain value"}, "4a36b4b1-04cb-4e2e-9418-69d8b3e6c220": {"case_id": "78818b79-303d-4796-b50a-6027cdf759d9", "opinion_id": "c0a234a0-c33f-44a6-8d3e-393c48225dc2", "paragraph_id": "6df63447-a996-4ec1-a881-0e7841731474", "position": 3, "text": "As discussed, in 1986, Congress purposefully narrowed the definition of “wire communication” under Title III to include only “aural transfer[s].”", "label": "certain value"}, "b6277528-1c3a-48b3-bdab-db3313b57505": {"case_id": "97cd45bb-6863-4512-93d0-5286c4d378f3", "opinion_id": "795ef846-b58a-41ca-8ed1-dcd76727bd33", "paragraph_id": "59b26f4c-32d8-43f4-8882-373cd1f2ce88", "position": 2, "text": "See id. § 15A-286(13) (defining “intercept” as “the aural or other acquisition of the contents of any wire, oral, or electronic communication through the use of any electronic, mechanical, or other device [,]” and “aural transfer” as “containing the human voice at any point between and including the point of origin and the point of reception.”).", "label": "high value"}, "74ed2660-2833-47b8-a954-ea9559843f62": {"case_id": "bed9f9d5-3b38-4083-993d-d558e563da16", "opinion_id": "84ca260e-15e0-4fa9-9a57-1df737a78cce", "paragraph_id": "d6891592-128f-42a8-97d7-3005d81d0a22", "position": 2, "text": "It would appear, however, that those conversations would be more precisely characterized as “wire communication”: “an aural transfer", "label": "potential value"}, "bc61ce3f-ac8d-4f96-94bc-7ac3a1008800": {"case_id": "bed9f9d5-3b38-4083-993d-d558e563da16", "opinion_id": "84ca260e-15e0-4fa9-9a57-1df737a78cce", "paragraph_id": "5cf1af89-2adb-4d79-a613-34d95dba145b", "position": 1, "text": "\"Aural transfer” is “a transfer containing the human voice at any point between and including the point of origin and the point of reception.\"", "label": "high value"}, "312eb01f-ef86-4068-a20a-b6830aeeddd5": {"case_id": "7b335e48-0b32-4536-9e31-0c01bff953b8", "opinion_id": "65ae2e3e-fa43-42dc-a12f-03501b62144c", "paragraph_id": "39eb3a47-3c39-4887-bc1e-d30e9b3235c3", "position": 2, "text": "He relies on the literal language of article 18.20, § 1(1), which defines wire communication as “an aural transfer made ... through the use of facilities for the transmission of communication by wire.... ”", "label": "potential value"}, "3ec651b2-feeb-480e-aacb-81c5a62c2917": {"case_id": "7b335e48-0b32-4536-9e31-0c01bff953b8", "opinion_id": "65ae2e3e-fa43-42dc-a12f-03501b62144c", "paragraph_id": "925acd72-86ba-47ce-96a6-c7e9063a23b0", "position": 0, "text": "\"Wire communication” means an aural transfer made in whole or in part through the use of facilities for the transmission of communications by the aid of wire, cable, or other like connection between the point of origin and the point of reception, including the use of such a connection in a switching station, furnished or operated by a person authorized to engage in providing or operating the facilities for the transmission of communications as a communications carrier.", "label": "potential value"}, "4043904f-50f3-4de1-bbf4-cc483a1129d5": {"case_id": "826a600d-e602-4c9d-b42a-7d3d713b608d", "opinion_id": "201d2189-5f5d-45ae-a842-9d9785a273fd", "paragraph_id": "ba09ba51-93fd-44b3-af38-e1448a438fb1", "position": 6, "text": "In that article, a “wire communication” is defined as “an aural transfer made in whole or in part through the use of facilities for the transmission of communications by the aid of wire, cable, or other like connection between the point of origin and the point of reception_”", "label": "no value"}, "a6be549f-e200-48cf-9b8e-61deb4e2ad37": {"case_id": "076d9760-be87-4b40-85c6-5d9b7e2ddda2", "opinion_id": "de6eb782-8878-4455-b3f9-ce3e0543697d", "paragraph_id": "b3c29ba1-5f6b-40b8-a159-d330a30443ff", "position": 1, "text": "Any aural transfer made in whole or in part through the use of facilities for the transmission of communication by wire, cable or other like connection between the point of origin and the point of reception, including the use of such a connection in a switching station, furnished or operated by a telephone, telegraph or radio company for hire as a communication common carrier.", "label": "potential value"}, "77da3959-eb6b-4821-8088-2a7258f20d78": {"case_id": "c0bdfe9d-219f-4229-881f-90b18eb42155", "opinion_id": "c520ba5f-2ccb-410b-b8e7-e4f404886dd4", "paragraph_id": "50bf4f72-9502-4044-98e9-426ec8ffc53d", "position": 2, "text": "A “wire communication” means “any aural transfer made in whole or in part through the use of facilities for the transmission of communications by the aid of wire, cable, or other like connection between the point of origin and the point of reception ... furnished or operated by any person engaged in providing or operating such facilities for the transmission of interstate or foreign communications....", "label": "no value"}, "b41e845b-4589-4424-850c-af46b0933b5a": {"case_id": "89752ac8-43c8-4f21-918e-9ae523ea8712", "opinion_id": "22c29d05-55f3-49b4-b278-689d9fe19eba", "paragraph_id": "7b1ba2d0-05fd-40a8-9504-7b8721291564", "position": 7, "text": "Furthermore, the Commonwealth contends that pinging is not governed by the Wiretap Act since it does not involve the interception of aural transfers or electronic communications.", "label": "certain value"}, "61f31bd9-911b-4deb-9c14-accda8aa03e5": {"case_id": "1f37cc3f-db0d-431c-bed2-f944dae30f51", "opinion_id": "5f655663-a536-438e-abc1-35669c5ee567", "paragraph_id": "448738f9-2fea-4f69-bbf6-18aaa81ecde8", "position": 0, "text": "In addition, 18 U.S.C. sec. 2510(1), provides in part: \"'wire communication’ means any aural transfer made ... by the aid of wire, cable, or other like connection,” while sec. 968.27(1) provides in part: \"'Wire communication’ means any communication made ... by the aid of wire, cable, microwave or other like connection_”", "label": "no value"}, "a0da1b04-758e-4a5a-8f95-62ac9f0d9106": {"case_id": "1f37cc3f-db0d-431c-bed2-f944dae30f51", "opinion_id": "5f655663-a536-438e-abc1-35669c5ee567", "paragraph_id": "8a2e5790-e39f-4113-bb0a-686d17f22d72", "position": 0, "text": "\"wire communication” means any aural transfer made in whole or in part through the use of facilities for the transmission of communications by the aid of wire, cable, or other like connection between the point of origin and the point of reception (including the use of such connection in a switching station) furnished or operated by any person engaged in providing or operating such facilities for the transmission of interstate or foreign communications or communications affecting interstate or foreign commerce and such term includes any electronic storage of such communication, but such term does not include the radio portion of a cordless telephone communication that is transmitted between the cordless telephone handset and the base unit; (emphasis added).", "label": "potential value"}, "8503b279-aa65-4cea-8246-20d7bf42414b": {"case_id": "bf4395ab-5170-4c7c-a16d-186af12a9062", "opinion_id": "1da977cc-8434-4df2-b0e6-94eacedc7620", "paragraph_id": "9ebb201e-d10d-42d1-b3c8-7e39c5343825", "position": 1, "text": "These devices were able to acquire the contents of conversations, aural transfers and oral communications and then record them.", "label": "potential value"}, "6792a98e-cd79-4f43-bbe3-494892c3ba56": {"case_id": "dddcf0ee-69db-4b5b-b9ad-92044a41e56f", "opinion_id": "739aa8fe-5584-4044-a1fe-f745b9984a5c", "paragraph_id": "674d8a4b-2792-4691-adf4-7978505b3581", "position": 0, "text": "Although the Act does not define the term telephone call, it makes clear that a telephone call requires the involvement of a telephone company, or “communication common carrier,” by situating a telephone call, amongst other types of “aural transfers,” within the definition of wire communication.", "label": "high value"}, "9adce4dd-853a-4c87-898f-26f704e19a95": {"case_id": "dddcf0ee-69db-4b5b-b9ad-92044a41e56f", "opinion_id": "739aa8fe-5584-4044-a1fe-f745b9984a5c", "paragraph_id": "b3304ee2-288a-4c6a-a68a-9f63fd8b6f4e", "position": 0, "text": "Any aural transfer made in whole or in part through the use of facilities for the transmission of communication by wire, cable or other like connection between the point of origin and the point of reception, including the use of such a connection in a switching station, furnished or operated by a telephone, telegraph or radio company for hire as a communication common carrier.", "label": "potential value"}, "812c4066-6758-4b41-8f86-93a09d0c0c81": {"case_id": "dddcf0ee-69db-4b5b-b9ad-92044a41e56f", "opinion_id": "24649526-f8d1-4c27-81c8-1cbf9126dc7d", "paragraph_id": "776275aa-be30-4d84-b55e-684a0eea6ca5", "position": 4, "text": "Section 5702’s definition of \"wire communication” does not, however, mandate that a telephone company be involved, but rather describes a wire communication as aural transfers made through the use of facilities for the transmission of communication by wire or cable \"including the use of such a connection in a switching station, furnished or operated by a telephone, telegraph or radio company for hire as a communication common carrier.”", "label": "potential value"}, "6321d068-846d-448f-a98c-3160ef9e623e": {"case_id": "dba45986-352c-49ac-ba17-ae41a8c17cb5", "opinion_id": "1c90324c-56ba-44fe-a74f-a5479f5495d8", "paragraph_id": "216c381d-bebd-47d0-b09f-38cc70559f5b", "position": 2, "text": "The statute defines a “wire communication” as\n[a]ny aural transfer made in whole or in part through the use of facilities for the transmission of communication by wire, cable or other like connection between the point of origin and the point of reception, including the use of such a connection in a switching station, furnished or operated by a telephone, telegraph or radio company for hire as a communication common carrier.", "label": "potential value"}, "e487a7d9-f14f-42f1-aa16-f11555d96896": {"case_id": "296067aa-d425-4099-a2cf-808bfa22a009", "opinion_id": "7bbd0675-a1ae-4b0f-afa2-3385c97db701", "paragraph_id": "3f8b2efd-c75c-40f3-9418-27ab7ab9bc73", "position": 8, "text": "“Wire communication” means an aural transfer made in whole or in part through the use of facilities for the transmission of communications by the aid of wire, cable, or other like connection between the point of origin and the point of reception, including the use of such a connection in a switching station, furnished or operated by a person authorized to engage in providing or operating the facilities for the transmission of communications as a communications common carrier.", "label": "no value"}, "85fe33be-b95b-44a5-bc88-f48cfca4fb64": {"case_id": "296067aa-d425-4099-a2cf-808bfa22a009", "opinion_id": "7bbd0675-a1ae-4b0f-afa2-3385c97db701", "paragraph_id": "3f8b2efd-c75c-40f3-9418-27ab7ab9bc73", "position": 10, "text": "Finally, “aural transfer” means a transfer containing the human voice at any point between and including the point of origin and the point of reception.", "label": "high value"}, "e3bb090b-b46b-41dc-b828-1d111b89ddec": {"case_id": "fdb2a441-b065-46ca-af79-6a4a1a255a79", "opinion_id": "a9b4fc40-d489-490b-96b9-a8bc3fc3211b", "paragraph_id": "b3e130b8-7154-4cd7-be99-a58e3819096a", "position": 11, "text": "Penal Law § 250.00, as amended, defines \"telephonic communication” as \"any aural transfer made in whole or in part through the use of facilities for the transmission of communications by the aid of wire, cable or other like connection between the point of origin and the point of reception” (Penal Law § 250.00 [3], as added by L 1988, ch 744 [emphasis supplied]).", "label": "high value"}, "8bbbb42d-0b53-4546-98f4-71349a92bc92": {"case_id": "7ad1c56f-cb77-4468-9d84-aaa03d5d91c8", "opinion_id": "7b902706-27a7-4038-b8ea-3b52cb347f56", "paragraph_id": "44be3b33-322b-47b8-89b3-c3ea8fbba773", "position": 4, "text": "Section 5702’s definition of \"wire communication” does not, however, mandate that a telephone company be involved, but rather describes a wire communication as aural transfers made through the use of facilities for the transmission of communication by wire or cable \"including the use of such a connection in a switching station, furnished or operated by a telephone, telegraph or radio company for hire as a communication common carrier,” 18 Pa.C.S. § 5702.", "label": "potential value"}, "531d0024-bad9-4aff-9ed1-d4a5677ca903": {"case_id": "7ad1c56f-cb77-4468-9d84-aaa03d5d91c8", "opinion_id": "4ca86ae3-6d90-45bd-bb79-9dd978663122", "paragraph_id": "1db8d727-19fd-42c7-853a-8be221ab2ff0", "position": 0, "text": "Although the Act does not define the term telephone call, it makes clear that a telephone call requires the involvement of a telephone company, or “communication common carrier,” by situating a telephone call, amongst other types of “aural transfers,” within the definition of wire communication.", "label": "high value"}, "3c1f42f4-b398-4a83-b382-7d1812b62c9d": {"case_id": "7ad1c56f-cb77-4468-9d84-aaa03d5d91c8", "opinion_id": "4ca86ae3-6d90-45bd-bb79-9dd978663122", "paragraph_id": "90a8dffb-0ac9-4f5f-a4e2-22f1120d2f1e", "position": 0, "text": "Any aural transfer made in whole or in part through the use of facilities for the transmission of communication by wire, cable or other like connection between the point of origin and the point of reception, including the use of such a connection in a switching station, furnished or operated by a telephone, telegraph or radio company for hire as a communication common carrier.", "label": "potential value"}, "a9d1facc-7aed-4465-b418-78d53a8df940": {"case_id": "026a8488-ad74-4abd-87ab-4f1a470ce650", "opinion_id": "0afd0ede-6d1b-4b60-8b67-409dd77e366a", "paragraph_id": "252c9e0e-550a-471f-b0dd-175ca37604b8", "position": 0, "text": "(x) “Wire communication” means any aural transfer made in whole or in part through the use of facilities for the transmission of communications by the aid of wire, cable or other like connection, including the use of such connection in a switching station, between the point of origin and the point of reception, furnished or operated by any person engaged in providing or operating such facilities for the transmission of intrastate, interstate or foreign communications, and includes any electronic storage of such communication, but the term does not include the radio portion of a cordless telephone communication that is transmitted between the cordless telephone handset and the base unit[.]", "label": "potential value"}, "f9984474-9a22-4369-893f-6fc43bf2292c": {"case_id": "0b08360d-cc49-43de-98ec-908bb38a2855", "opinion_id": "9f5eadca-f588-478a-97d1-92aca30952a4", "paragraph_id": "1f17bca5-72b7-4a7a-bc12-7ed486a7dc0d", "position": 1, "text": "“wire communication” means any aural transfer made in whole or in part through the use of facilities for the transmission of communications by the aid of wire, cable, or other like connection between the point of origin and the point of reception (including the use of such connection in a switching station) furnished or operated by any person engaged in providing or operating such facilities for the transmission of interstate or foreign communications or communications affecting interstate or foreign commerce;\n(2) \"oral communication\" means any oral communication uttered by a person exhibiting an expectation that such communication is not subject to interception under circumstances justifying such expectation, but such term does not include any electronic communication[.]", "label": "potential value"}, "53fd7863-525e-479f-8743-495e293b2394": {"case_id": "0b08360d-cc49-43de-98ec-908bb38a2855", "opinion_id": "9f5eadca-f588-478a-97d1-92aca30952a4", "paragraph_id": "4f20afe2-cc55-47af-8c94-39442164d426", "position": 0, "text": "¶ 13 The Act’s definitions for “intercept,” “oral communication,” “wire communication,” and “aural transfer” are as follows:", "label": "no value"}, "26c1e03d-9213-48b4-b229-afc2f752da27": {"case_id": "0b08360d-cc49-43de-98ec-908bb38a2855", "opinion_id": "9f5eadca-f588-478a-97d1-92aca30952a4", "paragraph_id": "1265562c-8e85-4522-8060-8f7dec4f6a5a", "position": 1, "text": "Any aural transfer made in whole or try part through the use of facilities for the transmission of communication by wire, cable or other like connection between the point of origin and the point of reception, including the use of such a connection in a switching station, furnished or operated by a telephone, telegraph or radio company for hire as a communication common carrier.", "label": "potential value"}, "9c4d2918-3554-4524-af36-c23401b4d1a9": {"case_id": "0b08360d-cc49-43de-98ec-908bb38a2855", "opinion_id": "9f5eadca-f588-478a-97d1-92aca30952a4", "paragraph_id": "a4894e7d-49d8-403e-9de8-f374f618edc1", "position": 0, "text": "“Aural transfer.”", "label": "potential value"}}