{"41490a81-e371-4c7c-91cb-8c6ea84e28b0": {"case_id": "3ddfd052-fd89-41ca-af93-7f295be3c752", "opinion_id": "f5c04a9c-277b-47fe-92a1-044bba4579f2", "paragraph_id": "c402416b-2b72-4de4-90eb-04d0a9cb9146", "position": 1, "text": "The following uses of distilled spirits and wine are regarded as “industrial” and therefore will be excluded from any application of the term “nonindustrial use”:", "label": "potential value"}, "929f3a88-76b9-4edf-82bf-4a911b6c1e04": {"case_id": "3ddfd052-fd89-41ca-af93-7f295be3c752", "opinion_id": "f5c04a9c-277b-47fe-92a1-044bba4579f2", "paragraph_id": "1c7c2696-25f1-4839-aae0-1c97df6475e1", "position": 2, "text": "Among the “nonindustrial” uses are the following: Uses for beverages purposes; or in the manufacture, rectifying or blending of alcoholic beverages; * * *.", "label": "high value"}, "d03b8583-fc61-4a5b-acab-565b72a09109": {"case_id": "3ddfd052-fd89-41ca-af93-7f295be3c752", "opinion_id": "f5c04a9c-277b-47fe-92a1-044bba4579f2", "paragraph_id": "8d813c41-0ffc-4f44-b364-ad0fadba6616", "position": 2, "text": "The testimony shows that they are used in the manufacture of an alcoholic beverage; therefore they fall directly within the definition given under (3) (b) above for distilled spirits having a nonindustrial use.", "label": "high value"}, "6c6be685-6dc0-4af1-93a5-e5c621913d89": {"case_id": "9dfbfccd-a094-4964-92b8-7a0dfd4c49c2", "opinion_id": "4cea2311-4c8d-4d68-a15d-ebdea604bef0", "paragraph_id": "3f1cb4fb-f98f-466d-9beb-9af83e5dc019", "position": 1, "text": "There are certain types and kinds of goods and services which are ordinarily not made available or acquired for personal or nonindustrial use.", "label": "certain value"}, "0e237edb-ee27-4e92-9198-f79dde561cc9": {"case_id": "9fd47516-d090-41d2-9795-fecd45f8ef68", "opinion_id": "0e0603f5-9ad9-4d4a-8ef4-46724b6b34f9", "paragraph_id": "3046eea9-97f7-4c25-bb2b-786c88d7c5b7", "position": 4, "text": "There is nothing in the record to suggest that Kemper/Prime or any subsequent owner of the Property wants to use it for nonindustrial use.", "label": "potential value"}, "e84f2b06-8402-4a61-b529-0b6945827eb2": {"case_id": "7352ed0d-9f11-4422-829b-865f97432b1a", "opinion_id": "3b4b3966-dc0f-4b62-a52a-a158e507ba19", "paragraph_id": "41c5817e-207a-40a4-93a8-96b5ec1cb4c2", "position": 1, "text": "The existing ordinance limited nonindustrial uses in a manufacturing district to uses that are highway oriented, which the hotel was as long as it was operated as a hotel, but would cease to be if it became a retirement home.", "label": "no value"}, "a4b3bd8e-ad38-4023-a552-f22558e46fca": {"case_id": "082d2a1b-5f69-4a3e-a05f-e626bb831258", "opinion_id": "c7745839-7c8f-4002-b123-1d1e644d6065", "paragraph_id": "3bd51248-7148-4b99-9112-09c0e87b8b32", "position": 1, "text": "The industrial park is zoned IP-2-1, which allows certain specified nonindustrial uses, including church use, with a conditional use permit (“CUP”).", "label": "no value"}, "5e60eaf4-dc2b-4732-8c88-1278c7bd6100": {"case_id": "082d2a1b-5f69-4a3e-a05f-e626bb831258", "opinion_id": "c7745839-7c8f-4002-b123-1d1e644d6065", "paragraph_id": "4f48ae3f-6631-4225-9a39-281ef2794ec1", "position": 1, "text": "The zoning provisions applicable to the Rancho Bernardo Industrial Park (“RBIP”) expressly permit specified nonindustrial uses, including church use. (Todd Deck, Ex. DD at § 131.0622, Table 131-06B.)", "label": "no value"}, "25beba6e-fe82-40b9-a2cb-ee60f6d92ec7": {"case_id": "082d2a1b-5f69-4a3e-a05f-e626bb831258", "opinion_id": "c7745839-7c8f-4002-b123-1d1e644d6065", "paragraph_id": "6fd856c8-3bbf-4989-81f2-6dc8d579dd63", "position": 1, "text": "Of the approximately 600 acres in the Rancho Bernardo Industrial Park, roughly 100 are slated for office (i.e., nonindustrial) uses.", "label": "no value"}, "c88dd2ba-0927-4be3-a2d2-ff2a17b967e3": {"case_id": "1ad2f1b8-6f57-4bb8-9425-8608c56aa9a8", "opinion_id": "42a09b21-bd84-4987-8c58-2f36a915c4a1", "paragraph_id": "93abd5d9-061c-4925-8730-e1fc7ac96425", "position": 7, "text": "Reconstruction for nonindustrial use, the Village concluded, would therefore violate its zoning ordinance.", "label": "no value"}, "7004fcc8-3118-4a17-8a7b-aa1dfe6d9024": {"case_id": "b20730c5-b418-4f00-8006-0ea3f01ff920", "opinion_id": "64da81f1-a4d1-4bad-9688-695078dae0d7", "paragraph_id": "56c0f20c-73b5-4753-97a2-ca4992d826b1", "position": 1, "text": "For other out-of-state cases stating what constitutes a new and different use see Town of Lexington v. Bean, 172 N. E. 867 (Mass. 1930) [change from repairing trucks by private owner to repair shop available to public generally]; Kensington Realty Holding Corp. v. Jersey City, 191 Atl. 787 (N.J.L. 1937) aff’d 196 Atl. 691 (1938) [change from a tearoom (formerly a doctor’s office) to a funeral home]; Killian v. Brith Sholom Congregation, 154 S. W. 2d 387 (Mo. 1941) [change of part of a cemetery into a place for the display and sale of monuments]; De Felice v. Zoning Board of Appeals, 32 A. 2d 635 (Conn. 1943) [change from a “dry-screen” sand mining operation to a “wet sand classifier”]; Sitgreaves v. Board of Adjustment, 54 A. 2d 451 (N. J. 1947) [change from a garage to an auto repair shop]; San Diego County v. McClurken, 234 P. 2d 972 (Cal. 1951) [change from small movable gasoline tanks to a considerably larger underground tank]; and Markey v. Danville Warehouse & Lumber Co., 259 P. 2d 19 (Cal. 1953) [change from nonindustrial use to a cement mixing operation].", "label": "no value"}, "6ef0945d-add9-4366-be81-2d5de8c3df3e": {"case_id": "43429633-7447-4e53-a1fa-b357f190aacc", "opinion_id": "c44e557c-4f8c-45ea-a76a-d5c6fc447566", "paragraph_id": "a90f76a7-632c-4c1b-bf38-70200a4bd907", "position": 2, "text": "Instead, the city was seeking to enforce a zoning provision enacted over fifteen years earlier, which provision was based on. reflection and a reasonable plan for opening up riverfront property to nonindustrial uses.", "label": "no value"}, "969ecfad-985b-43b4-89eb-f297b1bb5d60": {"case_id": "237a2b0f-6e57-4b57-b597-500b2df6c9d9", "opinion_id": "58fdaf9e-7aaf-431d-8f20-bfa15cd48b5e", "paragraph_id": "675aac5e-6524-40c1-a8a8-12af30496434", "position": 0, "text": "On December 4, 1987, Kirch issued defendants a notice of zoning violation, stating that defendants were violating Ordinance No. 9 by conducting an industrial operation in a nonindustrial-use zone.", "label": "no value"}, "22a5c5cc-fad0-4106-9ce0-b84c05a02793": {"case_id": "0eba64ab-db96-494c-bf1f-57db3d78f8dc", "opinion_id": "acb7dd1f-2167-408d-a08b-93b80f8ecddf", "paragraph_id": "4c3a0b9f-b089-4e28-863d-52412cf99187", "position": 4, "text": "Noncommercial and nonindustrial uses that affect wetlands are not permissible in areas to which section 1011.03(B) applies, as it undisputably does here.", "label": "no value"}, "ae28c0bd-6aa8-4fb1-98e1-7787637084e0": {"case_id": "0af00858-017d-4553-a887-4344568518a2", "opinion_id": "e1483ee7-a6c5-4e7f-8815-36d79ccd8ee7", "paragraph_id": "3a541e52-eeaa-45ca-8d60-ab5fd30cbd1d", "position": 4, "text": "See Asheville Industries, Inc., 112 N.C. App. 713, 436 S.E.2d 873 (holding that the industrial use of a property was insignificant as compared to the nonindustrial use where the property was crossed by an industrial power line from a nearby electric generating plant).", "label": "no value"}, "23c8c542-bd37-440e-9d82-12c077fc6c79": {"case_id": "87ce2d44-1109-4efe-8e70-e47f805ec3a0", "opinion_id": "74147352-f308-4012-97fa-766b98c65d0b", "paragraph_id": "b6975ba9-446b-41d3-8668-42d8d9671fb5", "position": 4, "text": "“Where there has been no showing that the extent of industrial use was insignificant as compared to nonindustrial use, petitioner has failed to carry his burden to demonstrate amisclassification.”", "label": "potential value"}, "a0d89160-59a0-485d-ab42-73722996adac": {"case_id": "87ce2d44-1109-4efe-8e70-e47f805ec3a0", "opinion_id": "74147352-f308-4012-97fa-766b98c65d0b", "paragraph_id": "b6975ba9-446b-41d3-8668-42d8d9671fb5", "position": 5, "text": "Asheville Industries, Inc., 112 N.C. App. at 720-21, 436 S.E.2d at 877; see also Scovill Mfg. Co. v. Town of Wake Forest, 58 N.C. App. 15, 20, 293 S.E.2d 240, 244 (stating “[t]here has been no showing [by petitioner] that the extent of industrial use was insignificant as compared to any nonindustrial use”), disc. review denied, 306 N.C. 559, 294 S.E.2d 371 (1982).", "label": "potential value"}, "7de66d9e-4164-4ec7-a9b1-fbe4c1cf297c": {"case_id": "d5dfbdff-c401-49f8-a01c-7675f75424dc", "opinion_id": "a0e078da-be02-4611-83ac-07d71d4b09a5", "paragraph_id": "4b15aec2-5537-415d-a25c-55b95c6b2d44", "position": 0, "text": "Subparagraph (C) requires cities and counties to amend their land use regulations so as to prevent approval of nonindustrial uses in RSIAs if approval will overload or degrade roads.", "label": "potential value"}, "ec2bbfa0-08b7-48bc-a124-be767001c092": {"case_id": "d5dfbdff-c401-49f8-a01c-7675f75424dc", "opinion_id": "a0e078da-be02-4611-83ac-07d71d4b09a5", "paragraph_id": "4b15aec2-5537-415d-a25c-55b95c6b2d44", "position": 1, "text": "Subparagraph (D) prohibits new nonindustrial uses.", "label": "potential value"}, "31bb7840-595e-4b54-a42b-15f999df815b": {"case_id": "d5dfbdff-c401-49f8-a01c-7675f75424dc", "opinion_id": "a0e078da-be02-4611-83ac-07d71d4b09a5", "paragraph_id": "4b15aec2-5537-415d-a25c-55b95c6b2d44", "position": 3, "text": "Subparagraph (F) imposes specific limitations on expanding nonconforming, nonindustrial uses in RSIAs.", "label": "no value"}, "030cfc2c-7987-418d-92ad-039efe9aac44": {"case_id": "d5dfbdff-c401-49f8-a01c-7675f75424dc", "opinion_id": "a0e078da-be02-4611-83ac-07d71d4b09a5", "paragraph_id": "100e2a13-8518-41a7-97cd-70fc93afa75b", "position": 0, "text": "In sum, the amendments limit large retail, commercial, and medical facilities, limit the size of other nonindustrial uses, and allow division of large parcels only for uses compatible with large-parcel industrial developments.", "label": "no value"}, "0e10c790-ea62-459b-9645-cae85a806a31": {"case_id": "a5f2d361-9a47-4f73-b7a3-abb5cb7f7164", "opinion_id": "da3d4ba6-09d7-4cf7-a2fa-1c9b1cf26915", "paragraph_id": "53f8262a-7630-4957-ab70-8f430611c3e8", "position": 0, "text": "That reasoning obviates the need to address the city’s and PeaceHealth’s arguments concerning LUBA’s reliance on a list of nonindustrial uses that are allowed in the city’s industrial zones.", "label": "potential value"}, "6fdba89e-bfa9-46cd-a84e-9c7fc79438ca": {"case_id": "fe5002ff-a2b9-41d8-8aa3-821c0c1dffcc", "opinion_id": "10246f14-298f-4254-861f-61b86a1b23c0", "paragraph_id": "d0c11496-3ebd-4594-bbd8-93ef2071cae9", "position": 3, "text": "In Scovill, this Court upheld the trial court’s conclusion that an entire tract was properly classified as industrial where “[t]here has been no showing that the extent of industrial use was insignificant as compared to any nonindustrial use.”", "label": "no value"}, "141f0984-75a8-4771-90b4-6f800ffea103": {"case_id": "fe5002ff-a2b9-41d8-8aa3-821c0c1dffcc", "opinion_id": "10246f14-298f-4254-861f-61b86a1b23c0", "paragraph_id": "d0c11496-3ebd-4594-bbd8-93ef2071cae9", "position": 5, "text": "See also Asheville Industries, 112 N.C. App. at 721, 436 S.E.2d at 878 (finding that the industrial usage of a .79 acre easement was insignificant compared to the nonindustrial use of the entire 36.22 acre tract and that the property was incorrectly classified as industrial in use).", "label": "no value"}, "8dac1dab-939f-4cf2-b4ea-356e60197367": {"case_id": "f7ec6fa0-1332-404a-91c9-e47c229e0a85", "opinion_id": "e3e2e1ea-f5aa-4508-99c1-d17b2dac7eed", "paragraph_id": "4a1faec9-9290-405d-ae87-bb3cd0ce26d9", "position": 8, "text": "There has been no showing that the extent of industrial use was insignificant as compared to any nonindustrial use.", "label": "potential value"}, "55f8514f-afaa-4c09-806a-945d08ccd1af": {"case_id": "6c3cf1b4-ee45-4dbd-8fba-706cfbff2329", "opinion_id": "ffd26eeb-efbb-4b6f-ad58-047d38c95daf", "paragraph_id": "5b1fb9ef-3c9b-45fe-960c-76888d9c397d", "position": 5, "text": "Where there has been no showing that the extent of industrial use was insignificant as compared to nonindustrial use, petitioner has failed to carry his burden to demonstrate a misclassification.", "label": "potential value"}, "ae0ad779-bf3b-49d9-b0f2-54d34b93403e": {"case_id": "6c3cf1b4-ee45-4dbd-8fba-706cfbff2329", "opinion_id": "ffd26eeb-efbb-4b6f-ad58-047d38c95daf", "paragraph_id": "f8cb9bdc-1f93-4f0d-ae25-e4033167387a", "position": 0, "text": "Because we no longer consider the land as twenty separate lots but one large 36.22 acre tract, we find the industrial use of the property is insignificant compared to the nonindustrial use of the entire 36.22 acre tract, and therefore, the petitioners have carried their burden that the property was incorrectly classified as industrial in use.", "label": "no value"}, "e62ca25f-5d07-40fa-819c-5780017a1eec": {"case_id": "d504c72b-fea4-44cf-a36b-2468f3ca5f6c", "opinion_id": "5c99af13-7071-46f5-bd9e-e1f41d3ec782", "paragraph_id": "494497dd-7992-463e-bf1d-f5ce29d3c58e", "position": 3, "text": "Their assertions are insufficient to prohibit petitioners’ nonindustrial use of their saw.", "label": "no value"}, "1bea7721-57da-4ef8-a978-c91a99d3a407": {"case_id": "8895a034-ae81-4e27-aaa2-b2bc1dd72c90", "opinion_id": "1ea89208-6323-4c0b-b906-776bda1e060d", "paragraph_id": "3e3fc454-5be7-42b8-b40e-c1ef963b52a2", "position": 1, "text": "The regulations governing M-l and M-2 Districts are designed to: promote stability of industrial development; protect industrial development from uses incompatible and detrimental to industry; protect nonindustrial uses in areas adjacent to industrial districts; and to encourage industrial development in order to improve the basic economy of Union City and thus promote the health, safety, convenience, prosperity, and welfare.", "label": "no value"}, "4c36eb4d-d861-4ae4-aa13-25ab1fb8b55b": {"case_id": "2cc24d6c-0f35-4f08-8bc5-ebb8bed10978", "opinion_id": "a96d544b-dbd3-4858-84c9-68203e2ccbdb", "paragraph_id": "79126128-6787-4828-8463-47325ee11947", "position": 1, "text": "Further, it is well recognized that certain areas are best suited for industry and if a municipality, having determined the total area required for industry within the community, can have its over-all plan defeated by the encroachment thereon of nonindustrial use, a proper governmental function might be destroyed and there would be no place for industry to go, while nonindustrial uses might have several choices.", "label": "no value"}, "57a6e8ca-530b-4c45-b68a-3ee37fb98290": {"case_id": "f462d7ad-9868-46ee-b013-3ba62152c7ec", "opinion_id": "63e16dea-de37-4577-a65e-c1ae2ce97f3b", "paragraph_id": "94288607-963c-4c74-be20-2c76792aa1a4", "position": 4, "text": "The court finds instead that this sentence speaks directly to the proportional use of a particular piece of equipment, when that equipment is used in both industrial manufacturing processes and nonindustrial uses.", "label": "potential value"}, "107f9c44-20d6-49e0-aca5-063914ad3ff0": {"case_id": "d19db4c4-3483-41b4-b98d-ce3a78682095", "opinion_id": "f6df71ec-7b73-4289-9420-9dfe072d72d1", "paragraph_id": "edcf4fd7-d6eb-47bc-8c4e-057cec0aef6d", "position": 7, "text": "Thus, when Mobil Oil sold the property, it included restrictive covenants in the deed that prohibited nonindustrial uses, including Cornerstone’s church activities.", "label": "no value"}}