{"c402416b-2b72-4de4-90eb-04d0a9cb9146": {"case_id": "3ddfd052-fd89-41ca-af93-7f295be3c752", "opinion_id": "f5c04a9c-277b-47fe-92a1-044bba4579f2", "text": "(a) The following uses of distilled spirits and wine are regarded as “industrial” and therefore will be excluded from any application of the term “nonindustrial use”:", "position": 13}, "1c7c2696-25f1-4839-aae0-1c97df6475e1": {"case_id": "3ddfd052-fd89-41ca-af93-7f295be3c752", "opinion_id": "f5c04a9c-277b-47fe-92a1-044bba4579f2", "text": "(b) All other uses are regarded as “nonindustrial.” Among the “nonindustrial” uses are the following: Uses for beverages purposes; or in the manufacture, rectifying or blending of alcoholic beverages; * * *.", "position": 16}, "8d813c41-0ffc-4f44-b364-ad0fadba6616": {"case_id": "3ddfd052-fd89-41ca-af93-7f295be3c752", "opinion_id": "f5c04a9c-277b-47fe-92a1-044bba4579f2", "text": "In the original decision the court held that the commodities here involved are flavoring extracts. However they were found to be used for flavoring gin, which is a beverage. The testimony shows that they are used in the manufacture of an alcoholic beverage; therefore they fall directly within the definition given under (3) (b) above for distilled spirits having a nonindustrial use.", "position": 17}, "3f1cb4fb-f98f-466d-9beb-9af83e5dc019": {"case_id": "9dfbfccd-a094-4964-92b8-7a0dfd4c49c2", "opinion_id": "4cea2311-4c8d-4d68-a15d-ebdea604bef0", "text": "The point which the Supreme Court made in Idaho Metal Works was that there is no touchstone or uncomplicated test to apply in resolving the inquiry as to whether a transaction is retail, but rather a case by case approach is in order with the referents being common sense and common parlance. There are certain types and kinds of goods and services which are ordinarily not made available or acquired for personal or nonindustrial use. These can never be considered retail. Many of the cases cited by Plaintiff provide pertinent examples: Goldberg v. Sorvas, 294 F.2d 841 (3rd Cir. 1961) and Willmark Service System Inc. v. Wirtz, 317 F.2d 486 (8th Cir. 1963) (supplying shopper’s investigation service to other business establishments) ; Durkin v. Joyce Agency, 110 F.Supp. 918 (N.D.Ill.1953) and Walling v. Sondock, 132 F.2d 77 (5th Cir. 1942) (providing watchman’s service to industrial and business users); Goldberg v. Roberts, 291 F.2d 532 (9th Cir, 1961) (providing letter shop service for other businesses); Arnold v. Ben Kanowsky, Inc., 361 U.S. 388, 80 S.Ct. 453, 4 L.Ed.2d 393 (1960) (supplying a plastic fabricating service and fabricated parts to manufacturer of aircraft). It is the nonretail nature of these kinds of services that disqualifies them at the outset for purposes of the § 13(a) (2) exemption.", "position": 44}, "3046eea9-97f7-4c25-bb2b-786c88d7c5b7": {"case_id": "9fd47516-d090-41d2-9795-fecd45f8ef68", "opinion_id": "0e0603f5-9ad9-4d4a-8ef4-46724b6b34f9", "text": "Kemper/Prime’s evidence of the total cost of remediating all of the contamination that existed on the Property at the time of the 1990 reports is equally flawed. Again, Kemper/Prime’s cost estimates do not make any adjustments for the sections of the Property it no longer owns. Moreover, Kemper/Prime’s cost estimates are calculated only for the Tier One standard. Beyond the comparison problems to which these gaps give rise, it appears from the record that the Tier One standard is not normally used to remediate industrial properties. There is nothing in the record to suggest that Kemper/Prime or any subsequent owner of the Property wants to use it for nonindustrial use. Therefore, even if the estimates were tailored to the correct sections of the Property, they would still be unusable in this case. This evidence too therefore fails to raise a triable fact issue.", "position": 30}, "41c5817e-207a-40a4-93a8-96b5ec1cb4c2": {"case_id": "7352ed0d-9f11-4422-829b-865f97432b1a", "opinion_id": "3b4b3966-dc0f-4b62-a52a-a158e507ba19", "text": "And if the City wanted the industrial zone to be lily-white, it didn’t have to amend the zoning ordinance. The existing ordinance limited nonindustrial uses in a manufacturing district to uses that are highway oriented, which the hotel was as long as it was operated as a hotel, but would cease to be if it became a retirement home.", "position": 19}, "3bd51248-7148-4b99-9112-09c0e87b8b32": {"case_id": "082d2a1b-5f69-4a3e-a05f-e626bb831258", "opinion_id": "c7745839-7c8f-4002-b123-1d1e644d6065", "text": "Harper found three sites potentially meeting the church’s needs within the Rancho Bernardo Industrial Park. (Id. at ¶¶ 15-17.) The industrial park is zoned IP-2-1, which allows certain specified nonindustrial uses, including church use, with a conditional use permit (“CUP”). (See Decl. of Jeffrey A. Todd ISO Plfs. Mot. for Summ. J. & Perm. Inj. (“Todd Decl.”), Exs. B, DD.) Grace Church’s offer to lease the first of those properties, which at that point was occupied by another religious institution preparing to move, was refused by the landlord. (Harper Decl. ¶ 15; Turbedsky Decl. ¶ 6.) The owner of the second property, which previously was leased to a synagogue, stated that he did not wish to lease to another religious use tenant because of the uncertainty that the tenant ultimately would obtain a CUP. (See Turbedsky Decl. ¶ 6.) The owner of the third property also declined an offer to lease by Grace Church. (Harper Decl. ¶ 16; Turbedsky Decl. ¶ 6.)", "position": 19}, "4f48ae3f-6631-4225-9a39-281ef2794ec1": {"case_id": "082d2a1b-5f69-4a3e-a05f-e626bb831258", "opinion_id": "c7745839-7c8f-4002-b123-1d1e644d6065", "text": "In addition to the RBPB’s lack of knowledge regarding RLUIPA, the history behind Grace Church’s CUP application demonstrates that, to date, the RBPB has exhibited hostility and disapproval regarding Grace Church receiving any CUP at all. The zoning provisions applicable to the Rancho Bernardo Industrial Park (“RBIP”) expressly permit specified nonindustrial uses, including church use. (Todd Deck, Ex. DD at § 131.0622, Table 131-06B.) Pursuant to these zoning provisions, numerous CUPs have been granted for non-industrial uses in the RBIP. Such uses include (1) a health care facility that received a four year CUP in 1998 and a seven year extension in 2003, (2) Gyminny Kids Inc., a gymnastics school, which received a seven year CUP in 1992, (3) Green Valley Church, which was granted a five year CUP in 1997 and a ten year extension in 2003, (4) a synagogue that received a seven year CUP in 1997, and (5) a third religious facility that was granted a seven year CUP in 1993. (See Turbedsky Deck, Ex. F at C-BS-02013-02014.) Despite this history, the RBPB voted to completely deny Grace Church’s CUP application. The only reason expressed to support the denial of Grace Church’s CUP was that church use in the RBIP did not conform with the Community Plan, even though the relevant portions of the Community Plan have not changed since prior CUPS have been approved for church use and other non-industrial uses. (Turbedsky Deck ¶ 9, Ex. G at 01130-31; Todd Deck, Ex. G at C-BS-02056.)", "position": 57}, "6fd856c8-3bbf-4989-81f2-6dc8d579dd63": {"case_id": "082d2a1b-5f69-4a3e-a05f-e626bb831258", "opinion_id": "c7745839-7c8f-4002-b123-1d1e644d6065", "text": "Additionally, consistent with zoning that expressly permits specified non-industrial uses, several parcels within the industrial park have been occupied by non-industrial uses. Of the approximately 600 acres in the Rancho Bernardo Industrial Park, roughly 100 are slated for office (i.e., nonindustrial) uses. (See Todd Decl., Ex. K at 56:24-57:10.) The parcel that Grace Church seeks to use has been vacant for several years, and the adjacent property is a 150,000 square foot Class A office building that replaced a 45,000 square foot industrial building. (Todd Decl., Ex. L; see id., Ex. V at 126:17-22.) One way to evaluate a claim of compelling interest is to consider whether in the past the governmental actor has consistently and vigorously protected that interest. See Church of the Lukumi Babalu Aye, Inc., 508 U.S. at 547, 113 S.Ct. 2217 (“A law cannot be regarded as protecting an interest of the highest order ... when it leaves appreciable damage to that supposedly vital interest unprotected.”). In this case, the Court concludes that Defendants fail to meet their burden of demonstrating a genuine issue regarding whether denying Grace Church’s request for a ten year CUP “is in furtherance of a compelling governmental interest.” 42 U.S.C. § 2000cc(a)(l).", "position": 67}, "93abd5d9-061c-4925-8730-e1fc7ac96425": {"case_id": "1ad2f1b8-6f57-4bb8-9425-8608c56aa9a8", "opinion_id": "42a09b21-bd84-4987-8c58-2f36a915c4a1", "text": "Then, one morning in October 1999, the couple’s own house at 238 Park Street caught fire. The Bensenville fire department arrived and put out the blaze, but the Floreses believed they should have responded more quickly. The house was badly damaged, so the couple moved into the coach house in the back. They obtained a permit to rebuild the main house, but when the Village discovered how much the reconstruction would cost, it rescinded the permit. Park Street, it turned out, had been rezoned for light industrial use more than 30 years earlier, making the house a nonconformity under § 10-16-2 of the Bensenville Zoning Code. And although the code allows minor reconstruction of nonconformities, see § 10-16-7(B)(2)(a), it prohibits major reconstruction, defined as reconstruction costing more than half of the property’s value, see § 10-16-7(B)(2)(b). The estimated cost of rebuilding the house was $75,163.24, more than half its insured value of $143,758.00. Reconstruction for nonindustrial use, the Village concluded, would therefore violate its zoning ordinance.", "position": 2}, "56c0f20c-73b5-4753-97a2-ca4992d826b1": {"case_id": "b20730c5-b418-4f00-8006-0ea3f01ff920", "opinion_id": "64da81f1-a4d1-4bad-9688-695078dae0d7", "text": "For a case in point from another jurisdiction concerning a new and different use prohibited as a nonconforming use, see President & Trustees of Village v. Meredith, 88 N. Y. S. 2d 775 (App. Div. 1949), where the change was from the storage of poles, cables and pipes and the use of trucks from time to time to move such materials to the storage of tractors, freight trucks and busses and the daily use of such noisy and vibrating vehicles in and about the storage facility, the Appellate Division overruled a Special Term holding that “storage was storage” and held that the later use was new and different. For other out-of-state cases stating what constitutes a new and different use see Town of Lexington v. Bean, 172 N. E. 867 (Mass. 1930) [change from repairing trucks by private owner to repair shop available to public generally]; Kensington Realty Holding Corp. v. Jersey City, 191 Atl. 787 (N.J.L. 1937) aff’d 196 Atl. 691 (1938) [change from a tearoom (formerly a doctor’s office) to a funeral home]; Killian v. Brith Sholom Congregation, 154 S. W. 2d 387 (Mo. 1941) [change of part of a cemetery into a place for the display and sale of monuments]; De Felice v. Zoning Board of Appeals, 32 A. 2d 635 (Conn. 1943) [change from a “dry-screen” sand mining operation to a “wet sand classifier”]; Sitgreaves v. Board of Adjustment, 54 A. 2d 451 (N. J. 1947) [change from a garage to an auto repair shop]; San Diego County v. McClurken, 234 P. 2d 972 (Cal. 1951) [change from small movable gasoline tanks to a considerably larger underground tank]; and Markey v. Danville Warehouse & Lumber Co., 259 P. 2d 19 (Cal. 1953) [change from nonindustrial use to a cement mixing operation].", "position": 30}, "a90f76a7-632c-4c1b-bf38-70200a4bd907": {"case_id": "43429633-7447-4e53-a1fa-b357f190aacc", "opinion_id": "c44e557c-4f8c-45ea-a76a-d5c6fc447566", "text": "That zoning ordinance was enacted after consideration of the city development plan, and constituted the elected representatives’ decision regarding how the city landscape, including the waterfront, should be developed in the future. Thus, contrary to the situations in Penning and Anderson, the city’s zoning determination was not made pursuant to an isolated zoning amendment or variance that was inconsistent with the overall zoning plan, and therefore cannot be compared to a “haphazard” or “piecemeal” decision. Instead, the city was seeking to enforce a zoning provision enacted over fifteen years earlier, which provision was based on. reflection and a reasonable plan for opening up riverfront property to nonindustrial uses. Additionally, the evidence clearly established that these parcels were zoned as development districts because they were essentially vacant parcels. Our Supreme Court, as well as this Court, has recognized that courts “may consider a master plan as a general guide for future development.” Bell River Assoc v China Charter Twp, 223 Mich App 124, 131; 565 NW2d 695 (1997), citing Biske v Troy, 381 Mich 611, 619; 166 NW2d 453 (1969), and Troy Campus v Troy, 132 Mich App 441, 457; 349 NW2d 177 (1984). The development plan drawn up for the city led to the enactment of the 1983 zoning ordinance, and contains a reasonable plan for phasing in nonindustrial properties along the riverfront. The city’s decision to enact such a plan, the reasons in support of which are at least núniinaily “debatable,” cannot be overturned by the courts on the basis that it was not the best decision. Brae Bum, supra. We are also unaware of any case law requiring a municipality to rezone an entire waterfront all at once.", "position": 72}, "675aac5e-6524-40c1-a8a8-12af30496434": {"case_id": "237a2b0f-6e57-4b57-b597-500b2df6c9d9", "opinion_id": "58fdaf9e-7aaf-431d-8f20-bfa15cd48b5e", "text": "On December 4, 1987, Kirch issued defendants a notice of zoning violation, stating that defendants were violating Ordinance No. 9 by conducting an industrial operation in a nonindustrial-use zone. Kirch issued a similar notice on January 14, 1988, and a third notice on March 7, 1988. The third notice charged defendants with violating §§ 20.804 to 20.806 of the zoning ordinance. Defendants claim that these sections are not included in the 1983 compilation of the ordinance, and are instead found in the 1978 zoning ordinance, which the township contends was incorporated into the 1983 version.", "position": 9}, "4c3a0b9f-b089-4e28-863d-52412cf99187": {"case_id": "0eba64ab-db96-494c-bf1f-57db3d78f8dc", "opinion_id": "acb7dd1f-2167-408d-a08b-93b80f8ecddf", "text": "Although the county denied the application on three grounds, it defended only one of them before LUBA and here. The proposed golf course site contains wetlands. Section 1011.03(B) of the county zoning ordinance requires the outright preservation of “high priority open space,” including wetlands, except, inter alia, that “Commercial or industrial developments affecting wetlands * * * may be allowed, subject to the provisions of subsection 1011.04.” Under section 1011.04, “[h]igh priority open space wetlands * * * shall not be disturbed unless approved by the Planning Director * * * for a specific commercial or industrial development plan,” which resolves conflicts or “mitigates” the wetland effects of the development. Noncommercial and nonindustrial uses that affect wetlands are not permissible in areas to which section 1011.03(B) applies, as it undisputably does here.", "position": 2}, "3a541e52-eeaa-45ca-8d60-ab5fd30cbd1d": {"case_id": "0af00858-017d-4553-a887-4344568518a2", "opinion_id": "e1483ee7-a6c5-4e7f-8815-36d79ccd8ee7", "text": "Respondent presented evidence that there was a sewer easement for a single sewer line on one of the boundaries of Lot 12. However, the sewer line was not connected and the County made no use of it. Aside from the sewer line, Lot 12, consisting of 17.37 acres, was wooded, vacant and contained no structures. We conclude that the governmental use on Lot 12 was insignificant when compared to the use of the tract as a whole. See Asheville Industries, Inc., 112 N.C. App. 713, 436 S.E.2d 873 (holding that the industrial use of a property was insignificant as compared to the nonindustrial use where the property was crossed by an industrial power line from a nearby electric generating plant).", "position": 43}, "b6975ba9-446b-41d3-8668-42d8d9671fb5": {"case_id": "87ce2d44-1109-4efe-8e70-e47f805ec3a0", "opinion_id": "74147352-f308-4012-97fa-766b98c65d0b", "text": "Petitioners specifically challenge the City’s compliance with the subdivision test. First, they contend respondent incorrectly classified four tracts — the T.F. Holdings tract, the Division of Motor Vehicles (DMV) tract, the Airlie Gardens tract and the Duck Haven tract — as commercial or institutional/governmental and that these tracts should have been included in the total acreage calculation for determining compliance with the subdivision test. An area is improperly classified as to use if there is no evidence that the land is being used either directly or indirectly for the classified use. See R.R. v. Hook, 261 N.C. 517, 520, 135 S.E.2d 562, 565 (1964). “Where there has been no showing that the extent of industrial use was insignificant as compared to nonindustrial use, petitioner has failed to carry his burden to demonstrate amisclassification.” Asheville Industries, Inc., 112 N.C. App. at 720-21, 436 S.E.2d at 877; see also Scovill Mfg. Co. v. Town of Wake Forest, 58 N.C. App. 15, 20, 293 S.E.2d 240, 244 (stating “[t]here has been no showing [by petitioner] that the extent of industrial use was insignificant as compared to any nonindustrial use”), disc. review denied, 306 N.C. 559, 294 S.E.2d 371 (1982). Thus, here petitioners had the burden to show that the extent of the use assigned to each challenged tract by respondent was insignificant as compared to uses other than the assigned use. We address petitioners’ contentions on this issue as to each tract.", "position": 8}, "4b15aec2-5537-415d-a25c-55b95c6b2d44": {"case_id": "d5dfbdff-c401-49f8-a01c-7675f75424dc", "opinion_id": "a0e078da-be02-4611-83ac-07d71d4b09a5", "text": "Subparagraph (C) requires cities and counties to amend their land use regulations so as to prevent approval of nonindustrial uses in RSIAs if approval will overload or degrade roads. Subparagraph (D) prohibits new nonindustrial uses. Subparagraph (E) imposes various specific requirements when lots of more than 50 acres in RSIAs are subdivided. Subparagraph (F) imposes specific limitations on expanding nonconforming, nonindustrial uses in RSIAs.", "position": 20}, "100e2a13-8518-41a7-97cd-70fc93afa75b": {"case_id": "d5dfbdff-c401-49f8-a01c-7675f75424dc", "opinion_id": "a0e078da-be02-4611-83ac-07d71d4b09a5", "text": "In sum, the amendments limit large retail, commercial, and medical facilities, limit the size of other nonindustrial uses, and allow division of large parcels only for uses compatible with large-parcel industrial developments. The purpose of the amendments, according to Metro, is\n“[t]o improve the region’s economic climate * * * by limiting the types and scale of non-industrial uses in Regionally Significant Industrial Areas * * *. Title 4 also seeks to provide the benefits of ‘clustering’ to those industries that operate more productively and efficiently in proximity to one another than in dispersed locations. Title 4 further seeks to protect the capacity and efficiency of the region’s transportation system * *", "position": 21}, "53f8262a-7630-4957-ab70-8f430611c3e8": {"case_id": "a5f2d361-9a47-4f73-b7a3-abb5cb7f7164", "opinion_id": "da3d4ba6-09d7-4cf7-a2fa-1c9b1cf26915", "text": "That reasoning obviates the need to address the city’s and PeaceHealth’s arguments concerning LUBA’s reliance on a list of nonindustrial uses that are allowed in the city’s industrial zones. In sum, LUBA erred in concluding that the ordinance is consistent with the Metro Plan.", "position": 33}, "d0c11496-3ebd-4594-bbd8-93ef2071cae9": {"case_id": "fe5002ff-a2b9-41d8-8aa3-821c0c1dffcc", "opinion_id": "10246f14-298f-4254-861f-61b86a1b23c0", "text": "The statute requires the municipality to classify the usage of lots and tracts for the purposes of the use test, not the usage of each individual acre in the proposed annexation area. In R.R. v. Hook, 261 N.C. 517, 135 S.E.2d 562 (1964), the Court found that it was error for the trial court to uphold the classification of a lot as being in industrial use where only approximately 10% of the tract was being used as a parking lot by the industrial owner of the tract. Id. at 520, 135 S.E.2d at 565 (“This user does not determine the character of the other 90% of the tract, which is undeveloped and serving no active industrial purpose”). In Scovill, this Court upheld the trial court’s conclusion that an entire tract was properly classified as industrial where “[t]here has been no showing that the extent of industrial use was insignificant as compared to any nonindustrial use.” Scovill, 58 N.C. App. at 20, 293 S.E.2d at 244. See also Asheville Industries, 112 N.C. App. at 721, 436 S.E.2d at 878 (finding that the industrial usage of a .79 acre easement was insignificant compared to the nonindustrial use of the entire 36.22 acre tract and that the property was incorrectly classified as industrial in use).", "position": 42}, "4a1faec9-9290-405d-ae87-bb3cd0ce26d9": {"case_id": "f7ec6fa0-1332-404a-91c9-e47c229e0a85", "opinion_id": "e3e2e1ea-f5aa-4508-99c1-d17b2dac7eed", "text": "Our Supreme Court has held that an area proposed for annexation is improperly classified as property in use for industrial purposes where there is no evidence that the land in question is being used either directly or indirectly for industrial purposes. Southern Railway Co. v. Hook, 261 N.C. 517, 135 S.E. 2d 562 (1964). When compliance with the statutory requirements is in doubt, the determination of whether an area is used for a purpose qualifying it for annexation will depend upon the particular facts of each case. Cf. Lithium Corporation of America, Inc. v. Town of Bessemer City, supra (municipal compliance with standards of G.S. 160-453.4(c)). Notwithstanding some rather ingenious arguments by petitioners, we find that the transmission of electrical power over this land by CP&L is an industrial activity for an urban use. We hold that when an area, such as in the present case, is used for an active industrial purpose, the land is properly classified as in industrial use within the meaning of the annexation statute. See Food Town Stores, Inc. v. City of Salisbury, 300 N.C. 21, 265 S.E. 2d 123 (1980); Adams-Millis Corp. v. Town of Kernersville, 6 N.C. App. 78, 169 S.E. 2d 496, cert. denied, 275 N.C. 681 (1969). Petitioners have made no showing that any portion of the land comprising the easement was not actually being used by CP&L for an industrial purpose. There has been no showing that the extent of industrial use was insignificant as compared to any nonindustrial use. As a result, petitioners have failed to carry their burden to demonstrate a misclassification of the land by respondents. Food Town Stores, Inc. v. City of Salisbury, supra. We find no merit in petitioners’ argument that respondents are estopped to have the proposed annexation area upheld as industrial since Wake Forest previously classified and advertised the property as “institutional.” Cf. Thompson v. City of Salisbury, 24 N.C. App. 616, 211 S.E. 2d 856, cert. denied, 287 N.C. 264, 214 S.E. 2d 436 (1975) (acreage zoned residential was properly classified under annexation statute as commercial). This assignment of error is overruled.", "position": 8}, "5b1fb9ef-3c9b-45fe-960c-76888d9c397d": {"case_id": "6c3cf1b4-ee45-4dbd-8fba-706cfbff2329", "opinion_id": "ffd26eeb-efbb-4b6f-ad58-047d38c95daf", "text": "Petitioners also argue in their second assignment of error that former lot 46 which is part of the Hicklin property was classified incorrectly as an industrial use. Our Supreme Court has held that an area proposed for annexation is improperly classified as property in use for industrial purposes where there is no evidence that the land in question is being used either directly or indirectly for industrial purposes. R. R. v. Hook, 261 N.C. 517, 135 S.E.2d 562 (1964). When compliance with the statutory requirements is in doubt, the determination of whether an area is used for a purpose qualifying it for annexation will depend upon the particular circumstances. Lithium Corp. v. Bessemer City, 261 N.C. 532, 135 S.E.2d 574 (1964). Where there has been no showing that the extent of industrial use was insignificant as compared to nonindustrial use, petitioner has failed to carry his burden to demonstrate a misclassification. Food Town Stores, Inc. v. City of Salisbury, 300 N.C. 21, 265 S.E.2d 123 (1980).", "position": 35}, "f8cb9bdc-1f93-4f0d-ae25-e4033167387a": {"case_id": "6c3cf1b4-ee45-4dbd-8fba-706cfbff2329", "opinion_id": "ffd26eeb-efbb-4b6f-ad58-047d38c95daf", "text": "Because we no longer consider the land as twenty separate lots but one large 36.22 acre tract, we find the industrial use of the property is insignificant compared to the nonindustrial use of the entire 36.22 acre tract, and therefore, the petitioners have carried their burden that the property was incorrectly classified as industrial in use.", "position": 37}, "494497dd-7992-463e-bf1d-f5ce29d3c58e": {"case_id": "d504c72b-fea4-44cf-a36b-2468f3ca5f6c", "opinion_id": "5c99af13-7071-46f5-bd9e-e1f41d3ec782", "text": "Construction necessarily requires heavy equipment to complete the improvements, such as bulldozers, dump trucks, and front-end loaders for clearing and grading of the land, as well as cranes to set trusses on the structure. Here, the record shows that the backhoe, front-end loader, and dump truck were also legally located on petitioners’ 3.2 acre tract, as petitioners legally operate a well drilling business on their property. The Board’s and majority’s focus is solely on the size and possible uses of the saw, not its actual use by petitioners. Their assertions are insufficient to prohibit petitioners’ nonindustrial use of their saw.", "position": 7}, "3e3fc454-5be7-42b8-b40e-c1ef963b52a2": {"case_id": "8895a034-ae81-4e27-aaa2-b2bc1dd72c90", "opinion_id": "1ea89208-6323-4c0b-b906-776bda1e060d", "text": "“(b) The regulations governing M-l and M-2 Districts are designed to: promote stability of industrial development; protect industrial development from uses incompatible and detrimental to industry; protect nonindustrial uses in areas adjacent to industrial districts; and to encourage industrial development in order to improve the basic economy of Union City and thus promote the health, safety, convenience, prosperity, and welfare.", "position": 16}, "79126128-6787-4828-8463-47325ee11947": {"case_id": "2cc24d6c-0f35-4f08-8bc5-ebb8bed10978", "opinion_id": "a96d544b-dbd3-4858-84c9-68203e2ccbdb", "text": "Industrial sites, while providing room for the most important source of income for our citizens, are usually the less favored in zoning laws, and if in those areas where industry is permitted to locate, other types of construction are permitted to encroach, industrial expansion would be stifled. Further, it is well recognized that certain areas are best suited for industry and if a municipality, having determined the total area required for industry within the community, can have its over-all plan defeated by the encroachment thereon of nonindustrial use, a proper governmental function might be destroyed and there would be no place for industry to go, while nonindustrial uses might have several choices.", "position": 11}, "94288607-963c-4c74-be20-2c76792aa1a4": {"case_id": "f462d7ad-9868-46ee-b013-3ba62152c7ec", "opinion_id": "63e16dea-de37-4577-a65e-c1ae2ce97f3b", "text": "Plaintiff argues that the addition of the new separate sentence quoted above indicates a desire of the General Assembly to remove the industrial requirement from the exemption. This court, however, does not believe that the addition of this separate sentence renders the grammatical analysis of the Supreme Court void with regard to the Golden Skillet holding. Construing the subsection as a whole, this court finds that this new sentence in no way modifies the intent of the originally analyzed language. The two versions of the section are identical, except for this one sentence. The court finds instead that this sentence speaks directly to the proportional use of a particular piece of equipment, when that equipment is used in both industrial manufacturing processes and nonindustrial uses. Thus, the new sentence addresses only mixed use equipment. Where the equipment has but one regular use, as in the present case, the new sentence is irrelevant.", "position": 14}, "edcf4fd7-d6eb-47bc-8c4e-057cec0aef6d": {"case_id": "d19db4c4-3483-41b4-b98d-ce3a78682095", "opinion_id": "f6df71ec-7b73-4289-9420-9dfe072d72d1", "text": "¶25 Similarly, Orr’s heirs cite a single Texas case for the proposition that “the original grantor of a deed containing restrictive covenants could enforce them, even when it no longer owned neighboring parcels.” Br. of Resp’ts at 15 (citing Voice of the Cornerstone Church Corp. v. Pizza Prop. Partners, 160 S.W.3d 657 (Tex. App. 2005)). In Cornerstone Church, Mobil Oil entered into a binding settlement agreement and an agreed order with the Texas Water Commission in 1992 because of past environmental contamination on its property. 160 S.W.3d at 662. Under the order, Mobil Oil and its successor, ExxonMobil, had continuing obligations to remediate pollution and to prohibit uses of the property that could create environmental risks. 160 S.W.3d at 662, 666. Thus, when Mobil Oil sold the property, it included restrictive covenants in the deed that prohibited nonindustrial uses, including Cornerstone’s church activities. 160 S.W.3d at 662. In the context of ExxonMobil’s continuing obligations under the agreement with the Texas Water Commission, the court suggested that ExxonMobil held an easement in gross and could enforce the restrictions because its “rights do not attach to a dominant estate.” 160 S.W.3d at 667. Cornerstone Church is inapposite here because Orr’s heirs have no legal obligation to enforce the restrictive covenants. We decline to further address section 8.1 of the Restatement (Third) of Property: Servitudes because its application involves the rights of adjacent landowners who are not parties to this action.", "position": 50}}